1.54,1.54,1.43,0.17,0.08
1.94,1.94,4.91,4.02,1.06
5.13,5.13,12.85,14.10,11.68
17.20,17.20,32.89,27.41,31.05
26.70,26.70,44.60,38.66,46.26
33.93,33.93,47.63,44.87,54.63
31.26,31.26,43.36,47.60,52.89
31.62,31.62,35.49,45.27,55.38
43.49,43.49,28.71,41.42,60.86
42.97,42.97,26.85,43.05,57.45
47.05,47.05,30.80,44.97,63.66
43.05,43.05,30.11,38.19,58.77
48.38,48.38,28.53,40.91,60.63
43.25,43.25,27.74,40.19,61.37
35.96,35.96,28.00,35.18,62.50
33.07,33.07,26.48,40.66,68.59
30.45,30.45,27.52,39.38,70.36
35.88,35.88,28.77,33.15,63.82
34.01,34.01,31.21,33.97,60.35
33.29,33.29,26.03,36.34,65.66
30.94,30.94,21.16,28.90,66.27
30.19,30.19,24.32,38.72,62.67
21.85,21.85,23.25,36.02,69.25
23.17,23.17,26.80,40.32,68.33
24.74,24.74,27.77,35.79,67.41
31.17,31.17,28.33,37.23,64.50
34.19,34.19,28.12,35.27,70.20
34.23,34.23,27.45,34.60,66.95
35.85,35.85,26.48,34.92,66.76
34.94,34.94,32.10,34.88,69.69
31.69,31.69,32.02,36.88,65.85
28.29,28.29,29.44,32.47,61.26
24.14,24.14,30.84,36.05,68.34
20.90,20.90,37.64,38.58,74.00
26.18,26.18,34.28,37.11,74.74
26.29,26.29,32.63,35.22,66.61
24.65,24.65,28.15,35.55,65.71
22.59,22.59,23.67,37.33,63.02
22.39,22.39,27.10,34.76,61.30
24.08,24.08,24.91,36.98,69.17
25.91,25.91,27.68,35.89,68.52
25.38,25.38,31.95,39.98,67.88
26.95,26.95,34.23,35.92,68.69
23.60,23.60,36.43,36.85,70.50
25.15,25.15,39.58,35.99,64.41
26.60,26.60,32.46,36.07,65.24
31.58,31.58,34.10,38.56,58.37
34.21,34.21,31.66,36.77,66.66
25.92,25.92,34.55,38.67,61.45
23.26,23.26,43.91,38.26,62.98
20.45,20.45,47.21,38.33,73.43
17.68,17.68,49.74,33.89,73.37
21.05,21.05,47.15,33.87,69.34
25.49,25.49,47.00,32.87,64.37
25.96,25.96,42.33,31.44,62.35
27.48,27.48,33.90,32.85,62.07
32.04,32.04,35.10,35.84,66.37
34.22,34.22,37.71,35.06,64.59
38.62,38.62,37.98,37.54,62.75
30.21,30.21,36.83,36.61,59.34
27.00,27.00,37.18,35.77,62.42
19.29,19.29,41.28,31.55,65.64
17.10,17.10,45.48,37.64,73.37
19.83,19.83,45.35,36.51,66.68
26.13,26.13,42.27,40.65,62.49
23.16,23.16,37.82,34.98,62.81
27.96,27.96,37.69,35.37,67.51
28.41,28.41,32.70,33.78,64.58
27.32,27.32,23.75,33.83,67.46
21.61,21.61,24.37,35.62,68.48
24.96,24.96,27.73,39.08,68.91
24.61,24.61,28.88,35.95,67.71
22.70,22.70,28.03,36.16,70.24
25.11,25.11,29.93,35.88,68.14
26.46,26.46,25.36,31.87,70.58
28.53,28.53,28.52,35.82,69.31
29.25,29.25,30.53,35.81,67.72
22.71,22.71,31.17,34.07,62.45
20.24,20.24,41.47,36.03,62.14
15.91,15.91,43.76,40.35,73.17
15.34,15.34,46.05,38.70,73.69
19.93,19.93,42.98,37.14,71.46
25.59,25.59,39.96,39.91,67.43
26.38,26.38,35.07,38.05,61.55
25.76,25.76,34.36,35.54,61.10
23.94,23.94,27.11,37.42,69.37
26.13,26.13,27.42,33.29,70.72
27.19,27.19,27.36,36.81,68.28
26.18,26.18,33.01,34.02,67.49
26.55,26.55,36.35,34.51,69.68
25.97,25.97,39.34,31.88,69.51
26.42,26.42,34.97,32.56,64.47
29.26,29.26,35.12,31.90,58.09
31.22,31.22,34.56,38.15,65.26
30.33,30.33,30.66,35.07,63.91
25.75,25.75,39.28,31.00,59.95
17.35,17.35,46.90,31.98,69.47
11.38,11.38,49.96,33.79,74.25
13.56,13.56,46.55,31.14,70.97
18.87,18.87,46.42,33.54,67.37
21.72,21.72,40.02,27.69,63.45
23.77,23.77,38.47,29.97,58.64
27.50,27.50,36.05,32.29,63.37
28.64,28.64,34.74,36.28,63.80
32.04,32.04,36.40,37.33,59.43
30.95,30.95,38.80,34.58,61.44
27.96,27.96,33.91,38.04,60.07
18.79,18.79,37.40,31.13,61.93
8.46,8.46,40.61,38.39,69.89
7.34,7.34,45.78,39.91,70.41
10.08,10.08,40.74,40.20,66.97
14.71,14.71,41.04,38.17,63.40
20.06,20.06,38.01,37.84,63.03
19.01,19.01,36.94,33.25,63.21
15.66,15.66,29.67,38.71,67.45
13.69,13.69,23.39,37.19,70.05
13.69,13.69,21.07,38.91,69.09
11.95,11.95,25.48,37.80,68.47
16.23,16.23,29.12,39.31,69.64
17.97,17.97,36.46,33.75,70.35
16.59,16.59,40.10,35.42,69.63
16.36,16.36,38.92,38.41,70.68
14.27,14.27,42.26,33.60,59.76
8.97,8.97,37.07,32.35,63.45
10.07,10.07,31.38,37.24,74.57
13.85,13.85,31.86,36.77,74.72
17.52,17.52,32.77,36.15,70.18
19.03,19.03,33.00,37.05,67.28
15.13,15.13,28.72,35.83,62.04
17.29,17.29,33.11,35.24,62.53
18.27,18.27,27.54,37.04,70.33
18.70,18.70,27.99,34.40,69.48
21.49,21.49,29.31,37.36,69.86
20.14,20.14,30.67,34.75,68.75
20.32,20.32,35.33,36.65,71.86
17.23,17.23,39.58,35.33,68.48
18.67,18.67,36.48,34.40,65.49
22.79,22.79,37.38,30.38,58.61
25.46,25.46,35.36,36.77,64.63
23.75,23.75,28.26,35.19,62.04
18.45,18.45,39.88,32.24,61.91
15.89,15.89,44.64,33.48,69.23
16.48,16.48,46.52,34.57,74.67
16.83,16.83,43.60,34.07,70.11
14.73,14.73,44.99,35.02,68.11
12.59,12.59,44.11,28.41,61.59
12.84,12.84,39.19,29.52,60.76
15.56,15.56,38.42,34.01,62.93
14.76,14.76,38.91,38.35,63.44
15.92,15.92,36.69,39.59,61.57
15.91,15.91,38.11,35.11,60.80
14.85,14.85,36.66,38.93,62.35
11.29,11.29,35.36,35.78,61.53
9.47,9.47,39.26,42.43,72.16
11.46,11.46,43.29,42.65,71.15
15.26,15.26,38.90,43.75,68.41
17.58,17.58,42.17,39.71,63.33
17.00,17.00,37.34,36.84,64.84
14.59,14.59,37.14,36.69,63.83
16.85,16.85,31.38,42.78,67.74
16.71,16.71,25.74,40.41,68.36
13.79,13.79,27.17,42.42,69.86
9.98,9.98,27.93,42.07,70.01
8.05,8.05,27.37,42.49,71.81
12.94,12.94,32.81,40.48,69.93
16.58,16.58,31.42,39.98,69.16
16.33,16.33,23.38,42.23,71.63
18.98,18.98,24.91,36.95,70.72
17.30,17.30,25.93,37.25,62.87
13.95,13.95,31.48,32.59,61.80
9.70,9.70,35.47,42.51,69.64
9.55,9.55,38.41,43.69,74.38
13.88,13.88,37.77,42.32,71.38
15.88,15.88,35.21,46.03,70.05
16.85,16.85,32.91,37.49,64.04
17.05,17.05,34.88,39.44,62.45
19.87,19.87,36.30,43.60,65.42
19.88,19.88,28.79,39.63,69.48
20.12,20.12,25.21,42.16,70.90
18.23,18.23,29.20,38.77,70.12
18.54,18.54,30.97,37.99,68.72
19.39,19.39,30.78,37.65,72.41
20.37,20.37,34.86,36.06,68.04
24.48,24.48,35.61,30.82,62.41
24.80,24.80,34.28,36.86,63.48
24.86,24.86,29.89,31.22,63.11
20.08,20.08,28.64,31.19,58.96
16.73,16.73,38.87,36.08,62.40
12.59,12.59,42.54,35.27,75.90
15.80,15.80,40.59,34.48,73.41
16.39,16.39,41.63,32.64,69.72
14.72,14.72,37.37,28.96,64.73
11.04,11.04,33.49,31.63,61.40
13.91,13.91,37.83,32.81,60.88
17.29,17.29,34.52,38.88,64.14
18.92,18.92,35.59,33.36,62.80
19.56,19.56,38.23,38.13,61.72
20.36,20.36,34.29,37.57,62.33
18.65,18.65,32.16,37.55,63.81
14.29,14.29,33.94,39.24,67.82
9.84,9.84,36.10,46.74,73.68
11.68,11.68,35.54,45.47,70.39
17.93,17.93,37.64,45.69,66.63
15.98,15.98,31.46,37.55,63.27
15.19,15.19,34.29,35.77,64.98
15.05,15.05,30.29,43.73,66.05
13.60,13.60,26.15,45.98,69.41
15.19,15.19,29.19,47.77,70.91
12.98,12.98,24.61,45.32,70.66
10.64,10.64,26.31,46.80,69.48
11.76,11.76,29.16,48.21,72.38
13.89,13.89,32.10,45.72,71.50
19.25,19.25,30.43,44.14,70.71
22.87,22.87,31.04,43.42,71.39
20.37,20.37,29.91,41.45,67.87
18.37,18.37,27.37,35.07,59.94
16.74,16.74,30.28,39.00,62.48
15.45,15.45,33.86,50.12,76.09
18.40,18.40,36.25,51.16,75.19
19.48,19.48,36.13,49.34,70.58
15.83,15.83,35.65,45.83,66.20
13.07,13.07,35.19,43.71,59.70
13.42,13.42,35.83,43.04,60.95
22.68,22.68,34.11,48.83,68.80
28.30,28.30,35.09,49.72,70.62
28.21,28.21,35.49,46.38,69.70
28.32,28.32,37.59,45.54,71.79
27.71,27.71,37.46,45.22,70.88
27.81,27.81,38.36,44.27,70.29
27.23,27.23,39.80,36.90,66.47
26.58,26.58,41.17,32.96,63.62
25.24,25.24,39.81,36.32,65.17
19.99,19.99,31.23,34.39,62.25
15.07,15.07,32.76,36.36,60.97
14.71,14.71,36.92,35.12,70.69
17.29,17.29,37.14,37.46,75.62
22.46,22.46,38.93,32.94,71.60
23.19,23.19,39.68,37.40,69.49
15.23,15.23,36.37,32.36,61.48
13.55,13.55,38.44,36.15,58.97
19.74,19.74,41.55,39.10,64.37
27.79,27.79,39.35,36.07,65.12
30.90,30.90,43.55,37.88,63.24
28.12,28.12,41.07,37.61,63.90
29.20,29.20,39.81,42.07,65.26
26.61,26.61,39.39,40.28,63.61
21.70,21.70,39.04,50.95,74.10
20.10,20.10,40.74,52.44,73.16
20.30,20.30,40.45,51.98,68.86
19.15,19.15,41.15,45.96,64.40
19.43,19.43,36.55,40.16,63.24
19.40,19.40,35.67,42.57,63.34
23.97,23.97,38.36,52.87,70.37
25.34,25.34,41.34,55.27,70.32
26.79,26.79,41.93,51.92,69.86
22.52,22.52,34.33,53.29,71.79
21.28,21.28,30.36,53.95,70.47
23.23,23.23,33.01,53.46,69.91
23.54,23.54,33.24,54.80,71.11
28.01,28.01,36.16,54.78,71.95
29.11,29.11,35.87,50.46,70.67
26.07,26.07,33.49,43.21,62.51
24.19,24.19,34.92,42.41,61.58
19.05,19.05,37.07,46.87,70.93
16.79,16.79,39.64,54.88,75.67
19.67,19.67,43.46,49.42,72.39
21.06,21.06,44.04,52.81,71.55
17.09,17.09,36.83,43.29,60.59
20.38,20.38,32.71,42.69,60.74
23.82,23.82,38.52,54.77,67.55
25.00,25.00,40.80,55.90,71.25
22.39,22.39,41.36,55.40,70.44
21.51,21.51,42.21,55.72,71.52
19.57,19.57,44.22,55.60,70.93
20.40,20.40,44.28,55.73,72.70
19.19,19.19,43.69,50.35,70.55
22.99,22.99,45.68,38.13,67.31
26.77,26.77,46.12,39.27,66.96
24.89,24.89,40.03,38.65,64.20
20.27,20.27,34.34,35.55,60.17
16.63,16.63,38.87,37.36,63.80
16.73,16.73,46.09,37.94,77.21
14.69,14.69,50.17,39.60,73.81
17.90,17.90,51.23,37.15,71.72
18.46,18.46,46.19,35.91,65.27
19.02,19.02,40.62,35.91,59.25
23.35,23.35,43.93,37.14,60.54
28.43,28.43,44.80,41.09,64.27
29.13,29.13,49.93,35.61,64.91
29.03,29.03,50.37,41.40,64.92
28.66,28.66,49.99,38.96,64.59
26.02,26.02,51.37,40.48,66.17
20.93,20.93,51.26,46.93,70.40
15.95,15.95,46.75,53.71,75.88
17.59,17.59,47.17,49.21,70.72
20.56,20.56,44.95,51.65,70.59
23.39,23.39,42.21,44.19,61.98
18.03,18.03,37.77,43.33,61.63
20.04,20.04,42.04,54.59,67.01
20.11,20.11,43.62,57.78,70.99
23.74,23.74,45.26,55.35,71.95
23.26,23.26,45.11,56.13,71.68
21.06,21.06,39.13,57.41,70.41
22.62,22.62,39.25,57.44,72.37
23.53,23.53,41.07,57.34,71.32
26.73,26.73,45.13,55.94,71.93
31.87,31.87,45.73,54.37,71.32
31.13,31.13,43.92,50.95,67.60
31.01,31.01,43.46,39.12,61.97
22.98,22.98,46.12,40.68,63.25
10.80,10.80,50.92,50.98,77.29
8.05,8.05,57.37,51.98,75.17
15.20,15.20,57.11,48.61,72.42
20.82,20.82,46.84,44.63,65.53
20.57,20.57,37.72,43.22,60.02
20.38,20.38,38.54,47.41,63.07
19.17,19.17,42.37,58.10,70.54
15.47,15.47,41.77,60.97,71.25
14.37,14.37,45.45,59.91,71.67
13.72,13.72,46.00,60.29,72.14
11.13,11.13,46.52,60.06,73.26
14.01,14.01,42.90,58.57,72.83
16.29,16.29,44.69,44.90,70.45
21.05,21.05,47.53,39.14,69.46
23.70,23.70,47.57,35.59,68.14
20.94,20.94,41.54,36.99,62.25
17.53,17.53,41.71,39.30,61.88
14.97,14.97,50.51,36.04,72.17
14.29,14.29,58.49,35.68,76.39
19.74,19.74,62.24,29.15,73.58
20.65,20.65,58.90,29.39,70.20
17.91,17.91,46.75,28.16,60.39
20.16,20.16,42.21,32.44,60.01
24.92,24.92,45.06,37.16,65.47
21.42,21.42,44.46,33.55,67.07
21.87,21.87,46.03,33.86,68.24
21.72,21.72,46.46,28.84,67.17
20.45,20.45,47.67,39.18,68.56
18.68,18.68,45.71,38.64,69.03
16.73,16.73,46.01,47.14,77.97
14.95,14.95,49.01,48.54,74.29
19.13,19.13,50.24,46.67,71.46
21.68,21.68,46.42,43.63,64.95
21.49,21.49,40.97,41.77,61.50
22.43,22.43,44.57,47.90,62.37
18.65,18.65,53.65,60.77,70.92
14.66,14.66,54.83,62.47,71.22
17.78,17.78,57.93,60.25,71.62
16.89,16.89,50.26,61.11,71.53
19.58,19.58,46.29,60.46,70.54
19.60,19.60,46.15,61.67,71.05
15.71,15.71,47.45,61.24,71.48
15.13,15.13,52.18,60.50,72.13
20.49,20.49,50.75,54.99,69.23
23.85,23.85,50.28,44.47,64.55
18.32,18.32,53.40,42.05,64.73
14.84,14.84,56.67,50.28,73.36
8.75,8.75,60.34,54.26,75.32
8.87,8.87,63.60,47.40,73.57
15.92,15.92,61.22,49.25,70.18
19.98,19.98,49.49,42.44,60.71
17.99,17.99,46.09,44.03,60.98
20.31,20.31,54.77,60.89,67.31
18.32,18.32,58.66,65.52,70.96
13.84,13.84,61.23,64.53,71.34
15.67,15.67,59.50,64.55,71.28
16.40,16.40,61.25,64.22,70.94
11.22,11.22,62.65,64.18,73.74
7.84,7.84,60.38,56.13,70.73
10.00,10.00,63.08,43.40,68.86
13.81,13.81,62.66,42.25,67.60
12.70,12.70,58.43,36.29,60.30
9.08,9.08,54.96,34.42,52.58
16.68,16.68,63.19,35.54,53.80
20.65,20.65,90.90,33.36,54.28
24.71,24.71,93.91,30.47,48.75
31.08,31.08,92.53,29.46,52.95
34.29,34.29,90.37,31.72,54.64
33.09,33.09,90.43,26.81,54.20
33.19,33.19,84.89,28.98,55.64
34.42,34.42,85.14,26.05,55.96
36.77,36.77,80.28,27.26,57.95
32.64,32.64,78.94,34.16,59.61
27.49,27.49,72.49,42.36,62.58
22.45,22.45,68.48,51.84,65.84
16.24,16.24,65.28,62.24,73.38
16.05,16.05,62.90,66.62,75.55
16.23,16.23,64.71,57.93,73.38
14.05,14.05,59.08,55.86,70.11
8.35,8.35,52.38,48.87,61.61
6.53,6.53,55.15,47.84,62.14
24.79,24.79,72.02,62.34,69.60
23.51,23.51,69.74,65.81,70.65
20.29,20.29,70.57,63.78,69.72
10.04,10.04,70.65,65.01,71.85
11.05,11.05,68.91,64.35,68.77
12.46,12.46,71.23,62.29,67.15
17.77,17.77,88.59,61.86,65.05
8.05,8.05,92.82,59.78,65.24
12.83,12.83,91.64,60.66,64.88
17.37,17.37,92.57,56.41,66.41
14.71,14.71,87.61,52.89,62.26
12.56,12.56,86.57,54.97,65.26
12.78,12.78,83.87,65.96,74.07
9.17,9.17,79.91,61.23,72.12
10.13,10.13,78.65,59.16,71.03
6.74,6.74,72.86,49.71,64.25
6.24,6.24,71.08,50.18,60.63
19.26,19.26,69.26,58.33,66.17
25.60,25.60,72.72,67.71,70.19
17.28,17.28,70.93,67.94,69.56
19.46,19.46,71.79,67.78,69.28
21.36,21.36,72.37,66.57,70.63
12.46,12.46,71.52,68.53,70.80
6.80,6.80,71.21,66.97,71.24
8.83,8.83,70.93,55.36,68.19
12.88,12.88,70.29,46.87,65.98
10.58,10.58,68.09,45.31,65.43
9.69,9.69,59.42,38.86,61.32
13.53,13.53,60.13,36.85,54.86
15.14,15.14,84.21,40.56,53.67
10.56,10.56,92.05,35.21,51.37
15.21,15.21,94.99,34.06,51.52
19.62,19.62,91.72,33.72,55.77
18.08,18.08,89.91,27.44,56.74
27.36,27.36,89.18,19.55,56.61
29.88,29.88,83.52,26.21,68.70
28.36,28.36,84.34,28.90,61.64
23.64,23.64,78.16,32.18,62.41
23.15,23.15,77.09,42.14,63.38
18.15,18.15,71.25,47.93,65.61
17.15,17.15,68.65,56.05,66.15
16.49,16.49,64.53,69.95,75.92
14.55,14.55,63.58,63.37,72.88
14.56,14.56,61.90,62.05,71.85
8.89,8.89,59.02,50.98,64.54
6.79,6.79,55.46,52.40,60.82
11.05,11.05,65.69,62.43,64.68
28.47,28.47,72.67,65.61,72.22
24.65,24.65,71.01,65.49,70.23
18.38,18.38,70.56,66.08,70.87
8.00,8.00,67.69,63.83,69.38
2.38,2.38,68.62,64.13,69.68
2.11,2.11,81.98,63.94,68.05
4.01,4.01,91.28,62.94,65.57
4.52,4.52,92.07,60.98,67.69
11.31,11.31,91.40,59.00,68.75
9.66,9.66,91.30,53.84,66.04
6.62,6.62,86.18,54.04,63.26
6.71,6.71,87.10,66.12,69.06
8.36,8.36,81.43,69.13,71.75
9.95,9.95,78.91,63.08,70.73
8.27,8.27,75.95,59.56,67.87
4.58,4.58,72.02,48.40,60.06
11.31,11.31,69.87,50.19,59.86
31.15,31.15,72.55,67.35,71.15
14.03,14.03,70.83,68.84,70.74
4.14,4.14,71.52,68.51,69.55
4.19,4.19,70.48,67.71,70.49
10.54,10.54,69.52,70.05,71.02
12.16,12.16,69.66,66.94,71.72
13.26,13.26,68.78,61.12,69.93
11.79,11.79,68.62,46.17,68.32
10.52,10.52,68.74,44.63,67.49
10.03,10.03,63.66,41.13,64.58
6.47,6.47,59.41,40.37,58.74
12.91,12.91,69.96,41.85,58.41
20.47,20.47,90.08,40.27,53.56
20.88,20.88,92.89,37.21,48.85
29.59,29.59,94.38,35.50,54.39
31.74,31.74,89.39,32.14,54.69
34.44,34.44,89.52,27.67,56.94
36.87,36.87,85.67,32.14,56.75
34.84,34.84,83.83,33.85,57.97
30.28,30.28,81.63,34.21,58.09
30.01,30.01,76.15,38.53,60.35
26.04,26.04,74.42,42.48,64.58
18.58,18.58,69.10,50.58,66.27
12.26,12.26,67.77,66.95,71.69
8.55,8.55,62.06,70.25,74.36
7.10,7.10,62.72,67.34,71.33
8.11,8.11,58.71,61.81,68.66
8.00,8.00,55.45,55.80,61.41
7.63,7.63,59.29,58.00,58.77
22.76,22.76,70.90,66.46,71.70
28.66,28.66,70.15,66.43,70.43
24.80,24.80,69.20,66.63,70.66
19.29,19.29,68.89,66.68,71.52
4.66,4.66,66.98,67.35,69.03
8.24,8.24,72.31,66.09,67.30
13.44,13.44,90.23,65.14,66.62
6.61,6.61,93.05,62.09,65.53
9.36,9.36,91.31,63.27,66.41
12.95,12.95,91.23,58.24,66.07
14.98,14.98,88.07,57.59,65.11
13.20,13.20,84.98,59.04,65.99
15.79,15.79,85.35,70.82,72.18
20.05,20.05,78.58,64.54,71.45
9.95,9.95,79.31,62.77,71.86
7.03,7.03,71.91,50.60,63.18
5.01,5.01,70.81,51.23,61.41
16.29,16.29,72.31,62.81,67.08
19.54,19.54,72.90,69.21,70.59
10.49,10.49,72.92,69.90,69.22
13.02,13.02,71.19,69.23,68.99
21.53,21.53,71.85,69.39,69.28
18.57,18.57,71.27,70.27,71.52
13.91,13.91,70.53,67.18,71.09
13.30,13.30,71.29,54.49,69.16
11.50,11.50,71.50,47.83,68.84
11.38,11.38,67.88,45.47,67.03
10.34,10.34,60.35,39.98,62.38
17.78,17.78,61.01,40.83,59.42
17.02,17.02,85.51,44.13,57.36
12.91,12.91,93.12,40.53,53.20
19.80,19.80,94.32,36.64,53.68
22.85,22.85,92.47,34.54,58.66
22.45,22.45,88.78,30.78,59.32
27.97,27.97,89.44,33.02,60.81
33.94,33.94,83.08,33.40,69.43
28.56,28.56,83.97,27.79,63.54
26.66,26.66,78.14,36.94,62.18
30.31,30.31,75.32,42.17,63.85
25.12,25.12,71.11,51.52,65.64
18.30,18.30,69.58,59.65,67.68
17.58,17.58,65.82,72.93,75.11
11.99,11.99,66.03,66.61,71.83
8.52,8.52,62.46,65.33,71.40
11.74,11.74,56.91,55.65,64.23
9.61,9.61,56.42,55.49,61.45
22.62,22.62,67.08,64.41,67.38
28.04,28.04,72.16,67.41,71.88
24.71,24.71,70.57,67.37,71.51
6.46,6.46,69.99,67.34,71.51
2.05,2.05,67.43,66.09,68.56
8.11,8.11,68.95,66.76,68.42
17.95,17.95,83.89,64.14,68.85
9.82,9.82,92.42,66.16,65.00
11.00,11.00,92.60,65.17,66.23
12.56,12.56,90.43,57.69,67.38
11.45,11.45,91.54,53.50,65.64
10.02,10.02,86.18,56.74,63.26
8.13,8.13,85.09,70.55,70.37
9.67,9.67,83.25,68.83,71.73
12.93,12.93,78.10,66.46,71.01
11.70,11.70,76.75,59.50,67.37
9.45,9.45,70.04,52.62,62.00
8.72,8.72,70.73,53.33,64.19
27.58,27.58,72.32,70.32,71.82
22.50,22.50,71.03,70.93,70.39
19.20,19.20,71.45,69.75,68.70
20.09,20.09,70.68,69.92,71.25
14.77,14.77,70.78,70.76,70.63
12.79,12.79,70.87,67.80,71.32
11.18,11.18,69.82,61.92,70.26
16.67,16.67,69.36,51.82,70.40
18.59,18.59,68.38,50.34,69.31
19.01,19.01,62.51,47.31,63.96
13.30,13.30,62.60,41.92,60.33
23.64,23.64,74.68,47.42,60.09
21.93,21.93,90.93,44.44,51.34
20.58,20.58,92.25,41.13,49.23
29.84,29.84,94.15,42.00,54.89
31.00,31.00,89.94,39.11,55.55
32.21,32.21,87.29,39.94,55.36
34.50,34.50,86.65,40.71,56.59
30.84,30.84,82.14,42.99,60.10
30.29,30.29,82.70,43.21,64.37
29.10,29.10,76.26,48.23,66.16
25.55,25.55,74.37,47.85,68.21
17.66,17.66,67.61,57.06,67.76
15.19,15.19,65.16,68.53,73.27
15.80,15.80,63.77,70.54,75.39
10.45,10.45,63.15,67.50,73.51
3.76,3.76,58.92,62.26,70.31
6.94,6.94,55.90,57.23,65.72
12.08,12.08,60.38,55.98,64.38
31.56,31.56,72.57,69.71,73.01
24.77,24.77,70.70,67.70,71.11
25.42,25.42,71.07,68.78,71.88
17.42,17.42,69.12,68.42,71.64
10.10,10.10,68.49,68.94,69.08
8.69,8.69,74.91,65.78,68.39
16.02,16.02,90.80,63.53,67.52
12.41,12.41,92.75,62.30,66.16
13.95,13.95,91.70,63.04,66.92
13.53,13.53,90.14,53.11,65.79
7.76,7.76,89.79,54.36,64.79
9.60,9.60,84.64,62.62,67.62
13.05,13.05,85.10,73.47,70.32
17.79,17.79,78.66,70.01,71.64
10.54,10.54,78.92,69.48,71.44
7.53,7.53,72.30,60.88,68.15
14.49,14.49,68.83,57.90,67.34
25.04,25.04,72.93,65.79,70.74
21.29,21.29,72.91,69.59,70.20
22.18,22.18,72.70,71.30,70.31
19.76,19.76,71.35,67.88,71.88
14.96,14.96,71.00,69.88,71.65
19.49,19.49,71.07,71.00,71.28
20.79,20.79,71.65,68.44,72.46
11.63,11.63,70.75,56.57,70.46
18.04,18.04,70.21,54.56,71.63
15.83,15.83,66.77,51.71,70.12
11.16,11.16,62.31,48.51,69.33
14.83,14.83,64.51,51.16,63.99
14.41,14.41,88.75,53.14,56.56
15.16,15.16,93.71,47.57,53.14
19.94,19.94,92.45,45.13,57.30
22.78,22.78,93.94,45.12,60.91
22.39,22.39,88.60,37.98,61.54
31.40,31.40,88.27,41.54,64.68
33.66,33.66,84.39,43.06,66.27
28.11,28.11,81.44,37.89,65.79
28.70,28.70,78.57,37.63,68.40
30.25,30.25,74.90,43.17,70.03
26.18,26.18,71.48,48.76,67.85
20.69,20.69,68.13,57.48,70.70
21.66,21.66,65.05,69.22,77.34
19.79,19.79,65.37,65.06,75.24
17.07,17.07,64.21,60.93,74.37
15.71,15.71,57.43,56.46,68.67
8.87,8.87,58.48,52.90,66.74
27.61,27.61,69.46,66.33,72.52
23.77,23.77,72.51,65.25,73.45
12.05,12.05,73.09,69.84,72.45
24.05,24.05,72.17,67.64,72.91
16.43,16.43,68.82,64.12,69.33
9.01,9.01,69.94,65.07,71.78
5.42,5.42,87.07,61.71,70.21
4.73,4.73,90.93,62.14,67.96
8.55,8.55,93.73,62.08,68.03
13.40,13.40,90.24,56.83,68.06
12.42,12.42,89.89,47.34,65.70
13.10,13.10,87.88,55.91,66.65
11.72,11.72,83.89,72.96,72.14
13.62,13.62,83.55,71.70,73.21
17.85,17.85,76.27,67.13,73.45
10.12,10.12,76.93,64.40,72.23
9.16,9.16,69.33,61.89,71.85
18.80,18.80,71.04,63.56,71.23
27.73,27.73,73.54,72.08,72.16
20.01,20.01,71.45,70.84,72.08
26.86,26.86,72.24,70.21,71.65
12.75,12.75,71.31,72.00,72.40
10.73,10.73,70.57,71.94,73.84
12.19,12.19,71.18,68.29,72.40
15.95,15.95,70.70,61.78,72.20
23.98,23.98,70.45,57.16,75.00
26.15,26.15,70.41,55.40,74.54
22.27,22.27,64.04,52.35,68.80
19.43,19.43,65.14,53.05,64.95
24.43,24.43,78.22,51.83,63.07
23.61,23.61,91.36,52.46,57.56
27.40,27.40,92.68,45.14,55.03
32.49,32.49,92.78,45.07,57.24
35.01,35.01,91.67,40.68,61.32
37.27,37.27,86.74,47.18,65.91
33.83,33.83,87.59,47.75,65.55
33.58,33.58,81.51,48.00,66.85
32.35,32.35,82.17,46.60,65.94
31.65,31.65,75.51,47.64,70.22
29.31,29.31,73.54,53.46,72.11
23.89,23.89,71.25,60.07,72.49
26.29,26.29,67.74,73.98,72.63
27.07,27.07,63.53,73.55,73.72
32.77,32.77,62.43,70.96,73.33
30.68,30.68,59.95,65.38,73.04
38.80,38.80,56.58,60.88,72.02
38.19,38.19,60.17,60.32,67.20
27.27,27.27,71.59,71.70,73.93
14.29,14.29,70.67,70.91,75.70
16.30,16.30,70.53,67.63,74.60
17.59,17.59,66.91,69.88,73.20
16.76,16.76,68.16,67.62,72.06
14.76,14.76,76.20,67.81,72.22
18.08,18.08,90.07,63.48,67.92
21.47,21.47,93.34,63.54,67.16
27.09,27.09,92.83,63.67,69.12
27.96,27.96,88.92,53.60,68.88
25.96,25.96,89.98,56.30,68.43
25.11,25.11,85.17,66.25,70.62
24.01,24.01,83.43,73.93,72.51
21.25,21.25,80.16,70.05,73.99
19.40,19.40,77.17,68.29,75.40
20.07,20.07,73.69,60.48,73.55
19.79,19.79,68.97,58.95,67.44
25.93,25.93,73.66,68.06,73.64
21.58,21.58,72.57,72.29,73.32
17.00,17.00,72.44,71.94,72.38
17.32,17.32,71.85,73.08,73.01
22.28,22.28,70.79,72.89,72.36
23.65,23.65,71.83,72.96,76.14
20.17,20.17,71.32,67.52,74.96
22.91,22.91,71.29,57.87,73.31
22.45,22.45,71.10,54.04,72.40
22.73,22.73,67.79,46.69,76.26
22.30,22.30,62.66,46.08,76.06
23.16,23.16,65.71,50.93,66.34
25.00,25.00,91.02,48.09,58.87
22.21,22.21,93.63,44.58,62.16
29.67,29.67,91.84,42.94,60.91
29.38,29.38,93.15,43.77,59.32
31.82,31.82,88.68,40.99,63.07
33.48,33.48,86.46,44.85,70.39
30.73,30.73,85.40,43.72,73.17
30.38,30.38,80.34,41.65,68.08
30.33,30.33,80.09,43.27,71.95
25.21,25.21,73.47,50.32,74.38
23.80,23.80,71.99,56.48,74.49
16.27,16.27,69.05,64.99,72.40
17.45,17.45,65.75,74.43,76.68
14.26,14.26,65.44,71.93,77.20
15.83,15.83,62.56,66.83,76.78
17.93,17.93,58.67,57.82,71.01
15.75,15.75,59.91,59.27,73.43
15.20,15.20,68.90,69.29,76.97
19.63,19.63,70.48,69.97,74.85
10.91,10.91,69.80,69.99,72.43
23.79,23.79,68.79,69.14,74.29
32.33,32.33,67.87,70.66,76.11
34.36,34.36,70.74,67.32,72.34
28.80,28.80,86.12,65.91,69.81
16.78,16.78,91.22,61.48,68.16
11.43,11.43,93.83,60.32,69.66
18.09,18.09,90.98,56.19,69.60
15.70,15.70,87.61,51.00,68.88
18.96,18.96,88.90,57.07,70.64
18.03,18.03,82.77,73.62,74.13
22.11,22.11,83.73,70.11,74.29
29.27,29.27,77.07,65.22,74.58
29.82,29.82,76.11,63.37,76.05
21.82,21.82,70.32,55.14,74.08
20.60,20.60,69.64,61.70,71.85
22.64,22.64,72.61,70.21,74.25
24.18,24.18,71.97,72.20,75.90
24.36,24.36,70.96,70.11,74.55
27.31,27.31,70.48,72.07,74.14
25.65,25.65,70.04,70.29,76.07
23.39,23.39,70.98,71.84,76.38
19.68,19.68,70.29,61.60,73.77
23.57,23.57,70.63,53.73,75.17
23.40,23.40,68.68,49.59,76.48
19.56,19.56,64.23,48.04,75.68
15.24,15.24,66.01,49.19,68.49
22.27,22.27,82.39,57.46,68.29
27.28,27.28,92.59,57.15,62.07
35.69,35.69,93.07,54.39,59.59
41.68,41.68,91.97,55.95,63.47
39.52,39.52,92.03,57.01,69.90
34.45,34.45,89.95,64.63,67.97
29.76,29.76,86.75,67.38,66.94
27.18,27.18,86.95,71.60,73.97
24.56,24.56,86.31,75.35,77.62
23.09,23.09,79.40,78.65,75.23
23.77,23.77,76.79,81.41,71.61
19.06,19.06,73.05,81.89,76.73
21.75,21.75,77.99,83.99,77.10
27.78,27.78,82.40,77.79,71.30
32.42,32.42,78.55,73.01,73.02
33.04,33.04,74.37,71.11,75.69
31.95,31.95,68.69,69.83,68.72
32.73,32.73,67.00,73.25,71.62
22.06,22.06,72.34,78.69,77.61
18.95,18.95,68.02,82.05,75.22
25.24,25.24,69.91,82.68,73.92
31.38,31.38,67.85,81.87,75.96
31.07,31.07,74.01,75.52,74.88
23.84,23.84,81.95,76.56,69.90
17.04,17.04,90.91,72.76,67.54
14.62,14.62,92.46,60.28,69.13
17.44,17.44,94.14,61.85,70.53
25.48,25.48,90.84,53.80,68.36
41.38,41.38,88.50,57.46,72.39
43.35,43.35,89.08,61.70,74.87
37.11,37.11,86.68,69.79,75.90
45.02,45.02,83.38,68.82,76.12
46.33,46.33,80.61,65.11,77.88
43.23,43.23,75.46,64.41,72.31
44.30,44.30,69.24,64.46,73.69
41.14,41.14,75.29,74.36,76.45
32.45,32.45,83.69,75.16,72.22
32.20,32.20,80.33,81.31,71.76
29.44,29.44,76.25,78.67,76.72
24.52,24.52,73.19,83.20,76.89
30.43,30.43,70.89,76.82,73.16
43.21,43.21,70.56,82.16,75.19
42.70,42.70,70.66,76.71,76.42
34.37,34.37,69.93,74.35,73.13
35.19,35.19,65.68,75.44,75.08
32.77,32.77,65.58,67.99,78.99
35.46,35.46,70.31,63.91,70.35
38.68,38.68,91.99,59.38,58.94
45.42,45.42,93.30,57.08,67.50
32.84,32.84,93.01,58.05,63.40
27.99,27.99,91.27,56.50,62.50
25.44,25.44,91.90,60.71,71.59
28.11,28.11,88.05,65.61,75.06
28.19,28.19,85.58,65.55,72.99
18.48,18.48,86.83,69.47,77.34
22.70,22.70,82.74,71.78,75.47
22.07,22.07,76.54,77.30,72.58
21.72,21.72,73.09,77.63,76.39
21.67,21.67,72.10,83.06,77.01
26.33,26.33,82.24,78.21,72.13
25.62,25.62,80.69,72.48,75.19
34.93,34.93,76.19,69.26,75.17
33.66,33.66,71.64,66.45,68.00
20.21,20.21,68.20,72.14,74.03
17.08,17.08,72.21,75.85,77.17
19.33,19.33,72.67,83.75,74.66
24.93,24.93,70.91,80.95,75.36
27.60,27.60,69.48,81.81,75.76
34.34,34.34,68.96,80.64,73.26
29.33,29.33,77.94,82.68,71.31
17.52,17.52,88.20,73.17,70.10
20.18,20.18,89.21,69.19,68.30
16.79,16.79,91.75,62.64,70.43
23.16,23.16,92.99,60.77,70.63
21.97,21.97,88.55,57.89,67.72
20.34,20.34,87.81,56.35,70.81
16.03,16.03,88.34,68.90,77.48
20.20,20.20,85.94,69.15,75.39
23.06,23.06,82.64,65.59,74.80
26.73,26.73,78.10,60.82,77.22
23.08,23.08,72.25,66.88,76.40
26.34,26.34,70.26,66.79,75.95
31.17,31.17,81.93,80.43,77.31
28.70,28.70,80.86,78.61,72.98
25.03,25.03,76.56,79.70,71.00
26.42,26.42,73.53,80.99,75.91
26.47,26.47,71.18,81.62,76.38
24.69,24.69,70.86,75.78,75.12
25.80,25.80,69.35,76.03,79.22
29.90,29.90,69.10,72.44,75.27
30.01,30.01,68.41,71.41,73.86
27.14,27.14,63.89,70.15,78.39
20.82,20.82,68.73,60.36,68.05
25.13,25.13,84.00,60.71,66.39
28.41,28.41,90.90,62.80,63.01
31.05,31.05,93.89,55.00,59.38
38.94,38.94,91.77,59.73,68.04
36.21,36.21,90.14,62.15,71.52
33.26,33.26,90.86,66.92,66.72
31.68,31.68,87.30,67.13,71.59
32.02,32.02,85.89,73.47,78.07
28.16,28.16,86.02,73.46,73.01
28.20,28.20,78.78,79.37,78.99
28.18,28.18,73.73,80.73,76.99
34.38,34.38,73.97,84.21,72.51
31.52,31.52,79.08,81.85,76.76
29.95,29.95,82.06,76.80,73.22
33.43,33.43,77.70,73.07,72.11
40.96,40.96,74.06,75.45,78.54
31.09,31.09,68.55,67.79,75.64
31.39,31.39,69.60,71.06,74.12
28.87,28.87,72.81,81.06,79.30
26.59,26.59,71.96,84.39,76.70
28.19,28.19,70.29,79.41,72.99
25.69,25.69,68.72,83.46,79.44
24.04,24.04,71.95,79.25,71.38
19.78,19.78,81.79,76.13,69.49
14.55,14.55,90.50,74.87,69.09
16.35,16.35,92.84,61.89,68.85
26.74,26.74,92.47,58.16,70.52
22.15,22.15,92.59,57.00,69.97
21.18,21.18,88.52,57.25,70.05
21.68,21.68,87.65,65.38,75.16
19.97,19.97,87.86,69.16,76.40
23.83,23.83,83.39,69.13,74.73
25.64,25.64,78.87,63.65,77.49
20.33,20.33,76.49,64.80,72.47
18.21,18.21,68.20,65.78,77.40
22.96,22.96,75.74,75.97,77.45
22.92,22.92,82.36,79.44,72.90
21.28,21.28,78.71,77.83,76.64
20.09,20.09,74.55,81.76,75.26
19.71,19.71,71.93,80.19,74.94
18.46,18.46,69.55,80.21,77.15
15.77,15.77,67.57,82.10,75.19
22.38,22.38,68.02,74.94,75.67
27.68,27.68,67.97,76.83,78.20
26.21,26.21,64.59,75.26,74.05
22.47,22.47,65.79,67.19,77.58
26.79,26.79,73.43,65.79,75.40
26.66,26.66,90.82,54.81,62.77
33.59,33.59,93.35,57.60,68.36
33.48,33.48,94.16,56.91,65.55
30.27,30.27,91.24,57.04,69.02
30.60,30.60,89.89,60.33,74.15
28.73,28.73,89.69,64.18,72.08
27.42,27.42,85.84,62.94,75.87
24.73,24.73,84.92,66.97,78.64
31.66,31.66,83.32,72.53,74.71
33.48,33.48,75.12,77.85,80.27
34.41,34.41,70.91,80.90,75.15
31.15,31.15,70.25,83.56,77.34
31.49,31.49,83.16,77.52,77.07
30.49,30.49,79.61,73.58,73.11
23.80,23.80,75.50,72.17,75.74
20.04,20.04,69.59,72.69,74.76
17.54,17.54,65.76,75.20,75.59
24.76,24.76,70.24,75.04,78.48
20.32,20.32,71.37,83.16,76.01
21.39,21.39,69.04,81.18,76.78
25.43,25.43,66.66,78.76,74.80
19.61,19.61,71.10,79.42,72.33
16.90,16.90,76.78,83.99,76.27
18.00,18.00,89.25,73.21,70.41
18.18,18.18,89.81,67.11,69.69
15.93,15.93,91.14,60.47,69.98
16.75,16.75,91.16,57.24,69.84
15.27,15.27,89.80,52.44,70.29
14.30,14.30,87.57,60.23,71.82
12.53,12.53,86.87,69.88,75.66
16.01,16.01,86.98,68.23,77.46
15.81,15.81,81.63,67.32,77.13
20.70,20.70,76.58,65.09,79.88
28.87,28.87,72.06,67.62,77.70
29.89,29.89,68.99,73.71,75.56
35.71,35.71,79.31,80.78,79.01
27.91,27.91,77.99,83.52,75.22
32.45,32.45,73.81,82.27,75.81
26.13,26.13,71.23,82.91,76.09
21.55,21.55,69.07,81.83,74.56
17.52,17.52,66.82,83.40,77.23
18.07,18.07,66.47,76.61,74.28
23.11,23.11,64.32,70.91,78.56
23.44,23.44,63.39,73.78,78.42
22.87,22.87,61.25,74.40,77.25
17.33,17.33,66.88,65.59,79.09
18.68,18.68,86.01,64.30,68.54
21.01,21.01,91.01,66.85,67.99
23.30,23.30,94.20,61.65,65.95
29.20,29.20,92.58,61.00,63.95
33.45,33.45,89.83,64.99,70.14
32.20,32.20,89.98,68.65,70.48
28.24,28.24,88.33,70.88,76.51
26.34,26.34,85.26,74.47,74.65
25.06,25.06,83.80,76.10,77.62
25.26,25.26,79.50,78.66,77.36
29.85,29.85,72.43,80.56,72.78
30.22,30.22,70.94,84.00,77.07
28.14,28.14,77.47,79.65,75.25
27.53,27.53,79.70,73.53,77.90
23.19,23.19,75.82,73.34,75.35
17.68,17.68,70.99,76.55,74.94
15.47,15.47,66.19,71.88,78.07
14.04,14.04,67.68,73.83,72.19
23.84,23.84,69.31,87.43,77.43
19.05,19.05,69.08,84.16,75.19
17.01,17.01,69.34,83.97,77.03
9.79,9.79,68.53,85.38,78.47
2.06,2.06,73.08,82.36,72.70
4.64,4.64,83.83,77.22,73.68
8.03,8.03,91.61,72.47,68.30
7.49,7.49,92.81,64.42,69.09
13.75,13.75,91.38,59.47,69.43
13.24,13.24,92.11,53.40,70.68
17.26,17.26,88.76,52.04,75.05
16.58,16.58,86.66,65.45,72.77
13.05,13.05,87.56,69.95,78.27
15.10,15.10,84.10,68.46,75.80
26.16,26.16,78.17,66.25,79.86
30.94,30.94,74.38,67.74,75.91
32.49,32.49,66.91,72.11,77.11
31.66,31.66,75.04,78.65,79.60
24.01,24.01,78.94,80.06,75.19
17.86,17.86,75.38,77.09,77.75
13.28,13.28,72.41,84.45,74.42
12.83,12.83,69.47,79.24,76.51
12.37,12.37,68.26,82.89,75.95
15.89,15.89,66.22,80.24,76.33
19.37,19.37,65.31,77.66,78.91
14.84,14.84,63.92,78.57,76.78
15.17,15.17,60.78,72.39,79.72
12.76,12.76,64.16,70.01,73.60
14.25,14.25,73.31,66.50,76.91
17.28,17.28,91.43,58.39,69.37
19.46,19.46,92.68,56.54,68.13
19.91,19.91,94.89,57.40,67.17
21.78,21.78,91.28,57.06,69.54
18.45,18.45,89.18,55.81,75.31
16.76,16.76,89.54,66.20,74.46
21.47,21.47,86.64,65.97,78.70
16.61,16.61,83.29,73.37,74.64
25.70,25.70,81.80,74.27,78.31
25.92,25.92,75.14,81.21,74.32
26.52,26.52,70.16,76.64,76.68
21.26,21.26,68.73,78.86,78.87
21.98,21.98,73.82,76.00,81.02
24.61,24.61,70.93,71.65,80.27
21.04,21.04,65.62,70.75,77.90
15.65,15.65,62.65,71.04,77.82
8.81,8.81,61.52,73.76,74.05
20.07,20.07,69.69,75.55,78.98
11.72,11.72,71.06,81.69,76.11
21.87,21.87,69.38,83.03,77.81
29.43,29.43,67.52,82.12,77.31
32.53,32.53,70.03,80.65,74.38
30.71,30.71,74.83,79.46,78.31
14.60,14.60,89.51,70.33,71.59
4.10,4.10,90.49,64.56,72.08
8.22,8.22,91.59,59.93,72.67
16.16,16.16,89.78,49.21,71.29
23.54,23.54,90.85,53.90,71.58
37.82,37.82,87.71,58.05,77.51
36.84,36.84,85.56,68.61,75.88
25.15,25.15,87.20,66.69,77.25
18.17,18.17,81.18,67.24,78.00
14.82,14.82,74.63,60.13,75.49
19.23,19.23,70.63,66.20,79.39
24.64,24.64,68.37,72.77,75.08
23.78,23.78,79.74,81.90,78.35
22.16,22.16,78.09,83.18,74.92
15.01,15.01,72.81,77.79,76.23
11.50,11.50,68.97,80.26,73.77
9.95,9.95,68.66,82.23,80.16
13.64,13.64,66.76,84.42,75.82
15.38,15.38,63.69,76.14,80.21
19.91,19.91,63.88,68.70,77.87
19.41,19.41,61.73,72.98,75.22
21.17,21.17,62.61,68.70,75.70
27.94,27.94,67.37,62.10,78.10
24.70,24.70,87.56,63.99,69.78
19.50,19.50,92.59,66.95,67.87
20.42,20.42,92.35,57.66,68.60
20.09,20.09,94.17,57.81,68.76
19.09,19.09,89.72,66.43,70.96
16.76,16.76,88.49,68.76,70.85
15.06,15.06,89.27,72.66,77.67
10.07,10.07,85.21,70.27,70.51
13.98,13.98,82.90,76.27,80.52
22.21,22.21,80.92,75.93,76.56
28.28,28.28,72.44,78.64,78.81
30.38,30.38,70.61,83.73,77.05
26.92,26.92,75.02,72.68,80.56
23.86,23.86,74.66,71.55,78.98
13.68,13.68,69.92,75.68,76.83
5.99,5.99,64.61,74.41,76.48
7.21,7.21,63.72,71.63,78.44
14.21,14.21,68.08,68.53,76.79
15.98,15.98,73.49,84.16,78.91
24.10,24.10,71.52,83.21,78.35
8.79,8.79,69.67,82.58,74.98
1.86,1.86,70.17,80.86,77.50
1.67,1.67,73.84,84.00,75.43
4.04,4.04,85.63,71.73,73.19
18.35,18.35,91.66,71.21,70.45
23.50,23.50,93.08,65.54,70.85
13.77,13.77,91.50,63.31,70.76
9.47,9.47,90.04,54.77,73.39
10.74,10.74,90.46,56.59,73.83
10.12,10.12,86.05,66.86,78.64
7.64,7.64,86.48,69.56,75.44
9.98,9.98,85.69,73.16,80.07
14.35,14.35,77.47,71.98,74.35
18.40,18.40,70.51,65.35,80.70
18.53,18.53,66.18,74.70,75.30
20.96,20.96,76.91,77.56,77.86
17.46,17.46,79.42,79.82,76.31
14.52,14.52,75.01,78.37,78.86
19.59,19.59,72.58,80.25,74.87
20.61,20.61,70.53,83.42,77.81
16.35,16.35,69.97,78.81,76.36
15.52,15.52,66.78,79.93,79.86
20.99,20.99,65.21,75.38,76.07
20.30,20.30,64.33,74.27,79.66
14.15,14.15,60.49,73.84,73.71
12.85,12.85,64.38,71.63,79.48
15.61,15.61,75.74,66.96,71.79
17.47,17.47,91.91,65.53,70.52
16.87,16.87,92.19,58.06,69.40
16.64,16.64,93.14,57.45,68.85
10.91,10.91,92.92,56.87,68.11
9.28,9.28,89.11,57.48,74.26
12.80,12.80,87.86,68.01,76.05
13.68,13.68,88.43,68.40,80.71
13.53,13.53,82.84,73.21,74.48
12.59,12.59,79.50,70.27,79.04
17.30,17.30,76.55,78.72,76.35
20.95,20.95,72.15,79.52,79.38
21.05,21.05,75.67,77.91,76.19
19.77,19.77,80.30,75.55,78.66
24.92,24.92,76.39,74.21,76.53
22.63,22.63,69.18,72.48,79.08
22.93,22.93,65.03,72.88,74.05
21.32,21.32,65.88,65.04,79.17
20.65,20.65,72.93,79.75,76.03
22.45,22.45,72.67,83.88,80.31
16.68,16.68,70.56,84.50,77.04
19.77,19.77,70.75,85.08,78.06
17.51,17.51,70.97,79.37,75.77
12.80,12.80,78.11,79.56,79.53
18.28,18.28,88.93,66.94,70.40
24.01,24.01,91.07,63.80,72.02
16.81,16.81,91.82,60.69,72.73
18.45,18.45,89.28,54.34,71.84
15.28,15.28,88.70,56.34,75.92
18.33,18.33,88.97,64.88,75.31
19.88,19.88,84.56,69.79,76.33
24.17,24.17,85.88,71.03,74.85
26.22,26.22,82.02,67.60,79.00
22.83,22.83,73.79,68.94,78.06
17.92,17.92,69.00,70.87,79.19
23.31,23.31,69.09,72.60,76.36
34.09,34.09,74.24,81.04,82.47
35.83,35.83,70.43,83.30,78.54
28.18,28.18,65.01,82.11,78.78
20.08,20.08,63.25,79.17,76.00
29.25,29.25,65.40,80.33,79.58
14.84,14.84,68.94,81.86,77.27
6.97,6.97,69.98,75.16,78.56
4.54,4.54,69.58,76.66,76.81
8.02,8.02,69.63,76.33,80.37
12.72,12.72,68.44,70.00,75.71
11.82,11.82,67.84,71.52,78.31
14.69,14.69,69.36,68.81,78.06
18.88,18.88,69.64,71.64,77.38
21.62,21.62,70.89,74.93,79.73
24.76,24.76,71.06,74.74,74.76
26.71,26.71,69.80,76.05,76.82
28.39,28.39,66.88,74.34,74.24
28.71,28.71,63.68,77.05,80.63
27.76,27.76,63.43,66.53,74.10
32.93,32.93,64.65,64.69,79.67
36.35,36.35,67.01,57.16,76.42
38.53,38.53,65.44,59.43,80.87
42.25,42.25,65.34,54.92,76.89
42.99,42.99,64.02,51.69,79.98
38.57,38.57,61.54,46.52,80.25
37.37,37.37,58.90,44.02,78.58
34.36,34.36,60.65,43.73,80.74
29.52,29.52,65.40,39.40,78.27
29.81,29.81,72.07,41.68,81.67
26.43,26.43,74.56,37.66,74.97
28.65,28.65,72.68,34.92,81.33
32.67,32.67,74.04,40.85,74.92
38.00,38.00,71.77,38.27,82.81
42.90,42.90,69.37,36.31,77.42
46.87,46.87,68.19,39.34,79.73
43.23,43.23,66.32,42.59,77.63
38.64,38.64,64.76,41.98,79.73
39.97,39.97,66.37,41.97,81.63
42.44,42.44,66.54,42.04,76.41
40.76,40.76,66.95,42.81,82.20
41.61,41.61,65.26,36.75,76.91
42.37,42.37,64.03,35.82,82.37
44.65,44.65,61.73,39.88,75.03
43.56,43.56,62.87,37.60,80.28
34.70,34.70,63.73,34.66,75.93
29.45,29.45,66.71,34.53,79.04
25.10,25.10,75.81,29.48,79.71
23.72,23.72,72.57,28.14,76.74
29.62,29.62,73.60,32.23,83.22
36.08,36.08,72.10,34.82,76.59
35.74,35.74,70.93,35.41,82.84
39.77,39.77,69.09,35.80,76.59
39.74,39.74,67.38,36.15,81.68
37.63,37.63,65.06,39.68,75.85
34.77,34.77,66.34,35.71,75.20
38.04,38.04,65.37,37.26,79.43
42.58,42.58,64.99,34.64,75.40
42.82,42.82,62.97,37.04,82.01
43.07,43.07,62.52,31.43,76.54
41.92,41.92,62.22,31.42,80.85
38.67,38.67,63.29,31.77,75.41
33.54,33.54,64.30,25.79,80.11
28.76,28.76,65.16,20.15,82.08
29.32,29.32,74.66,11.18,76.69
21.28,21.28,74.62,9.39,80.04
22.64,22.64,74.56,19.65,76.11
25.50,25.50,74.16,21.65,83.44
27.01,27.01,74.52,27.13,79.15
29.65,29.65,72.29,30.30,79.69
30.75,30.75,70.70,32.84,78.63
31.64,31.64,68.97,35.56,80.44
36.20,36.20,68.18,33.22,83.32
38.98,38.98,69.20,32.62,74.48
34.57,34.57,68.71,31.95,82.37
22.30,22.30,70.81,25.85,76.78
17.82,17.82,77.07,20.77,77.45
18.74,18.74,75.92,25.20,78.01
22.11,22.11,75.21,29.42,75.39
25.37,25.37,74.68,24.76,81.08
24.32,24.32,73.28,22.46,76.52
19.24,19.24,74.83,17.71,75.49
14.84,14.84,76.43,13.57,62.89
13.14,13.14,75.89,15.21,63.34
14.88,14.88,74.25,19.99,57.43
14.90,14.90,72.72,24.71,57.16
12.74,12.74,74.51,22.58,56.45
15.78,15.78,70.85,26.78,53.14
16.06,16.06,67.70,25.09,52.94
19.80,19.80,68.60,29.59,53.28
23.17,23.17,60.93,24.24,45.92
31.38,31.38,58.50,26.51,45.70
37.88,37.88,55.72,22.31,47.37
42.58,42.58,54.90,19.02,49.34
42.06,42.06,47.29,19.26,42.93
47.64,47.64,47.56,18.31,45.19
38.19,38.19,40.51,17.85,40.90
23.57,23.57,40.57,15.66,34.52
17.32,17.32,44.58,13.48,34.56
14.15,14.15,72.93,15.53,41.68
17.78,17.78,75.05,16.60,40.58
20.69,20.69,74.13,18.76,41.76
21.33,21.33,74.59,19.30,42.90
17.85,17.85,74.89,20.34,46.25
13.01,13.01,71.99,21.66,45.24
16.51,16.51,69.55,23.56,49.01
15.34,15.34,68.15,31.02,45.35
10.52,10.52,65.22,30.48,45.85
8.00,8.00,62.11,27.20,46.36
11.44,11.44,64.33,32.33,50.20
11.38,11.38,56.75,28.65,47.26
21.18,21.18,52.71,16.90,44.37
27.30,27.30,47.76,11.76,42.09
32.86,32.86,44.62,9.69,39.30
29.27,29.27,42.25,14.00,32.91
19.64,19.64,44.39,10.81,27.29
7.87,7.87,59.42,15.34,31.51
13.68,13.68,75.33,15.80,27.44
18.67,18.67,75.05,17.95,31.83
18.25,18.25,74.43,22.39,37.04
21.07,21.07,73.54,23.16,38.94
22.78,22.78,73.22,21.66,41.66
19.68,19.68,69.54,20.41,41.15
17.18,17.18,65.58,26.93,34.26
26.41,26.41,62.77,28.29,36.47
33.26,33.26,57.14,23.64,36.48
37.49,37.49,52.26,33.74,37.79
37.93,37.93,48.08,23.03,36.63
36.44,36.44,40.61,12.18,34.04
35.83,35.83,36.33,9.76,32.26
33.27,33.27,30.97,8.21,30.30
29.44,29.44,32.59,10.55,26.46
17.50,17.50,35.75,13.63,24.08
16.28,16.28,39.80,10.56,26.67
16.22,16.22,77.61,19.97,30.25
23.12,23.12,75.64,23.61,28.64
24.01,24.01,75.42,25.29,33.88
21.06,21.06,74.28,20.18,37.47
20.38,20.38,74.41,25.00,39.45
13.69,13.69,70.18,23.92,36.37
17.10,17.10,66.39,23.96,37.47
23.52,23.52,61.80,34.08,38.97
27.97,27.97,55.11,28.57,38.19
28.04,28.04,50.43,34.46,35.64
18.31,18.31,46.60,35.33,29.51
13.50,13.50,59.50,28.88,30.56
19.66,19.66,75.98,21.18,24.56
25.66,25.66,75.23,18.07,25.84
27.61,27.61,74.16,25.60,27.86
24.94,24.94,74.24,19.24,28.55
24.42,24.42,73.60,26.53,34.18
24.34,24.34,70.23,21.68,38.11
25.63,25.63,66.06,28.12,36.02
26.55,26.55,67.00,32.47,37.02
15.79,15.79,57.18,24.85,34.84
12.87,12.87,59.49,34.60,40.56
14.44,14.44,57.06,27.05,38.84
22.69,22.69,43.25,30.68,32.30
23.08,23.08,31.12,19.43,22.86
14.02,14.02,25.12,20.05,15.88
7.37,7.37,23.90,24.24,15.27
3.11,3.11,23.21,23.76,18.01
2.91,2.91,23.94,24.79,17.90
3.08,3.08,22.97,23.39,17.03
3.46,3.46,21.99,20.96,18.38
4.73,4.73,23.41,20.34,18.33
4.07,4.07,21.34,20.88,17.59
6.30,6.30,20.90,19.39,18.06
10.93,10.93,24.40,17.22,18.72
13.55,13.55,23.37,15.23,17.60
21.93,21.93,28.99,12.03,21.58
35.39,35.39,50.44,13.99,26.05
50.52,50.52,76.59,11.05,25.90
56.11,56.11,74.42,15.34,25.03
60.61,60.61,73.72,21.07,27.80
64.11,64.11,74.84,19.17,28.85
64.84,64.84,74.42,19.97,31.66
62.21,62.21,70.38,19.90,31.21
62.37,62.37,67.45,28.65,33.39
60.94,60.94,62.22,33.47,33.29
59.16,59.16,55.45,26.89,35.82
66.86,66.86,54.26,29.07,32.96
69.80,69.80,51.04,25.39,31.14
73.41,73.41,52.42,17.10,32.90
75.64,75.64,58.67,20.96,33.92
78.38,78.38,65.56,21.37,39.30
76.17,76.17,69.57,22.96,38.85
79.04,79.04,72.27,27.85,38.81
77.80,77.80,74.17,28.75,47.46
79.12,79.12,72.10,23.56,50.19
78.68,78.68,71.66,40.60,58.40
72.96,72.96,70.75,42.92,59.41
67.00,67.00,58.78,29.66,55.10
66.35,66.35,43.30,37.60,44.13
58.12,58.12,46.63,40.83,33.12
65.41,65.41,59.35,37.93,35.65
78.30,78.30,69.99,54.59,40.13
79.00,79.00,73.93,57.06,43.69
76.89,76.89,91.75,60.30,44.16
75.45,75.45,92.84,64.80,44.47
76.10,76.10,92.60,68.49,46.07
76.36,76.36,90.63,69.94,47.22
76.48,76.48,90.93,68.69,45.58
77.53,77.53,88.42,72.13,47.56
71.94,71.94,86.08,76.73,49.16
70.81,70.81,85.74,76.35,51.97
67.93,67.93,82.14,81.17,52.06
67.25,67.25,76.79,82.89,54.79
69.85,69.85,73.23,82.50,53.47
74.41,74.41,69.30,82.90,52.64
81.93,81.93,73.74,83.10,56.20
80.34,80.34,72.20,84.66,56.00
77.42,77.42,64.46,81.73,55.29
78.15,78.15,60.64,79.76,53.95
81.31,81.31,54.31,84.32,53.95
77.87,77.87,48.68,81.69,52.98
78.40,78.40,43.85,79.73,53.34
79.95,79.95,44.37,80.47,53.14
77.20,77.20,50.78,86.54,52.89
76.64,76.64,59.64,78.73,52.25
77.47,77.47,64.15,81.78,50.28
76.63,76.63,79.79,81.25,51.77
73.11,73.11,86.05,82.11,53.45
73.46,73.46,85.10,78.74,53.08
75.52,75.52,81.39,79.89,53.62
75.51,75.51,79.05,82.85,57.70
70.43,70.43,68.33,79.86,57.29
65.52,65.52,58.68,84.07,55.82
65.40,65.40,53.86,80.65,58.21
65.54,65.54,51.26,83.53,58.25
65.97,65.97,61.77,80.80,60.41
61.81,61.81,68.34,84.21,62.27
63.88,63.88,80.29,82.06,57.54
68.34,68.34,90.52,69.78,54.65
68.91,68.91,92.06,66.10,52.91
73.71,73.71,93.86,68.55,55.33
69.72,69.72,90.67,66.69,52.99
65.59,65.59,89.20,68.77,54.78
68.05,68.05,90.55,70.57,59.67
74.34,74.34,87.04,72.97,59.52
78.83,78.83,84.64,75.23,60.81
79.29,79.29,82.92,79.86,58.80
79.44,79.44,75.63,80.74,55.34
78.77,78.77,74.30,84.22,52.02
74.98,74.98,77.33,79.44,47.15
68.01,68.01,79.14,76.55,47.13
70.33,70.33,78.52,72.33,48.58
67.85,67.85,77.10,68.82,48.23
69.39,69.39,76.06,72.26,50.60
70.27,70.27,74.03,71.17,52.08
76.76,76.76,73.34,73.72,55.33
79.22,79.22,67.49,74.53,55.03
80.97,80.97,62.13,73.89,57.63
80.01,80.01,59.74,72.27,59.33
78.83,78.83,58.70,74.48,59.66
72.86,72.86,56.11,75.65,61.25
81.48,81.48,64.52,75.87,61.23
81.68,81.68,68.80,76.02,59.83
78.84,78.84,68.13,65.00,59.43
77.89,77.89,63.98,60.81,53.85
75.70,75.70,58.86,59.50,59.16
76.72,76.72,55.44,64.80,64.45
76.51,76.51,49.97,64.21,60.14
70.32,70.32,46.69,59.73,56.22
68.42,68.42,48.13,54.45,60.48
70.63,70.63,55.02,56.96,64.83
71.30,71.30,59.27,59.71,62.29
75.44,75.44,70.20,65.57,58.83
74.96,74.96,86.95,67.45,58.74
74.92,74.92,86.33,65.75,58.21
77.75,77.75,83.69,62.41,54.34
77.75,77.75,82.93,61.27,56.72
77.25,77.25,76.17,62.77,61.18
76.01,76.01,64.54,64.02,58.14
76.49,76.49,61.41,64.25,54.69
77.63,77.63,55.91,65.11,52.65
77.71,77.71,47.83,68.83,53.35
78.71,78.71,50.68,70.48,50.98
81.75,81.75,53.59,71.38,54.22
82.04,82.04,67.44,71.74,51.93
81.19,81.19,80.22,70.69,55.72
80.12,80.12,75.07,70.06,53.34
78.56,78.56,70.17,69.95,59.39
78.64,78.64,63.45,70.74,56.79
81.46,81.46,56.36,70.50,51.85
80.77,80.77,50.80,69.28,52.08
82.23,82.23,45.32,68.25,51.57
81.98,81.98,48.33,64.95,53.08
78.92,78.92,55.38,57.36,49.30
74.57,74.57,63.72,48.21,48.09
73.02,73.02,78.78,55.70,52.26
73.85,73.85,91.32,56.14,43.98
74.37,74.37,93.05,58.57,45.08
72.80,72.80,93.92,59.47,47.81
72.86,72.86,91.00,63.37,49.12
72.42,72.42,89.47,64.77,51.10
77.19,77.19,89.82,70.79,52.98
77.65,77.65,85.90,73.10,55.44
78.60,78.60,84.56,76.63,55.00
78.35,78.35,82.63,78.33,54.22
79.23,79.23,75.62,80.09,53.30
80.78,80.78,67.34,82.47,53.86
80.68,80.68,55.40,82.97,55.08
83.97,83.97,63.66,81.54,53.45
81.58,81.58,56.37,80.07,52.10
77.62,77.62,55.13,81.55,59.10
74.95,74.95,50.66,82.07,59.52
73.19,73.19,49.00,81.02,56.15
70.90,70.90,44.33,80.33,53.08
69.56,69.56,41.66,81.21,55.95
70.69,70.69,45.30,83.00,57.83
69.14,69.14,50.36,83.54,59.61
66.89,66.89,55.47,84.01,62.02
64.75,64.75,61.71,84.89,61.84
72.19,72.19,80.34,81.41,61.36
74.62,74.62,84.03,82.02,60.90
75.54,75.54,81.51,81.83,56.54
75.23,75.23,78.38,83.51,60.08
73.18,73.18,74.81,82.98,57.78
70.81,70.81,62.90,83.87,57.93
71.17,71.17,55.03,81.83,59.68
75.18,75.18,49.49,81.31,61.71
76.47,76.47,50.03,82.37,59.22
76.45,76.45,58.62,82.71,59.36
74.83,74.83,73.98,83.07,57.40
76.32,76.32,83.76,80.35,56.95
75.53,75.53,90.97,71.43,57.99
74.51,74.51,92.57,65.54,55.94
73.59,73.59,92.81,60.74,55.57
72.60,72.60,91.98,63.27,55.82
73.89,73.89,88.60,64.90,60.13
72.98,72.98,87.73,64.55,58.08
75.09,75.09,88.07,72.04,57.41
73.12,73.12,84.05,72.91,59.29
76.48,76.48,80.92,75.74,59.90
74.96,74.96,77.02,78.60,57.40
73.46,73.46,75.32,78.42,56.72
71.87,71.87,78.80,73.73,55.25
67.39,67.39,80.86,81.86,56.25
65.77,65.77,78.81,83.40,53.04
67.23,67.23,76.85,85.67,53.50
67.94,67.94,76.57,82.41,60.35
69.11,69.11,75.26,86.50,60.62
75.21,75.21,72.56,83.17,60.21
79.59,79.59,66.84,82.73,57.57
78.38,78.38,62.17,84.87,62.05
81.59,81.59,59.16,83.53,60.94
81.03,81.03,54.56,85.68,61.10
79.33,79.33,53.60,85.03,60.39
82.19,82.19,55.28,83.45,60.23
81.65,81.65,60.54,83.84,61.08
79.71,79.71,60.23,83.75,60.90
77.70,77.70,60.17,83.83,63.66
74.79,74.79,56.07,83.71,61.75
69.28,69.28,53.71,83.26,60.03
69.62,69.62,49.95,83.58,58.78
66.73,66.73,49.05,85.21,61.98
74.69,74.69,49.99,84.48,61.30
75.39,75.39,54.59,85.72,61.30
68.99,68.99,58.86,82.41,61.51
74.42,74.42,71.08,83.44,62.03
80.89,80.89,82.61,80.79,57.93
79.19,79.19,80.70,82.13,55.89
77.64,77.64,77.56,79.91,57.52
76.59,76.59,76.21,80.52,57.03
73.22,73.22,70.27,82.59,57.99
75.53,75.53,61.59,82.57,56.63
76.21,76.21,57.03,81.52,59.92
75.78,75.78,53.20,83.43,63.14
79.15,79.15,51.27,82.52,60.51
80.55,80.55,52.71,85.39,62.49
82.72,82.72,55.87,82.00,61.37
79.75,79.75,66.69,81.15,59.75
77.56,77.56,75.16,80.74,59.92
78.70,78.70,70.70,74.02,64.50
79.23,79.23,65.16,82.51,65.74
81.46,81.46,60.94,82.00,69.14
78.52,78.52,54.98,83.05,71.40
74.92,74.92,49.72,82.94,71.05
71.32,71.32,49.61,81.78,70.30
69.94,69.94,57.70,83.75,66.58
72.34,72.34,68.35,82.38,62.66
80.70,80.70,74.46,80.51,56.49
79.07,79.07,82.65,79.16,51.33
77.27,77.27,90.57,69.30,49.13
75.85,75.85,91.34,67.43,46.11
76.27,76.27,94.17,64.37,45.85
75.02,75.02,91.00,67.38,46.52
71.07,71.07,88.95,68.80,47.20
70.88,70.88,89.99,69.38,46.39
77.01,77.01,86.42,71.16,50.06
79.38,79.38,83.27,74.96,54.16
79.42,79.42,82.26,76.39,52.13
79.64,79.64,75.02,80.26,51.76
80.48,80.48,65.81,82.08,51.86
79.65,79.65,61.40,83.34,51.18
82.48,82.48,66.67,80.09,50.40
79.53,79.53,65.72,80.40,48.08
76.80,76.80,63.27,83.71,44.38
72.48,72.48,61.19,84.88,45.71
68.86,68.86,56.01,83.08,47.03
68.73,68.73,51.99,81.62,49.24
72.57,72.57,50.38,86.47,48.76
78.36,78.36,46.81,81.08,50.84
80.50,80.50,46.03,81.46,51.81
81.12,81.12,55.45,83.25,52.49
80.47,80.47,63.16,84.34,50.19
82.02,82.02,72.49,81.73,54.58
82.08,82.08,78.11,80.65,54.76
79.57,79.57,77.38,82.79,54.61
76.93,76.93,76.39,81.77,56.88
75.67,75.67,74.22,80.83,62.13
74.77,74.77,64.71,80.94,56.86
73.37,73.37,57.17,86.10,53.18
72.64,72.64,54.99,80.58,55.07
76.84,76.84,51.12,82.45,53.41
74.74,74.74,63.28,82.27,54.65
80.26,80.26,69.70,84.35,55.53
82.62,82.62,82.64,74.46,51.94
77.66,77.66,91.71,66.07,50.70
77.81,77.81,92.32,66.01,53.21
74.39,74.39,91.87,61.10,56.25
71.06,71.06,92.37,62.77,54.34
70.32,70.32,88.65,66.35,54.13
71.31,71.31,87.36,72.41,57.46
73.50,73.50,89.03,71.05,57.22
73.92,73.92,85.29,76.94,57.47
73.12,73.12,80.20,77.93,55.68
73.48,73.48,76.04,81.94,47.31
71.33,71.33,76.33,80.81,44.58
65.84,65.84,79.70,81.52,41.39
65.35,65.35,79.77,83.73,39.47
71.76,71.76,77.90,81.34,41.80
73.28,73.28,76.48,82.16,44.57
71.14,71.14,74.61,77.44,46.47
73.13,73.13,74.00,82.38,46.86
73.40,73.40,71.47,78.89,47.19
72.90,72.90,65.02,79.96,47.13
72.48,72.48,61.80,80.55,47.12
72.05,72.05,59.04,84.69,45.82
73.16,73.16,60.30,80.15,45.68
73.81,73.81,64.64,83.19,46.22
79.24,79.24,74.90,85.10,44.34
78.17,78.17,75.99,84.35,46.07
78.36,78.36,71.24,80.31,43.18
76.35,76.35,65.54,76.73,39.83
75.08,75.08,62.08,85.53,44.09
76.63,76.63,56.01,80.48,45.42
75.01,75.01,49.88,81.45,45.55
75.39,75.39,46.07,81.67,46.56
73.15,73.15,47.12,85.75,50.78
73.24,73.24,52.58,80.62,53.45
72.31,72.31,57.88,81.89,49.26
75.23,75.23,74.52,82.30,48.45
73.27,73.27,87.89,78.20,50.71
72.33,72.33,86.37,80.96,53.09
73.17,73.17,82.97,79.17,50.22
73.26,73.26,81.69,81.37,50.51
73.96,73.96,73.13,76.26,52.75
74.92,74.92,62.55,83.02,51.04
74.12,74.12,58.59,80.33,49.14
76.10,76.10,51.00,82.15,49.55
73.52,73.52,48.71,81.23,56.42
75.90,75.90,52.68,83.17,53.39
78.49,78.49,56.70,83.49,51.57
76.82,76.82,72.47,79.87,50.26
73.59,73.59,78.26,80.49,51.68
73.21,73.21,74.45,78.58,49.99
72.93,72.93,67.87,83.53,54.69
74.69,74.69,61.00,78.35,51.59
74.14,74.14,54.25,81.38,51.62
74.99,74.99,46.74,81.75,51.71
74.55,74.55,43.95,83.19,52.62
73.08,73.08,50.83,80.50,55.60
73.21,73.21,58.57,80.86,50.13
70.07,70.07,65.63,83.29,41.79
66.85,66.85,82.19,76.74,42.92
68.27,68.27,92.18,70.34,42.30
71.82,71.82,92.68,65.02,43.95
72.80,72.80,92.16,67.89,44.36
76.50,76.50,92.64,64.05,43.41
74.70,74.70,88.74,66.59,44.91
70.92,70.92,87.34,71.99,47.19
76.13,76.13,88.46,73.75,47.76
79.50,79.50,83.37,77.04,49.17
80.70,80.70,79.21,76.49,50.96
80.11,80.11,73.66,79.96,52.43
81.91,81.91,59.17,79.42,50.14
82.05,82.05,64.05,78.70,52.26
82.65,82.65,61.41,80.39,52.82
80.88,80.88,59.60,80.62,50.19
76.49,76.49,54.52,81.39,46.16
75.67,75.67,52.03,82.35,47.10
75.45,75.45,48.03,82.43,48.51
76.33,76.33,46.25,83.66,48.87
72.41,72.41,44.51,83.05,50.74
73.49,73.49,45.33,83.94,53.53
74.08,74.08,51.48,84.15,52.65
70.46,70.46,57.10,83.86,53.11
68.45,68.45,62.94,82.49,55.27
71.84,71.84,82.84,80.90,56.81
73.09,73.09,84.73,80.36,55.30
72.12,72.12,82.52,79.76,55.24
71.00,71.00,79.17,81.04,53.21
70.71,70.71,75.76,81.55,52.42
74.43,74.43,63.37,81.72,54.19
76.64,76.64,57.77,83.02,55.99
76.99,76.99,54.33,82.29,54.14
76.37,76.37,55.55,83.08,52.50
76.99,76.99,64.71,83.71,52.55
74.99,74.99,74.66,81.20,51.59
71.46,71.46,87.35,76.61,51.07
71.70,71.70,92.09,71.74,50.05
74.32,74.32,92.45,63.49,48.30
72.89,72.89,91.40,63.93,48.59
76.33,76.33,90.96,65.65,53.64
74.00,74.00,90.45,67.69,52.94
75.10,75.10,87.08,68.25,51.45
75.93,75.93,86.73,73.35,50.27
74.11,74.11,85.88,75.84,50.24
75.07,75.07,78.86,76.64,50.06
74.27,74.27,73.17,78.15,49.79
72.05,72.05,76.49,78.05,51.63
72.00,72.00,79.87,81.33,48.80
71.62,71.62,79.71,84.58,46.88
74.30,74.30,78.82,80.38,46.20
71.99,71.99,76.99,84.37,45.82
69.36,69.36,76.56,80.55,49.81
68.01,68.01,73.81,82.70,54.63
73.16,73.16,70.59,81.22,58.32
77.89,77.89,63.85,81.32,58.21
80.50,80.50,59.25,84.81,58.41
79.81,79.81,56.58,82.74,57.49
80.10,80.10,53.58,80.49,59.04
78.43,78.43,56.05,82.39,59.13
84.38,84.38,60.52,83.27,56.12
81.67,81.67,62.35,80.46,57.82
78.35,78.35,60.68,83.98,57.64
75.97,75.97,59.53,82.52,60.23
75.25,75.25,58.03,83.64,59.16
76.50,76.50,52.33,83.64,55.13
67.47,67.47,48.49,84.35,55.99
70.14,70.14,51.22,84.51,57.64
72.95,72.95,53.48,82.06,57.41
72.59,72.59,57.13,85.51,57.65
69.21,69.21,61.09,84.78,59.96
70.85,70.85,75.49,83.24,59.29
74.47,74.47,86.35,79.84,55.45
76.31,76.31,85.50,79.35,52.73
76.84,76.84,81.89,81.70,50.96
74.72,74.72,79.72,79.94,52.06
75.67,75.67,71.50,79.61,51.73
76.09,76.09,62.13,80.83,54.30
76.46,76.46,60.78,80.14,55.82
76.65,76.65,56.29,82.64,57.96
73.56,73.56,55.38,79.64,60.61
77.36,77.36,57.38,80.97,57.61
75.73,75.73,60.13,81.49,54.41
75.33,75.33,75.66,77.04,53.44
73.19,73.19,77.88,80.32,48.86
74.41,74.41,72.20,81.47,50.05
76.47,76.47,68.82,79.39,48.56
75.71,75.71,64.36,81.27,48.82
77.14,77.14,60.84,80.67,49.04
78.36,78.36,56.88,82.78,52.22
77.03,77.03,55.16,81.89,51.40
78.02,78.02,60.21,81.35,52.29
79.81,79.81,66.94,85.33,50.69
79.22,79.22,72.95,82.64,50.27
78.03,78.03,83.97,77.20,51.25
75.85,75.85,92.20,73.53,50.24
72.80,72.80,91.99,66.45,50.80
68.10,68.10,91.90,67.86,48.88
64.68,64.68,92.81,69.23,47.52
64.05,64.05,89.89,69.28,47.62
62.89,62.89,88.10,72.59,47.95
64.37,64.37,88.86,74.48,51.33
63.91,63.91,85.13,79.11,52.23
61.81,61.81,79.60,80.87,50.60
62.10,62.10,73.82,81.44,49.65
60.67,60.67,74.49,80.67,47.79
62.51,62.51,89.49,76.65,45.95
60.60,60.60,93.06,70.20,45.65
67.45,67.45,92.43,66.08,46.67
73.95,73.95,93.58,63.95,49.49
73.73,73.73,89.88,65.35,48.81
71.20,71.20,87.81,70.96,47.45
72.95,72.95,89.57,71.97,49.16
73.20,73.20,86.00,74.40,49.75
75.26,75.26,82.06,78.14,48.32
74.80,74.80,80.08,77.82,47.90
75.26,75.26,73.06,72.81,46.10
73.77,73.77,70.69,80.60,44.68
71.15,71.15,81.53,81.32,46.71
70.05,70.05,82.16,79.20,49.26
68.81,68.81,81.16,80.08,47.92
69.05,69.05,80.13,84.13,50.01
69.34,69.34,76.06,80.94,52.88
71.24,71.24,66.71,82.27,53.60
71.92,71.92,60.63,81.37,53.82
73.64,73.64,59.22,86.99,52.86
72.36,72.36,57.24,82.40,55.60
66.15,66.15,67.68,82.51,56.46
60.69,60.69,69.69,83.70,57.32
62.29,62.29,85.99,78.79,54.61
57.21,57.21,91.16,69.36,54.15
59.43,59.43,94.88,68.55,55.69
59.14,59.14,92.04,65.89,54.60
62.79,62.79,90.42,68.93,54.43
64.26,64.26,91.39,69.98,52.23
66.51,66.51,87.97,73.65,51.47
69.24,69.24,86.61,74.37,49.71
72.38,72.38,86.99,78.27,50.58
72.90,72.90,80.90,80.71,49.49
70.63,70.63,74.77,84.08,48.54
71.68,71.68,76.54,83.45,48.47
67.18,67.18,81.35,76.98,46.67
64.43,64.43,80.18,75.42,44.16
64.57,64.57,80.18,74.79,43.44
68.06,68.06,78.91,73.93,47.28
68.35,68.35,77.56,73.13,47.04
69.48,69.48,75.91,73.06,48.99
68.87,68.87,75.50,76.75,51.29
69.04,69.04,71.85,75.05,52.02
67.31,67.31,71.43,76.87,54.08
68.36,68.36,70.28,76.51,53.49
67.78,67.78,66.79,79.36,54.93
70.44,70.44,64.40,79.75,57.64
82.60,82.60,66.45,78.21,61.90
81.55,81.55,63.04,72.72,58.13
76.46,76.46,58.31,63.37,58.17
73.11,73.11,56.42,58.69,58.33
68.99,68.99,53.71,55.28,59.40
64.17,64.17,54.57,52.74,59.80
60.47,60.47,55.33,49.76,56.18
61.57,61.57,57.01,47.00,58.62
63.99,63.99,60.15,47.45,60.95
69.53,69.53,64.97,44.14,59.29
73.23,73.23,69.09,48.01,55.69
79.89,79.89,74.98,37.55,55.22
83.57,83.57,81.55,45.83,56.45
80.66,80.66,82.59,50.59,54.64
76.95,76.95,80.70,42.28,52.44
76.24,76.24,78.95,45.63,50.48
76.02,76.02,69.54,46.13,49.00
73.90,73.90,61.14,33.66,48.93
74.30,74.30,56.86,18.86,48.61
73.92,73.92,50.34,28.33,48.88
70.59,70.59,52.50,27.38,49.48
69.26,69.26,60.31,30.67,45.21
66.74,66.74,70.80,25.25,42.45
70.45,70.45,78.44,11.24,44.30
70.71,70.71,78.80,1.19,44.08
75.61,75.61,78.09,1.86,44.90
78.20,78.20,76.20,15.50,43.56
78.23,78.23,76.48,21.58,47.16
79.35,79.35,74.37,17.45,47.11
79.48,79.48,68.58,24.77,48.46
79.48,79.48,59.09,27.93,48.74
79.99,79.99,55.38,51.46,50.39
77.81,77.81,53.77,49.07,46.36
79.35,79.35,57.94,53.72,44.76
79.46,79.46,67.54,70.59,46.24
77.44,77.44,83.15,85.22,49.73
77.63,77.63,79.59,82.26,51.72
77.21,77.21,75.88,84.66,51.90
77.81,77.81,71.56,85.16,51.77
72.35,72.35,66.21,84.62,51.60
65.31,65.31,60.16,83.50,53.17
64.96,64.96,53.31,83.81,53.71
66.19,66.19,51.55,82.77,51.86
64.77,64.77,55.26,83.45,47.25
65.93,65.93,65.71,83.36,47.52
71.18,71.18,77.60,81.72,45.52
68.31,68.31,78.59,80.85,47.82
70.67,70.67,79.34,79.89,50.38
70.79,70.79,77.45,80.23,50.89
69.34,69.34,75.86,80.53,50.71
73.59,73.59,76.98,80.30,51.79
75.60,75.60,74.66,80.76,53.30
76.94,76.94,69.47,81.47,56.82
78.16,78.16,61.86,81.30,54.59
78.61,78.61,59.87,81.24,56.18
79.37,79.37,63.68,81.06,56.47
77.93,77.93,72.05,77.53,57.72
69.12,69.12,83.93,76.67,55.01
72.01,72.01,91.39,71.05,53.41
70.51,70.51,92.83,68.49,53.66
73.61,73.61,92.41,66.52,53.24
78.54,78.54,92.22,69.24,52.41
73.93,73.93,88.06,71.76,54.15
73.28,73.28,87.63,73.96,55.45
75.10,75.10,88.61,74.66,57.13
74.09,74.09,84.22,77.80,57.66
78.85,78.85,79.37,80.07,58.40
76.61,76.61,74.85,82.20,57.26
79.80,79.80,64.64,83.67,58.53
77.09,77.09,69.60,83.02,60.22
80.48,80.48,76.67,80.82,58.88
77.47,77.47,70.70,81.66,57.41
79.20,79.20,66.39,82.33,59.14
81.34,81.34,68.33,81.49,60.10
79.32,79.32,63.58,81.16,58.18
80.24,80.24,60.56,80.44,57.87
82.08,82.08,62.19,80.01,56.86
78.95,78.95,58.55,80.80,55.22
81.33,81.33,60.79,78.78,54.49
82.64,82.64,67.83,78.72,52.95
75.86,75.86,72.59,79.77,50.75
68.69,68.69,77.25,78.41,50.15
71.11,71.11,79.84,79.96,52.73
74.38,74.38,78.69,83.61,51.67
76.46,76.46,77.69,77.17,54.32
77.89,77.89,75.20,81.30,55.92
78.86,78.86,72.71,85.42,57.15
76.24,76.24,66.56,79.01,59.10
74.71,74.71,58.32,80.16,58.17
77.92,77.92,53.85,82.72,58.06
76.34,76.34,52.77,82.99,58.66
75.76,75.76,57.95,84.45,58.53
74.76,74.76,65.50,80.51,59.78
74.92,74.92,83.71,81.70,58.00
75.79,75.79,80.26,81.94,57.24
76.73,76.73,76.83,82.97,58.91
76.41,76.41,71.49,81.97,55.74
78.03,78.03,65.86,80.72,58.35
75.79,75.79,58.60,81.44,56.44
76.93,76.93,50.71,82.48,57.32
76.13,76.13,50.30,82.27,59.19
75.24,75.24,51.84,83.02,61.15
73.92,73.92,58.38,81.59,64.40
73.60,73.60,64.00,84.92,62.48
71.99,71.99,80.10,80.82,63.94
74.39,74.39,85.10,80.67,60.05
75.45,75.45,82.80,79.55,59.46
75.87,75.87,77.75,79.42,58.56
73.96,73.96,75.11,81.08,61.41
68.41,68.41,66.21,82.43,61.31
77.60,77.60,68.01,81.01,59.89
80.79,80.79,72.45,83.22,60.91
75.74,75.74,67.94,82.66,59.65
68.82,68.82,67.18,80.76,58.63
72.16,72.16,70.99,84.41,58.95
75.90,75.90,77.14,82.13,59.98
76.55,76.55,80.66,84.93,60.11
79.32,79.32,80.22,79.53,60.23
79.68,79.68,75.93,79.41,61.25
76.26,76.26,72.10,84.53,64.20
79.30,79.30,68.99,82.04,65.03
77.69,77.69,69.93,83.80,68.14
78.28,78.28,82.08,82.86,67.98
75.47,75.47,79.71,79.28,67.46
74.43,74.43,75.47,84.73,66.07
75.13,75.13,72.06,79.48,61.63
77.51,77.51,75.67,83.95,58.75
75.12,75.12,86.00,80.38,57.61
72.07,72.07,90.58,63.65,56.35
74.03,74.03,93.45,70.31,55.62
74.21,74.21,91.47,67.94,54.87
74.16,74.16,89.25,68.26,56.30
77.19,77.19,90.06,66.43,59.24
80.72,80.72,86.99,67.16,60.79
81.81,81.81,84.47,72.74,58.42
81.24,81.24,83.98,75.32,57.54
78.66,78.66,79.03,79.29,63.43
73.41,73.41,70.67,79.52,59.09
75.82,75.82,67.52,84.01,61.56
74.11,74.11,78.17,81.23,61.00
76.52,76.52,81.04,80.07,57.27
76.91,76.91,77.72,79.75,57.60
75.71,75.71,73.41,83.50,56.28
77.02,77.02,67.62,79.66,55.89
76.88,76.88,61.70,79.68,56.11
79.13,79.13,55.15,85.27,57.91
82.22,82.22,51.97,79.58,60.02
83.29,83.29,52.38,83.53,59.20
84.34,84.34,58.94,80.33,55.50
84.66,84.66,63.58,83.26,54.25
84.14,84.14,71.08,78.43,54.26
82.73,82.73,85.94,79.79,59.19
84.18,84.18,86.18,81.43,56.85
85.12,85.12,82.09,78.58,57.66
83.88,83.88,80.76,81.83,54.70
82.20,82.20,75.64,78.99,55.25
81.42,81.42,66.69,83.63,56.17
80.69,80.69,62.93,80.24,56.20
81.58,81.58,61.75,82.04,57.91
81.78,81.78,59.51,80.15,58.54
81.28,81.28,65.61,83.14,55.67
78.51,78.51,73.72,77.72,57.38
74.81,74.81,88.12,70.41,56.65
72.41,72.41,92.50,67.06,57.38
71.63,71.63,92.18,64.83,57.21
73.89,73.89,93.67,64.47,58.09
75.32,75.32,89.71,65.46,58.03
76.91,76.91,87.93,70.74,59.24
78.95,78.95,88.80,72.61,57.94
78.64,78.64,85.09,74.19,58.45
77.40,77.40,82.10,76.40,57.03
73.12,73.12,79.90,80.30,56.97
70.69,70.69,74.42,79.76,55.14
72.67,72.67,79.33,78.74,56.77
72.67,72.67,79.26,80.18,53.96
72.24,72.24,78.96,83.24,54.04
70.91,70.91,79.12,79.26,55.78
73.06,73.06,78.11,79.06,55.25
76.28,76.28,76.31,83.01,54.74
75.92,75.92,73.73,81.57,57.78
72.43,72.43,70.11,82.48,58.80
72.03,72.03,66.19,79.57,58.60
72.84,72.84,63.73,85.57,60.62
73.73,73.73,62.50,81.71,61.68
72.89,72.89,63.92,82.62,61.93
69.41,69.41,70.50,84.49,60.50
69.60,69.60,82.44,83.32,60.37
69.10,69.10,79.51,83.05,61.11
68.23,68.23,76.09,81.38,60.43
68.67,68.67,71.68,83.78,60.49
69.81,69.81,66.89,85.42,60.61
68.27,68.27,61.08,84.03,62.28
69.55,69.55,56.62,82.22,62.56
70.24,70.24,55.97,84.76,62.28
70.62,70.62,57.40,81.59,60.28
70.10,70.10,59.99,78.51,59.96
68.75,68.75,64.56,83.56,60.00
67.15,67.15,83.62,82.88,62.87
63.50,63.50,87.02,79.87,61.13
64.14,64.14,84.86,78.42,60.63
64.07,64.07,82.02,83.95,60.84
64.02,64.02,79.16,81.18,60.30
67.32,67.32,69.29,83.01,62.88
65.05,65.05,63.86,84.02,64.36
66.26,66.26,62.92,83.76,64.31
65.45,65.45,60.46,81.54,63.62
66.72,66.72,60.96,83.20,63.51
69.38,69.38,64.08,85.73,61.65
71.73,71.73,66.72,84.18,57.79
73.42,73.42,80.18,82.99,55.42
74.40,74.40,78.98,81.72,55.34
77.47,77.47,73.86,85.44,55.55
77.81,77.81,67.94,82.62,57.32
78.00,78.00,63.69,84.85,57.36
78.63,78.63,58.94,83.09,58.61
76.12,76.12,54.08,86.16,56.79
79.01,79.01,46.73,81.96,56.10
77.07,77.07,53.38,83.62,53.54
80.26,80.26,63.49,84.44,54.98
77.97,77.97,71.99,83.30,53.18
77.91,77.91,86.79,76.23,57.21
79.07,79.07,91.76,72.25,56.72
76.64,76.64,92.77,68.22,56.96
75.68,75.68,93.38,67.74,58.62
74.89,74.89,89.63,68.54,57.81
76.73,76.73,88.68,71.37,57.12
76.05,76.05,88.87,73.66,59.76
75.53,75.53,85.16,73.33,61.43
78.47,78.47,82.76,79.25,59.81
73.15,73.15,79.81,80.43,59.87
78.32,78.32,74.49,81.81,57.26
76.74,76.74,68.98,82.79,57.36
78.09,78.09,80.11,81.34,58.07
76.37,76.37,81.85,81.98,58.02
79.16,79.16,77.26,80.01,59.40
79.26,79.26,73.65,82.19,59.62
77.30,77.30,69.62,82.85,59.36
76.63,76.63,63.39,82.45,59.34
79.03,79.03,55.48,81.03,59.58
78.99,78.99,51.46,81.32,59.53
78.26,78.26,50.73,82.00,59.49
76.72,76.72,56.09,82.49,60.76
77.79,77.79,61.53,83.71,61.05
76.96,76.96,73.02,84.57,60.76
78.51,78.51,85.72,81.61,62.74
77.13,77.13,83.55,81.10,60.15
73.47,73.47,81.83,81.08,59.02
75.46,75.46,79.54,80.23,58.62
72.01,72.01,73.42,80.02,58.25
73.31,73.31,61.89,80.90,60.69
73.90,73.90,57.18,80.21,61.82
75.01,75.01,52.59,80.92,60.74
73.39,73.39,59.56,81.94,61.63
74.51,74.51,68.49,80.25,62.06
70.50,70.50,75.03,76.88,62.24
69.83,69.83,90.58,69.59,61.81
73.26,73.26,92.94,65.90,59.08
73.02,73.02,92.20,63.88,60.17
71.06,71.06,92.66,63.97,59.21
68.40,68.40,91.36,64.47,61.65
69.98,69.98,88.42,66.03,61.49
71.35,71.35,88.12,69.31,61.72
69.66,69.66,87.83,73.89,61.78
68.51,68.51,81.23,76.59,61.18
69.77,69.77,79.09,78.81,56.76
69.66,69.66,75.10,78.58,57.25
66.82,66.82,79.86,77.84,56.82
68.70,68.70,79.57,80.78,54.80
69.77,69.77,78.84,78.55,57.25
72.56,72.56,79.10,75.88,55.83
68.65,68.65,77.25,83.81,56.84
70.33,70.33,75.85,78.27,58.86
72.22,72.22,72.52,79.96,59.54
72.28,72.28,67.64,80.34,60.61
72.54,72.54,61.84,81.46,62.19
71.52,71.52,58.44,85.17,62.39
70.17,70.17,56.26,82.41,63.38
68.10,68.10,58.56,83.82,61.74
70.75,70.75,66.46,81.25,61.14
77.21,77.21,78.87,80.37,61.94
73.84,73.84,74.34,79.96,60.55
72.17,72.17,71.06,79.61,61.64
70.73,70.73,67.89,81.83,61.99
69.31,69.31,62.41,80.85,62.09
70.56,70.56,57.22,83.40,60.50
67.17,67.17,53.22,79.39,61.43
69.52,69.52,54.28,81.55,63.74
69.56,69.56,57.84,86.49,65.80
70.93,70.93,60.01,82.83,65.45
69.76,69.76,68.22,81.22,66.00
68.93,68.93,83.48,83.30,65.53
66.71,66.71,86.26,79.75,65.67
66.42,66.42,84.43,80.67,66.48
66.67,66.67,81.41,81.30,64.90
66.27,66.27,77.42,81.02,63.67
67.43,67.43,65.08,83.12,64.36
64.98,64.98,63.81,82.81,63.99
66.20,66.20,64.85,81.97,63.40
66.78,66.78,68.86,83.22,61.92
69.45,69.45,70.78,82.40,60.73
68.97,68.97,71.40,84.35,56.94
71.73,71.73,72.10,81.49,57.64
75.14,75.14,78.05,80.45,57.27
75.83,75.83,75.13,81.87,58.12
74.86,74.86,73.19,83.28,60.28
76.71,76.71,70.50,83.34,60.88
77.17,77.17,66.24,84.52,59.48
76.40,76.40,62.24,82.71,61.46
79.00,79.00,54.77,84.97,59.04
80.20,80.20,55.54,83.89,58.24
76.19,76.19,63.52,80.99,57.57
78.30,78.30,71.75,84.80,63.26
75.57,75.57,77.18,81.42,64.96
74.59,74.59,89.37,75.29,62.57
75.19,75.19,92.49,68.14,61.91
74.39,74.39,92.06,68.80,61.22
73.89,73.89,93.60,67.14,59.34
75.11,75.11,89.93,65.73,58.76
76.36,76.36,87.64,70.65,57.95
76.36,76.36,88.28,72.07,58.12
75.92,75.92,85.05,74.96,57.64
76.51,76.51,81.79,79.26,58.04
76.90,76.90,78.50,82.30,57.36
76.65,76.65,76.44,81.64,56.68
75.81,75.81,71.46,81.71,57.12
74.28,74.28,80.48,84.28,57.65
73.41,73.41,80.24,79.16,59.30
76.54,76.54,75.82,79.73,59.09
75.14,75.14,78.26,79.82,59.45
73.44,73.44,74.54,81.80,61.11
74.57,74.57,71.04,78.68,60.30
76.85,76.85,77.94,78.67,60.82
75.98,75.98,74.27,81.40,63.62
77.10,77.10,67.88,76.97,63.27
76.61,76.61,67.26,82.12,63.72
76.52,76.52,68.25,79.74,63.29
76.41,76.41,75.68,83.74,60.03
76.66,76.66,86.98,78.78,59.17
76.69,76.69,84.75,79.96,60.79
71.20,71.20,78.94,72.29,57.72
76.82,76.82,80.18,77.70,60.90
74.22,74.22,74.80,78.27,61.48
71.69,71.69,72.76,78.20,60.97
70.59,70.59,72.32,81.73,62.29
73.99,73.99,71.31,78.76,61.21
69.78,69.78,70.46,81.02,61.05
69.18,69.18,71.34,81.05,61.52
68.38,68.38,75.18,80.55,59.72
68.76,68.76,90.80,70.82,58.17
72.17,72.17,92.18,69.85,59.27
75.08,75.08,91.35,68.36,59.87
72.93,72.93,90.33,69.15,60.08
70.95,70.95,91.25,70.20,60.24
72.26,72.26,87.28,72.48,61.57
75.31,75.31,85.77,71.31,60.89
77.48,77.48,86.40,78.43,60.14
79.68,79.68,80.51,79.36,59.41
79.49,79.49,74.82,82.85,56.69
79.36,79.36,73.24,81.99,55.25
76.05,76.05,77.66,80.44,53.06
70.58,70.58,78.97,76.50,50.21
65.93,65.93,78.47,73.52,52.56
68.57,68.57,77.31,73.67,54.12
68.84,68.84,76.15,74.28,54.31
69.31,69.31,74.39,70.51,54.69
71.50,71.50,71.85,74.17,56.77
78.57,78.57,70.38,75.22,59.56
79.47,79.47,65.50,73.78,58.98
79.72,79.72,59.79,74.22,61.15
79.75,79.75,57.98,74.06,60.27
76.89,76.89,53.77,77.10,60.28
77.80,77.80,54.67,75.08,61.26
83.43,83.43,64.06,77.69,62.30
80.02,80.02,66.06,65.53,58.92
80.78,80.78,64.71,52.17,57.07
80.28,80.28,63.94,55.30,58.02
73.51,73.51,64.56,51.03,57.83
70.16,70.16,74.42,49.34,62.53
74.41,74.41,75.76,48.28,62.61
77.28,77.28,75.44,51.47,61.01
74.67,74.67,76.23,41.94,60.83
70.65,70.65,72.90,37.54,60.16
79.57,79.57,76.05,40.62,59.84
79.52,79.52,85.87,54.30,60.04
77.51,77.51,85.15,50.59,58.35
78.94,78.94,84.12,46.04,58.96
76.99,76.99,83.00,39.66,60.84
74.58,74.58,78.09,47.77,60.48
73.20,73.20,74.16,33.80,57.92
74.20,74.20,71.69,30.44,56.27
75.72,75.72,72.60,24.56,56.66
73.72,73.72,70.94,28.02,56.35
71.89,71.89,69.79,31.17,58.34
75.41,75.41,67.48,27.37,57.46
77.63,77.63,70.97,30.41,58.24
80.50,80.50,80.92,35.27,57.46
81.37,81.37,77.09,37.98,57.92
79.94,79.94,72.50,38.44,61.77
78.24,78.24,70.10,38.58,59.94
77.35,77.35,66.70,39.48,60.82
80.19,80.19,64.28,42.20,59.52
81.85,81.85,63.66,44.12,59.36
82.38,82.38,63.33,45.42,60.05
82.68,82.68,60.56,45.00,59.53
78.33,78.33,65.94,48.19,55.97
71.97,71.97,71.08,53.80,50.91
74.52,74.52,91.08,58.80,47.46
74.46,74.46,93.22,60.96,46.11
77.91,77.91,92.16,63.16,47.57
78.07,78.07,91.65,62.64,46.58
75.62,75.62,91.23,65.41,48.39
69.18,69.18,87.49,67.67,50.10
76.80,76.80,86.45,71.06,52.20
79.41,79.41,86.98,75.66,53.15
79.54,79.54,80.67,77.34,53.89
79.60,79.60,76.28,80.25,52.55
79.74,79.74,70.64,81.83,54.29
81.18,81.18,57.72,81.78,54.01
83.52,83.52,63.11,82.35,54.07
80.98,80.98,58.41,77.38,51.20
79.15,79.15,58.32,81.32,50.25
78.68,78.68,64.68,81.83,55.14
78.55,78.55,66.35,82.25,54.59
79.54,79.54,66.65,81.92,53.27
80.38,80.38,74.80,82.62,53.58
82.79,82.79,70.57,82.80,53.23
83.03,83.03,64.82,83.48,52.22
82.42,82.42,59.69,83.25,54.37
82.49,82.49,60.32,83.85,57.01
81.93,81.93,74.97,83.80,56.85
82.50,82.50,84.91,82.02,55.90
82.21,82.21,82.88,81.02,55.27
77.91,77.91,79.91,81.23,53.29
77.32,77.32,78.77,81.67,54.78
80.37,80.37,73.91,81.67,56.99
80.20,80.20,72.51,80.80,59.36
79.70,79.70,70.51,81.18,60.13
76.82,76.82,70.02,81.14,59.27
76.08,76.08,69.25,81.94,60.11
75.86,75.86,72.36,81.26,58.83
74.59,74.59,80.95,78.32,57.99
73.87,73.87,90.08,74.02,56.91
72.50,72.50,93.29,66.11,56.49
76.16,76.16,91.98,63.63,55.07
77.00,77.00,89.79,61.25,54.64
75.81,75.81,88.87,66.18,55.73
76.89,76.89,87.78,66.15,55.28
75.05,75.05,84.84,69.18,55.81
74.67,74.67,84.94,70.69,59.27
75.19,75.19,82.47,72.27,63.38
76.68,76.68,75.30,76.32,58.25
76.60,76.60,74.25,79.11,56.53
73.93,73.93,77.64,79.72,55.12
72.65,72.65,79.33,81.06,53.43
73.06,73.06,79.68,83.59,51.38
69.92,69.92,76.10,83.95,46.35
71.18,71.18,75.93,82.61,50.24
70.36,70.36,73.29,87.51,55.44
70.40,70.40,70.12,82.86,55.97
76.32,76.32,62.61,84.92,56.72
79.73,79.73,59.60,84.97,58.78
80.80,80.80,53.18,82.64,58.06
81.93,81.93,49.67,84.75,57.25
80.77,80.77,48.27,83.83,58.46
83.80,83.80,48.83,84.29,57.96
83.54,83.54,52.81,82.74,58.22
79.93,79.93,52.78,81.53,55.46
78.37,78.37,54.16,81.36,57.41
77.53,77.53,57.84,81.86,59.35
76.05,76.05,61.67,83.07,57.40
72.64,72.64,71.08,83.81,56.58
74.19,74.19,69.17,82.06,57.76
74.70,74.70,64.41,84.78,57.39
75.56,75.56,61.20,81.37,56.73
74.16,74.16,57.55,82.25,60.42
76.86,76.86,61.03,84.59,59.07
85.29,85.29,68.73,78.48,58.62
84.32,84.32,71.81,83.93,56.38
81.65,81.65,72.01,78.00,53.28
79.79,79.79,72.69,82.67,53.55
77.31,77.31,69.01,80.24,55.18
75.90,75.90,65.96,76.73,57.34
75.61,75.61,64.71,82.29,57.78
73.42,73.42,67.35,81.50,57.27
75.57,75.57,66.57,79.66,57.74
75.56,75.56,65.45,80.42,57.51
75.01,75.01,62.54,77.56,57.02
77.07,77.07,60.96,77.41,56.32
79.54,79.54,64.91,81.99,57.93
77.48,77.48,61.98,80.40,59.13
75.42,75.42,59.46,83.62,59.98
75.87,75.87,61.64,80.07,59.72
75.04,75.04,60.34,80.60,59.26
71.34,71.34,62.08,83.24,60.34
73.24,73.24,56.98,79.59,63.28
70.25,70.25,53.49,83.92,61.54
74.05,74.05,64.08,83.99,60.61
80.20,80.20,73.33,80.66,55.79
80.80,80.80,76.21,81.22,52.94
78.37,78.37,90.82,74.11,47.44
77.46,77.46,91.92,65.74,45.64
74.81,74.81,91.54,65.21,46.47
71.46,71.46,90.85,65.81,47.77
69.32,69.32,91.38,62.46,49.68
70.39,70.39,88.18,69.86,48.95
76.50,76.50,86.43,73.80,51.15
79.99,79.99,86.55,74.66,54.76
78.40,78.40,80.78,78.56,53.19
80.32,80.32,75.53,80.15,54.21
83.48,83.48,70.47,83.02,52.43
81.67,81.67,62.51,84.11,51.03
82.92,82.92,65.03,79.60,49.25
81.09,81.09,63.94,81.11,47.62
76.90,76.90,60.11,83.03,48.05
78.14,78.14,60.34,80.27,48.89
71.36,71.36,57.58,80.60,48.24
71.07,71.07,56.38,83.18,49.72
76.83,76.83,61.84,81.16,49.29
77.58,77.58,58.42,80.96,50.27
78.82,78.82,55.89,78.79,50.96
80.72,80.72,54.86,84.55,53.08
78.88,78.88,62.20,77.43,51.48
80.48,80.48,71.97,81.28,54.60
81.61,81.61,79.14,81.86,55.78
79.02,79.02,79.29,82.32,56.13
76.75,76.75,77.69,80.14,57.93
75.23,75.23,75.67,78.29,60.37
73.31,73.31,71.75,82.20,59.20
71.23,71.23,68.42,80.70,58.21
70.58,70.58,65.78,80.04,57.48
72.17,72.17,64.69,78.33,57.03
71.57,71.57,64.13,84.02,57.60
70.62,70.62,70.36,77.46,57.63
70.61,70.61,76.67,78.97,57.34
77.94,77.94,89.84,68.45,54.72
77.24,77.24,91.89,64.96,54.70
75.27,75.27,93.60,65.73,59.20
70.39,70.39,89.98,65.04,57.53
68.49,68.49,88.15,69.25,58.13
69.41,69.41,89.02,70.26,60.02
72.53,72.53,85.79,72.50,61.96
72.89,72.89,83.97,75.63,61.94
75.10,75.10,82.46,77.95,59.89
73.71,73.71,73.37,79.86,56.05
72.86,72.86,74.02,82.29,51.77
68.14,68.14,77.61,81.09,44.22
70.06,70.06,79.39,82.88,42.92
73.89,73.89,78.48,77.42,43.36
77.72,77.72,76.11,79.31,45.12
75.79,75.79,72.94,80.62,45.74
75.98,75.98,70.27,83.33,47.93
76.16,76.16,66.66,79.40,50.74
73.16,73.16,59.85,77.19,49.02
72.46,72.46,53.95,84.49,48.70
73.90,73.90,49.71,79.65,48.90
75.53,75.53,46.65,81.68,46.98
73.71,73.71,46.98,80.91,46.71
80.22,80.22,58.46,85.72,47.87
82.44,82.44,64.37,82.48,44.27
79.47,79.47,61.23,79.76,45.63
79.21,79.21,59.78,81.34,47.46
78.41,78.41,58.35,80.52,49.79
78.37,78.37,63.68,81.55,51.74
79.62,79.62,71.79,80.70,51.10
78.34,78.34,71.35,81.41,51.17
78.52,78.52,71.99,76.40,54.61
78.24,78.24,71.16,82.75,55.95
79.08,79.08,71.59,78.02,53.57
80.50,80.50,77.59,81.37,52.91
78.33,78.33,86.16,78.23,55.22
78.82,78.82,85.43,79.63,56.50
78.05,78.05,83.50,79.55,54.23
75.30,75.30,81.57,78.99,52.61
74.20,74.20,77.10,80.28,51.48
74.79,74.79,71.76,78.61,51.84
73.88,73.88,69.86,81.94,52.46
72.52,72.52,69.97,78.13,51.40
73.82,73.82,69.18,79.92,52.38
75.85,75.85,68.06,80.73,51.34
71.85,71.85,67.51,82.08,53.13
73.31,73.31,71.64,80.01,52.08
74.13,74.13,77.77,79.93,51.56
74.52,74.52,73.29,82.73,53.71
78.02,78.02,70.04,82.40,58.68
77.36,77.36,65.44,80.84,53.86
74.35,74.35,63.43,80.40,51.55
74.08,74.08,63.00,84.18,53.79
73.37,73.37,59.79,80.52,54.47
72.82,72.82,58.18,79.36,55.76
72.32,72.32,57.07,80.71,53.37
71.16,71.16,58.28,84.30,47.71
72.90,72.90,57.68,80.25,44.35
73.63,73.63,64.12,81.86,40.46
78.08,78.08,63.45,80.27,45.32
77.63,77.63,57.69,82.30,44.98
76.61,76.61,54.26,80.84,46.42
77.32,77.32,51.62,81.01,48.77
74.09,74.09,47.39,81.95,51.06
79.34,79.34,50.88,83.59,54.17
83.25,83.25,46.70,81.98,55.85
80.47,80.47,40.57,83.82,54.35
80.44,80.44,35.96,83.89,53.48
81.84,81.84,35.98,84.13,51.99
79.82,79.82,37.60,82.43,53.63
84.32,84.32,51.87,81.16,49.94
81.65,81.65,48.42,83.12,48.51
78.19,78.19,49.16,84.17,47.59
78.48,78.48,54.01,82.21,50.25
77.74,77.74,64.21,83.17,51.41
80.23,80.23,68.96,83.73,53.54
80.10,80.10,76.71,80.64,54.39
78.40,78.40,69.47,81.94,49.84
78.37,78.37,63.16,82.64,47.87
77.59,77.59,58.58,82.06,55.34
77.99,77.99,57.56,82.10,53.28
78.87,78.87,74.05,80.01,57.24
82.13,82.13,79.27,78.72,58.12
79.85,79.85,77.76,80.14,55.56
77.54,77.54,75.68,81.81,55.50
76.70,76.70,75.09,81.08,56.13
75.48,75.48,70.55,80.93,55.06
76.81,76.81,68.43,80.94,58.09
77.88,77.88,67.60,81.42,55.29
78.22,78.22,66.03,82.24,56.38
76.38,76.38,67.68,82.45,55.97
74.15,74.15,72.61,78.76,53.80
74.12,74.12,80.30,77.46,52.23
73.82,73.82,90.26,70.09,51.88
74.76,74.76,92.12,65.73,51.98
75.37,75.37,93.30,63.60,49.22
74.23,74.23,90.64,63.45,50.35
76.61,76.61,87.94,65.36,51.74
74.54,74.54,87.65,68.75,53.54
75.04,75.04,86.09,73.36,52.17
75.38,75.38,82.95,73.94,51.25
76.38,76.38,79.67,77.18,49.66
77.11,77.11,74.31,77.59,49.88
76.26,76.26,74.06,77.94,50.24
73.63,73.63,77.26,80.84,48.69
72.33,72.33,79.39,81.79,47.12
70.35,70.35,77.75,78.70,45.54
70.57,70.57,76.15,83.63,44.46
70.77,70.77,74.20,81.17,48.19
70.77,70.77,71.43,85.98,54.16
76.44,76.44,69.47,80.96,55.15
78.82,78.82,62.41,80.65,53.05
80.11,80.11,56.79,83.33,57.57
80.85,80.85,53.32,80.28,58.36
80.19,80.19,50.35,84.08,58.23
79.27,79.27,51.12,83.57,57.52
81.98,81.98,54.36,80.40,57.13
81.88,81.88,58.46,81.85,56.43
77.93,77.93,59.59,79.30,55.96
76.17,76.17,57.97,83.88,58.97
74.17,74.17,56.29,81.19,61.66
77.70,77.70,59.70,82.17,57.65
76.67,76.67,66.19,84.79,59.46
75.61,75.61,69.01,82.61,60.11
74.93,74.93,66.92,83.99,58.51
73.18,73.18,67.68,82.97,58.45
74.11,74.11,69.21,81.81,59.99
77.76,77.76,75.58,82.88,58.88
78.07,78.07,84.87,79.56,55.53
75.62,75.62,84.29,76.83,55.75
74.32,74.32,81.58,77.43,55.13
74.37,74.37,79.58,76.20,54.02
75.04,75.04,74.82,80.35,52.64
75.95,75.95,70.44,81.86,53.82
76.50,76.50,67.15,79.17,52.53
74.25,74.25,67.35,79.55,51.16
76.10,76.10,67.80,79.00,51.31
75.08,75.08,68.60,81.69,51.21
77.05,77.05,70.58,81.99,47.69
77.69,77.69,75.71,78.24,49.56
77.17,77.17,76.34,81.81,47.56
74.15,74.15,76.04,77.92,44.58
75.24,75.24,75.04,81.04,45.57
76.27,76.27,73.29,80.09,47.59
74.92,74.92,71.54,78.69,48.89
75.31,75.31,69.97,83.22,52.13
75.54,75.54,67.51,83.40,53.41
78.23,78.23,65.61,80.60,52.00
77.11,77.11,64.24,83.32,50.67
71.09,71.09,69.06,80.77,48.09
69.00,69.00,81.45,79.06,47.03
64.71,64.71,91.31,71.95,48.38
64.40,64.40,91.77,63.58,52.90
64.14,64.14,94.70,69.37,51.26
60.82,60.82,90.78,69.81,51.39
62.62,62.62,89.05,65.18,52.66
62.27,62.27,90.44,71.57,52.82
62.88,62.88,87.27,76.77,54.12
64.17,64.17,85.19,76.86,56.71
63.61,63.61,83.42,82.40,54.50
63.35,63.35,73.59,82.19,52.53
64.07,64.07,65.54,80.70,50.89
76.16,76.16,67.15,81.74,51.89
76.56,76.56,81.52,82.41,49.36
76.21,76.21,77.44,81.72,48.80
74.76,74.76,73.84,81.32,50.47
73.22,73.22,70.10,84.81,51.25
73.30,73.30,63.27,79.99,49.59
73.18,73.18,57.88,80.52,50.41
73.27,73.27,55.43,83.38,50.89
73.93,73.93,56.29,81.71,49.22
72.84,72.84,61.36,83.23,49.80
72.41,72.41,63.73,81.87,49.03
70.87,70.87,67.45,86.07,47.51
71.00,71.00,83.58,78.81,50.39
71.47,71.47,84.19,79.21,47.84
71.48,71.48,82.85,80.38,48.75
70.95,70.95,80.96,82.81,51.44
68.61,68.61,77.09,78.00,52.09
70.09,70.09,67.12,76.42,52.81
69.82,69.82,59.28,85.60,54.69
68.57,68.57,57.40,82.79,55.77
66.64,66.64,55.44,84.68,56.80
63.01,63.01,63.89,82.02,55.93
58.24,58.24,69.11,86.69,58.75
61.59,61.59,82.91,75.82,57.58
58.51,58.51,92.15,70.72,54.90
59.69,59.69,93.00,66.43,54.86
61.45,61.45,92.65,63.28,54.69
64.50,64.50,92.98,69.32,55.05
66.94,66.94,89.15,70.34,53.43
67.84,67.84,88.02,72.29,51.93
70.09,70.09,89.19,76.40,51.88
72.17,72.17,85.26,76.68,52.05
73.99,73.99,81.56,81.03,51.53
72.19,72.19,78.86,80.89,49.99
70.36,70.36,72.13,82.71,47.18
66.47,66.47,77.43,81.78,45.63
65.84,65.84,80.11,75.05,42.52
69.71,69.71,77.61,72.41,43.28
70.23,70.23,77.11,73.95,42.37
70.82,70.82,74.75,74.93,42.89
70.09,70.09,73.94,76.18,45.36
71.33,71.33,72.79,76.81,48.05
67.09,67.09,68.48,75.94,51.01
68.89,68.89,66.23,74.03,56.58
66.23,66.23,64.46,77.25,59.20
63.87,63.87,64.43,79.91,60.12
61.83,61.83,66.47,77.26,59.47
72.25,72.25,78.52,78.72,62.19
73.74,73.74,80.38,77.20,62.20
69.69,69.69,75.47,60.92,58.78
66.39,66.39,71.29,62.55,57.80
62.18,62.18,67.26,54.20,59.17
60.68,60.68,62.58,55.69,62.77
59.78,59.78,58.17,52.33,60.16
62.54,62.54,56.13,46.43,58.98
66.35,66.35,56.50,45.60,60.95
69.03,69.03,61.88,42.84,59.35
71.91,71.91,72.44,42.71,52.35
78.52,78.52,78.87,43.44,52.02
79.81,79.81,86.27,41.66,49.28
80.05,80.05,83.33,51.04,49.55
77.23,77.23,81.76,41.24,51.73
77.32,77.32,79.55,43.92,51.73
76.23,76.23,73.76,37.75,50.95
73.96,73.96,64.67,38.42,51.74
71.91,71.91,60.38,22.09,50.48
74.34,74.34,52.37,21.63,49.62
69.44,69.44,49.66,18.21,49.64
66.68,66.68,53.42,27.91,48.95
73.11,73.11,56.36,32.58,49.95
78.19,78.19,71.03,34.33,49.97
80.81,80.81,78.85,29.61,55.75
79.63,79.63,74.04,24.57,54.59
79.62,79.62,66.42,23.27,54.13
77.93,77.93,60.21,15.83,53.95
78.87,78.87,53.54,26.25,49.95
81.35,81.35,52.10,35.26,49.54
79.45,79.45,48.55,30.59,49.90
79.51,79.51,49.10,29.83,48.96
79.07,79.07,54.98,36.92,46.52
77.20,77.20,63.93,48.12,46.20
74.39,74.39,79.54,58.15,50.67
72.22,72.22,92.15,61.27,49.96
73.13,73.13,92.78,64.71,53.26
74.65,74.65,93.24,65.76,56.29
75.86,75.86,92.58,66.34,56.81
73.12,73.12,88.75,67.75,57.71
67.02,67.02,88.10,72.29,57.02
64.27,64.27,87.96,73.57,57.05
65.90,65.90,83.93,77.42,55.66
61.57,61.57,81.34,80.56,53.31
61.33,61.33,78.11,81.74,54.74
64.89,64.89,72.00,83.07,55.48
75.61,75.61,75.82,81.08,57.27
78.17,78.17,78.73,79.38,54.03
76.75,76.75,75.65,78.97,53.55
75.63,75.63,71.11,79.57,51.93
76.04,76.04,67.84,80.91,50.85
74.54,74.54,68.11,82.91,52.78
75.67,75.67,71.04,82.20,54.62
76.50,76.50,67.84,79.86,54.63
78.74,78.74,65.65,79.85,54.01
77.92,77.92,67.30,78.16,56.00
76.00,76.00,69.83,80.32,57.68
73.12,73.12,73.05,80.64,58.33
73.31,73.31,81.23,80.26,53.58
73.37,73.37,82.23,81.60,55.00
72.52,72.52,81.39,83.07,57.28
77.37,77.37,80.10,83.13,56.56
78.99,78.99,77.31,80.91,55.35
77.90,77.90,66.40,81.73,57.29
79.49,79.49,58.81,82.42,56.58
77.82,77.82,52.94,82.81,55.38
78.61,78.61,54.43,82.69,56.48
77.66,77.66,61.48,82.28,58.53
75.93,75.93,72.98,78.56,57.52
73.96,73.96,86.43,76.73,58.14
74.85,74.85,92.31,64.79,57.07
73.20,73.20,92.41,65.53,57.44
72.98,72.98,91.33,63.55,56.22
70.39,70.39,91.99,65.82,55.56
70.30,70.30,89.73,67.73,57.27
66.94,66.94,87.42,66.83,55.54
65.47,65.47,87.42,72.57,56.14
66.94,66.94,85.62,74.35,59.19
63.41,63.41,77.03,77.08,59.14
63.45,63.45,74.32,77.41,55.63
63.15,63.15,70.31,76.69,51.45
64.07,64.07,78.49,78.38,50.36
67.93,67.93,80.04,81.99,49.83
71.41,71.41,78.76,84.40,50.39
69.85,69.85,77.51,79.33,52.74
74.56,74.56,75.44,81.33,56.47
80.30,80.30,72.70,83.46,59.42
81.50,81.50,67.16,83.12,61.67
80.10,80.10,57.49,83.07,59.12
78.13,78.13,51.36,79.99,60.14
77.46,77.46,51.84,80.55,59.31
75.07,75.07,56.55,79.41,58.14
76.90,76.90,64.29,81.50,57.68
76.43,76.43,81.68,79.80,58.39
76.90,76.90,80.86,76.78,57.42
75.59,75.59,76.85,82.02,56.68
74.84,74.84,72.73,81.54,60.23
80.14,80.14,66.58,80.46,60.93
81.75,81.75,57.65,81.79,59.51
80.94,80.94,50.69,80.88,58.74
79.15,79.15,46.99,85.15,60.32
78.78,78.78,51.71,83.27,60.54
76.38,76.38,59.52,79.98,60.27
74.04,74.04,65.14,82.96,58.09
72.46,72.46,78.08,81.75,59.43
67.68,67.68,84.69,83.10,58.27
67.60,67.60,82.14,81.01,59.85
68.10,68.10,79.65,79.74,59.09
67.92,67.92,78.34,85.02,58.39
65.99,65.99,71.31,82.44,60.27
64.17,64.17,63.05,84.60,63.77
65.99,65.99,58.57,84.49,64.84
67.05,67.05,53.60,82.83,64.45
67.91,67.91,54.32,86.60,62.67
67.23,67.23,60.87,84.78,63.31
71.93,71.93,71.19,84.22,63.79
74.80,74.80,77.01,83.51,59.34
77.64,77.64,77.79,80.99,58.57
79.20,79.20,73.63,82.19,60.16
75.84,75.84,67.99,84.33,61.61
80.33,80.33,61.62,82.00,61.10
80.86,80.86,57.09,83.89,65.05
77.05,77.05,51.83,82.21,65.56
80.99,80.99,49.12,80.35,66.91
81.59,81.59,54.09,84.34,64.17
80.02,80.02,65.50,80.28,61.35
79.47,79.47,73.32,84.02,58.69
76.95,76.95,82.42,84.09,58.41
76.63,76.63,92.23,66.33,58.91
77.22,77.22,91.39,67.68,59.21
74.26,74.26,91.36,69.48,58.11
73.13,73.13,92.50,65.93,58.02
75.90,75.90,88.23,69.99,59.88
78.35,78.35,86.50,67.66,61.49
77.71,77.71,87.05,73.90,65.08
79.40,79.40,83.34,74.86,63.13
80.13,80.13,79.47,77.05,63.93
75.41,75.41,76.57,76.81,65.80
77.23,77.23,68.18,80.95,63.47
77.69,77.69,73.93,77.96,61.80
77.92,77.92,81.91,78.02,61.90
78.38,78.38,77.58,81.26,62.54
78.00,78.00,74.42,77.17,58.77
80.47,80.47,68.80,82.02,60.41
81.71,81.71,64.08,80.95,58.60
77.17,77.17,57.27,81.88,58.17
76.59,76.59,51.10,82.39,60.39
77.67,77.67,51.77,80.89,62.92
79.18,79.18,58.09,84.16,59.01
77.51,77.51,62.06,80.18,55.79
77.05,77.05,72.45,83.58,56.89
75.61,75.61,84.50,79.81,59.05
75.29,75.29,83.34,82.20,58.66
73.90,73.90,82.43,76.65,61.24
74.78,74.78,79.56,81.10,62.95
77.64,77.64,77.02,83.43,60.59
81.44,81.44,68.13,82.05,61.76
80.97,80.97,62.62,82.78,62.51
82.46,82.46,60.04,80.79,63.07
79.70,79.70,58.12,83.86,63.54
79.64,79.64,62.25,81.47,63.30
80.43,80.43,72.58,75.38,61.76
76.42,76.42,84.44,74.30,61.77
75.53,75.53,91.65,63.91,60.37
75.18,75.18,93.21,64.68,61.52
75.62,75.62,91.40,59.54,61.80
76.58,76.58,90.07,67.27,62.83
75.47,75.47,90.94,67.30,62.93
74.76,74.76,87.09,73.15,63.01
73.89,73.89,86.00,73.35,63.78
73.11,73.11,86.21,78.89,63.71
74.12,74.12,78.73,76.92,64.20
71.98,71.98,74.30,76.68,64.32
68.25,68.25,71.34,81.01,61.85
61.57,61.57,78.72,82.98,64.55
65.04,65.04,79.48,78.70,62.45
67.13,67.13,79.15,80.27,64.60
69.53,69.53,78.05,79.28,62.88
69.82,69.82,76.78,82.68,66.48
67.58,67.58,80.01,80.03,67.64
65.79,65.79,77.49,79.92,67.28
70.27,70.27,72.79,83.25,68.56
68.89,68.89,68.09,84.05,68.77
78.73,78.73,73.57,82.57,69.23
79.18,79.18,73.06,79.59,68.44
74.63,74.63,69.72,84.19,68.83
70.07,70.07,67.95,82.92,67.68
72.92,72.92,74.26,81.09,68.91
74.08,74.08,79.63,82.07,68.12
69.72,69.72,74.91,83.30,69.07
66.46,66.46,71.30,81.67,67.70
69.38,69.38,68.35,79.91,70.00
80.70,80.70,77.42,84.11,67.34
78.75,78.75,73.51,81.51,68.03
72.85,72.85,69.79,81.28,66.84
65.21,65.21,69.58,83.23,66.07
58.59,58.59,69.68,84.33,62.53
61.10,61.10,81.05,79.93,64.71
59.90,59.90,84.75,80.98,62.25
62.14,62.14,83.34,81.80,63.50
60.03,60.03,81.24,82.68,62.51
62.35,62.35,79.00,80.88,63.75
64.04,64.04,72.69,81.24,65.44
64.14,64.14,66.07,85.03,66.58
63.82,63.82,62.99,83.03,65.51
61.47,61.47,58.27,84.70,65.51
65.06,65.06,58.08,83.23,64.68
65.77,65.77,61.29,86.21,63.59
69.38,69.38,65.07,82.95,64.41
69.12,69.12,77.79,84.81,67.11
70.22,70.22,78.18,83.75,65.16
74.46,74.46,73.79,83.80,65.49
74.71,74.71,68.96,82.69,68.52
74.32,74.32,63.59,81.65,70.87
76.24,76.24,59.25,84.82,67.28
76.73,76.73,52.95,84.27,65.33
78.49,78.49,48.24,84.02,64.56
76.61,76.61,51.79,81.81,64.68
78.49,78.49,58.31,85.98,63.68
77.56,77.56,69.23,78.67,62.96
77.95,77.95,83.75,79.15,64.00
78.00,78.00,91.60,70.73,62.70
77.98,77.98,93.06,66.75,64.41
75.69,75.69,90.99,67.42,63.99
74.31,74.31,90.83,66.36,65.49
76.69,76.69,90.48,68.75,65.24
74.72,74.72,86.42,71.64,67.65
73.52,73.52,86.43,73.87,67.84
77.68,77.68,85.41,77.28,69.35
71.81,71.81,79.07,78.62,66.55
77.17,77.17,75.05,82.72,64.76
75.30,75.30,71.84,79.45,64.74
78.04,78.04,76.66,82.45,65.16
75.91,75.91,82.23,79.06,63.60
78.01,78.01,77.44,80.68,64.40
78.46,78.46,74.31,79.91,64.14
78.09,78.09,69.51,82.47,63.60
76.20,76.20,63.31,83.26,64.66
77.67,77.67,57.13,81.50,62.23
79.03,79.03,53.81,82.64,64.20
77.07,77.07,53.10,83.68,62.35
76.98,76.98,58.14,84.21,64.03
77.52,77.52,62.48,85.05,65.36
75.52,75.52,72.04,83.37,66.82
76.50,76.50,83.78,80.94,66.12
76.34,76.34,83.56,80.22,67.76
71.18,71.18,81.17,80.60,65.17
70.50,70.50,81.43,80.31,63.57
69.69,69.69,76.54,81.08,65.12
71.13,71.13,64.58,80.36,64.38
72.29,72.29,59.82,80.54,66.21
72.86,72.86,57.12,81.41,64.40
72.86,72.86,57.46,81.47,64.74
75.01,75.01,63.02,79.79,65.03
71.51,71.51,71.47,76.96,63.39
69.65,69.65,87.96,73.53,63.53
72.57,72.57,92.05,69.80,63.18
72.40,72.40,94.21,65.47,62.69
70.15,70.15,92.24,64.70,61.66
68.33,68.33,89.99,64.63,62.75
67.91,67.91,90.45,67.85,64.91
71.34,71.34,88.64,68.74,62.39
68.90,68.90,85.82,72.75,63.65
66.62,66.62,84.44,75.17,64.31
66.37,66.37,79.63,77.61,62.04
69.39,69.39,76.02,80.28,63.27
69.15,69.15,75.21,79.54,58.39
68.70,68.70,79.77,79.42,61.37
69.88,69.88,80.33,77.22,59.95
74.07,74.07,76.81,78.61,61.88
69.22,69.22,76.42,82.10,61.31
69.82,69.82,74.98,84.55,64.03
72.28,72.28,72.29,82.56,65.98
71.61,71.61,67.48,81.53,66.77
74.34,74.34,61.18,81.74,64.66
71.92,71.92,57.08,80.51,65.89
71.18,71.18,54.70,82.07,65.84
67.66,67.66,59.61,81.97,64.33
69.32,69.32,66.82,80.29,64.85
69.86,69.86,81.89,83.23,63.63
68.61,68.61,79.82,78.06,64.01
70.30,70.30,75.70,81.99,64.07
69.57,69.57,69.63,81.73,64.02
70.45,70.45,64.22,82.93,64.86
69.25,69.25,56.36,84.80,62.67
66.24,66.24,50.20,84.02,61.10
69.44,69.44,51.06,82.10,63.85
68.81,68.81,55.74,84.58,65.73
68.72,68.72,62.88,83.39,66.19
68.06,68.06,68.46,83.40,65.16
68.14,68.14,81.73,83.85,66.27
64.66,64.66,84.19,79.84,67.12
66.62,66.62,83.07,85.09,66.92
64.23,64.23,80.70,82.64,67.74
66.43,66.43,78.49,82.82,65.90
67.17,67.17,69.16,84.69,66.71
65.62,65.62,61.33,82.90,66.87
65.53,65.53,55.68,86.43,66.80
68.16,68.16,52.93,85.23,66.42
68.20,68.20,53.35,83.81,64.89
68.61,68.61,56.00,85.32,60.63
72.06,72.06,61.79,82.73,62.01
81.76,81.76,67.62,81.01,64.86
82.79,82.79,68.10,83.53,70.93
80.09,80.09,64.05,80.09,66.71
82.48,82.48,65.39,85.78,69.21
81.94,81.94,63.16,81.45,70.17
78.79,78.79,58.08,81.95,68.74
83.18,83.18,59.91,82.42,69.13
80.84,80.84,57.18,82.05,71.04
78.98,78.98,58.63,81.90,71.28
82.34,82.34,66.66,83.33,69.18
79.81,79.81,70.99,81.07,66.42
73.56,73.56,85.29,77.87,67.62
73.12,73.12,89.44,66.50,68.49
72.84,72.84,93.52,64.59,67.17
72.39,72.39,90.91,66.32,66.03
74.56,74.56,88.90,63.64,65.54
77.50,77.50,89.66,66.21,63.83
78.91,78.91,85.36,65.73,64.14
79.55,79.55,83.05,70.07,64.00
79.49,79.49,82.18,73.60,66.69
79.74,79.74,77.39,77.28,66.41
81.19,81.19,72.84,75.70,66.24
80.15,80.15,69.82,82.79,64.86
80.75,80.75,66.78,79.48,64.22
80.51,80.51,69.85,80.63,62.94
79.34,79.34,69.87,79.05,64.21
77.54,77.54,68.72,83.00,65.47
76.82,76.82,64.72,80.56,64.48
74.32,74.32,58.94,82.81,61.58
76.73,76.73,52.02,83.29,63.09
78.45,78.45,50.97,82.26,63.74
79.44,79.44,54.61,82.85,63.82
79.41,79.41,59.45,82.71,61.85
77.28,77.28,70.47,84.57,69.96
76.32,76.32,71.79,82.59,66.38
80.88,80.88,80.48,81.78,65.27
80.74,80.74,79.85,79.47,65.99
78.83,78.83,77.18,83.22,62.94
78.48,78.48,76.29,77.10,63.82
75.24,75.24,70.80,81.36,62.16
75.14,75.14,59.14,82.93,60.99
77.03,77.03,56.65,83.51,63.28
79.88,79.88,55.82,82.11,62.94
79.80,79.80,59.33,81.01,60.93
73.87,73.87,65.57,85.01,62.39
73.69,73.69,75.19,78.77,62.17
72.88,72.88,88.06,72.84,61.76
69.14,69.14,92.50,67.63,60.56
70.73,70.73,92.41,66.66,59.82
73.85,73.85,93.41,63.03,60.22
76.70,76.70,89.41,64.04,60.62
76.89,76.89,88.11,68.20,61.71
77.40,77.40,88.89,70.99,60.92
78.65,78.65,85.28,74.80,60.98
77.39,77.39,82.49,76.16,60.63
77.06,77.06,79.23,81.13,58.11
76.03,76.03,71.23,78.70,56.17
74.10,74.10,78.58,79.10,59.08
73.34,73.34,79.50,71.44,56.93
75.12,75.12,78.18,73.29,57.45
74.68,74.68,78.32,74.34,56.46
74.11,74.11,77.01,73.62,59.17
73.94,73.94,75.44,71.92,60.65
76.27,76.27,72.76,76.20,62.64
74.71,74.71,70.21,73.97,63.40
73.62,73.62,63.26,72.87,60.21
73.92,73.92,59.10,76.06,60.01
75.22,75.22,57.84,75.95,60.82
77.75,77.75,59.82,73.22,63.18
75.35,75.35,67.18,72.13,62.36
75.51,75.51,82.75,72.17,61.64
74.46,74.46,78.78,67.57,61.26
74.41,74.41,74.62,59.67,63.46
74.51,74.51,68.90,55.57,61.14
74.45,74.45,65.00,59.01,63.01
77.39,77.39,59.28,66.94,62.67
78.65,78.65,53.54,68.67,58.45
78.07,78.07,51.68,69.40,58.85
74.64,74.64,55.61,67.75,62.32
80.45,80.45,60.02,65.31,60.38
80.69,80.69,61.17,51.63,57.99
85.14,85.14,67.98,60.64,62.76
86.52,86.52,70.25,52.22,61.11
84.45,84.45,72.76,53.63,57.10
81.28,81.28,72.43,55.82,56.21
79.16,79.16,69.55,60.74,58.35
73.82,73.82,59.57,60.86,57.57
73.68,73.68,54.34,57.80,59.08
68.06,68.06,52.87,52.71,55.25
63.88,63.88,48.21,50.35,56.14
66.89,66.89,48.96,51.94,54.69
67.63,67.63,53.37,54.48,53.80
71.67,71.67,58.00,59.76,55.81
77.57,77.57,76.41,64.10,57.46
79.29,79.29,76.78,67.86,54.84
78.90,78.90,71.24,69.28,54.65
78.85,78.85,66.56,67.53,56.26
80.78,80.78,58.92,68.99,56.61
81.93,81.93,52.14,67.46,52.87
80.38,80.38,46.94,69.98,52.01
78.12,78.12,43.88,69.18,51.30
76.08,76.08,52.04,69.32,49.60
72.01,72.01,66.83,60.00,49.50
73.44,73.44,75.38,56.61,49.47
72.36,72.36,87.58,58.44,51.53
70.66,70.66,92.16,59.31,54.04
69.34,69.34,93.70,62.95,52.86
74.47,74.47,92.67,62.07,55.93
72.09,72.09,89.26,63.50,57.62
73.01,73.01,89.17,67.77,58.11
69.69,69.69,88.89,71.37,58.51
67.77,67.77,85.99,74.32,58.20
65.54,65.54,83.89,77.63,58.64
62.62,62.62,79.73,79.13,58.91
68.62,68.62,71.02,81.32,60.40
75.92,75.92,68.17,81.69,60.39
81.34,81.34,68.89,80.94,57.19
82.65,82.65,67.49,78.89,56.38
79.55,79.55,61.77,83.64,56.89
78.75,78.75,58.31,83.24,56.45
79.89,79.89,55.16,83.37,56.94
79.13,79.13,51.83,84.49,57.71
77.67,77.67,47.63,82.98,57.35
80.56,80.56,44.85,84.32,59.61
81.98,81.98,49.12,83.28,59.74
80.22,80.22,53.34,83.49,60.18
82.41,82.41,58.11,85.22,61.99
80.88,80.88,70.54,84.36,57.86
76.32,76.32,86.01,81.01,58.45
74.37,74.37,85.25,82.43,56.27
72.61,72.61,82.10,82.32,54.97
73.92,73.92,80.98,82.07,53.75
71.17,71.17,73.79,82.99,53.84
75.08,75.08,61.19,81.19,54.41
78.72,78.72,55.49,82.52,55.65
77.26,77.26,52.59,82.88,58.41
73.61,73.61,56.95,83.62,57.43
69.75,69.75,67.44,83.34,59.62
73.63,73.63,76.46,81.76,57.83
74.48,74.48,89.11,74.65,56.32
71.32,71.32,92.59,68.21,56.29
72.66,72.66,91.64,63.92,56.36
72.20,72.20,93.62,62.21,58.23
71.60,71.60,90.55,65.31,60.92
76.07,76.07,87.43,67.44,61.68
74.83,74.83,88.32,69.13,58.36
75.62,75.62,86.55,71.68,58.53
75.90,75.90,83.09,73.62,56.64
74.69,74.69,79.69,75.04,56.61
73.72,73.72,76.14,75.87,53.51
71.23,71.23,79.18,75.84,53.49
75.04,75.04,79.37,78.79,50.52
74.03,74.03,78.70,82.64,49.66
75.83,75.83,78.36,82.94,45.96
73.26,73.26,75.80,79.67,50.67
75.91,75.91,75.09,85.06,53.61
75.06,75.06,72.87,81.37,56.09
74.69,74.69,66.53,82.03,55.88
72.11,72.11,60.41,85.50,56.95
72.46,72.46,54.62,83.79,59.72
71.22,71.22,52.96,83.25,61.08
69.06,69.06,54.68,81.18,61.41
73.35,73.35,63.93,83.82,63.11
78.59,78.59,76.50,80.16,61.25
76.32,76.32,72.81,82.03,63.42
75.95,75.95,68.99,82.62,62.57
76.53,76.53,64.52,80.86,60.95
75.74,75.74,59.23,83.89,59.78
76.68,76.68,54.52,77.39,59.19
76.70,76.70,51.15,83.15,58.85
74.82,74.82,52.28,78.52,59.90
69.48,69.48,54.18,79.59,60.02
69.89,69.89,58.81,84.46,59.24
71.15,71.15,72.74,79.08,62.28
74.51,74.51,83.32,81.34,62.09
76.35,76.35,85.76,80.13,59.81
77.38,77.38,84.44,79.03,62.15
75.94,75.94,81.52,80.85,60.47
78.57,78.57,78.58,80.64,58.63
74.82,74.82,65.95,79.10,59.39
74.89,74.89,58.73,82.79,60.93
76.03,76.03,55.33,79.94,62.09
74.40,74.40,52.03,81.78,63.20
77.47,77.47,52.33,84.16,59.16
75.23,75.23,56.80,81.22,61.43
74.89,74.89,60.80,82.43,60.67
75.13,75.13,79.60,82.30,61.30
77.37,77.37,76.08,80.24,63.36
74.43,74.43,72.10,81.42,63.65
71.87,71.87,67.95,78.05,64.80
72.30,72.30,61.80,83.21,67.26
69.67,69.67,54.93,84.85,66.56
70.37,70.37,50.03,80.70,67.40
71.52,71.52,55.14,84.15,64.99
74.83,74.83,65.09,80.47,61.04
75.66,75.66,69.76,83.72,54.69
75.43,75.43,75.33,85.19,51.68
73.13,73.13,89.01,73.00,47.83
71.27,71.27,92.59,70.61,48.48
73.75,73.75,92.26,65.35,48.24
74.93,74.93,93.77,65.34,49.01
75.15,75.15,89.87,65.58,48.16
74.31,74.31,88.06,70.79,49.89
73.86,73.86,89.58,69.11,51.85
76.39,76.39,86.03,70.54,56.89
76.73,76.73,82.98,72.96,56.57
76.30,76.30,79.47,77.94,58.83
74.27,74.27,68.89,81.09,56.45
75.90,75.90,66.50,79.20,55.67
76.73,76.73,80.51,77.14,55.42
74.81,74.81,81.55,83.80,53.99
75.28,75.28,77.65,79.88,55.60
75.02,75.02,73.28,81.98,57.40
77.34,77.34,67.34,81.81,56.07
78.74,78.74,62.79,83.21,56.94
75.51,75.51,56.96,80.04,58.51
71.36,71.36,54.49,83.22,57.63
75.39,75.39,54.49,85.00,55.43
71.22,71.22,58.01,81.94,55.07
70.54,70.54,59.94,83.48,53.43
74.44,74.44,72.81,79.82,54.85
74.64,74.64,86.76,82.13,58.19
74.89,74.89,84.52,76.25,58.54
76.95,76.95,82.67,79.53,55.99
76.25,76.25,80.20,82.21,55.69
76.50,76.50,72.32,83.80,56.91
76.14,76.14,63.11,79.07,55.03
74.69,74.69,59.37,81.35,55.01
76.80,76.80,58.50,85.28,54.50
77.39,77.39,61.18,82.26,56.19
74.96,74.96,66.82,80.27,56.52
75.35,75.35,74.65,78.00,56.16
75.86,75.86,90.88,75.13,55.02
75.68,75.68,92.85,61.18,55.80
72.82,72.82,92.38,62.97,58.11
72.11,72.11,91.63,65.20,58.74
67.37,67.37,92.35,69.66,58.62
68.18,68.18,88.51,66.58,59.95
67.15,67.15,87.59,73.36,61.15
67.95,67.95,88.88,75.69,62.96
65.17,65.17,82.90,74.77,63.23
64.49,64.49,77.27,79.37,60.41
65.65,65.65,75.05,79.59,55.16
69.06,69.06,79.67,82.09,49.85
71.20,71.20,79.68,80.62,48.87
74.41,74.41,76.69,78.84,46.29
76.33,76.33,75.46,78.91,47.68
75.97,75.97,73.84,85.44,46.55
77.93,77.93,71.23,78.12,49.56
75.74,75.74,69.38,81.87,48.89
77.43,77.43,65.63,81.37,48.54
76.58,76.58,62.04,82.22,51.82
76.06,76.06,60.27,79.59,51.31
74.87,74.87,58.82,78.31,52.90
74.73,74.73,62.97,83.64,52.53
72.95,72.95,73.52,78.36,55.89
71.17,71.17,83.07,82.38,52.93
71.74,71.74,78.33,78.90,54.05
74.32,74.32,75.38,80.27,54.65
77.65,77.65,71.29,77.79,57.45
81.16,81.16,68.33,79.53,58.05
77.89,77.89,72.40,81.73,57.71
75.20,75.20,72.79,80.27,58.23
76.23,76.23,70.36,81.26,55.44
76.91,76.91,65.36,80.28,57.96
77.35,77.35,63.08,83.15,56.22
77.00,77.00,63.38,79.40,55.80
83.17,83.17,71.63,82.00,57.29
83.11,83.11,77.32,80.21,58.11
79.34,79.34,80.25,81.60,55.87
76.93,76.93,79.17,79.48,54.10
75.84,75.84,75.43,79.07,53.70
75.86,75.86,62.73,82.32,52.89
76.21,76.21,59.12,79.92,56.06
74.00,74.00,57.67,81.61,54.39
73.78,73.78,52.75,80.53,54.91
75.27,75.27,53.88,84.18,54.32
76.18,76.18,56.76,81.96,55.34
76.99,76.99,60.76,81.10,54.31
76.28,76.28,79.74,80.13,51.09
75.64,75.64,75.02,83.58,52.55
73.71,73.71,69.77,79.17,53.23
74.18,74.18,67.58,80.74,53.49
74.69,74.69,70.78,81.45,55.05
71.54,71.54,72.73,83.32,55.36
70.97,70.97,69.84,81.34,53.10
71.02,71.02,68.16,79.92,52.88
68.64,68.64,67.41,84.32,49.96
67.72,67.72,70.27,82.86,48.47
66.54,66.54,74.70,77.59,47.44
67.63,67.63,90.40,76.83,49.70
67.50,67.50,93.15,61.76,49.76
73.03,73.03,92.46,61.31,47.88
75.86,75.86,92.77,61.25,49.73
75.62,75.62,90.78,64.50,54.25
74.25,74.25,88.00,68.45,51.46
74.05,74.05,87.62,69.60,61.12
77.13,77.13,87.54,71.49,57.43
77.87,77.87,81.69,73.43,63.04
77.15,77.15,76.17,76.96,59.32
75.69,75.69,68.27,81.86,64.88
75.38,75.38,66.66,78.73,57.94
74.64,74.64,81.84,80.47,60.02
73.96,73.96,81.19,81.75,57.69
74.02,74.02,77.36,84.43,57.79
77.79,77.79,72.60,83.42,58.55
80.70,80.70,67.49,83.57,56.66
80.26,80.26,68.12,82.39,56.52
73.95,73.95,77.86,85.28,54.53
71.28,71.28,78.36,83.26,55.30
70.40,70.40,77.91,85.12,55.93
69.57,69.57,78.06,83.76,56.63
70.55,70.55,76.22,84.48,58.97
73.36,73.36,75.79,81.32,58.81
79.84,79.84,81.67,82.78,59.51
80.21,80.21,80.55,81.69,57.75
76.05,76.05,78.61,81.03,58.16
73.60,73.60,77.10,79.61,57.01
69.06,69.06,69.26,81.60,58.46
67.87,67.87,62.33,82.57,56.03
67.69,67.69,64.58,83.27,54.85
68.51,68.51,62.52,83.53,54.48
66.61,66.61,63.94,83.00,53.15
65.63,65.63,69.86,83.00,52.96
69.62,69.62,79.84,76.48,55.31
72.38,72.38,91.38,69.96,54.74
78.88,78.88,93.00,60.58,51.61
75.20,75.20,92.77,57.27,51.27
68.69,68.69,90.64,61.98,55.25
64.13,64.13,90.63,59.25,58.61
63.84,63.84,87.75,65.27,58.78
63.63,63.63,86.22,70.55,59.73
64.66,64.66,86.28,73.64,60.47
65.06,65.06,82.04,75.15,60.30
65.84,65.84,80.27,76.51,60.08
66.14,66.14,80.93,76.08,58.40
65.74,65.74,81.57,75.48,51.75
70.84,70.84,81.24,76.92,49.78
77.12,77.12,79.51,78.48,52.69
76.54,76.54,77.28,83.79,49.53
76.21,76.21,75.51,82.90,47.95
74.53,74.53,73.04,82.17,49.66
72.94,72.94,71.94,82.49,51.60
68.51,68.51,68.44,82.48,53.12
69.30,69.30,65.18,84.19,56.04
70.04,70.04,63.47,80.15,58.22
68.29,68.29,61.33,82.05,56.21
70.33,70.33,63.10,82.88,56.38
73.60,73.60,75.29,80.88,58.68
74.12,74.12,81.14,78.95,54.02
69.95,69.95,77.20,76.77,52.86
69.44,69.44,73.59,82.14,55.55
71.72,71.72,69.17,77.57,57.50
70.44,70.44,65.87,83.84,57.14
65.65,65.65,63.19,78.63,57.27
67.28,67.28,65.46,79.22,58.24
67.39,67.39,61.97,84.57,53.73
68.65,68.65,63.67,79.43,52.35
74.96,74.96,67.16,80.37,51.81
76.40,76.40,70.62,80.88,52.29
79.76,79.76,81.11,77.08,57.83
79.52,79.52,83.07,82.53,55.70
78.84,78.84,81.86,82.07,55.95
78.21,78.21,80.87,79.18,55.73
76.67,76.67,75.22,80.41,58.29
75.65,75.65,60.49,78.57,56.24
76.90,76.90,55.74,80.52,57.11
76.64,76.64,51.24,82.60,58.15
80.86,80.86,52.09,81.16,55.89
77.28,77.28,59.75,83.59,54.81
81.78,81.78,62.50,83.40,56.42
77.00,77.00,66.33,81.87,53.85
78.47,78.47,80.19,82.75,55.55
73.01,73.01,75.61,79.41,55.39
74.75,74.75,70.25,82.79,55.65
72.47,72.47,70.61,83.64,55.61
67.88,67.88,67.22,81.23,56.70
68.66,68.66,68.95,83.38,56.80
67.57,67.57,71.23,81.98,57.48
68.90,68.90,69.34,82.21,56.21
69.83,69.83,67.76,86.58,53.33
68.62,68.62,73.81,82.31,55.24
71.45,71.45,77.14,80.47,54.62
73.73,73.73,91.28,76.56,51.62
78.49,78.49,91.85,62.78,49.33
75.49,75.49,92.18,62.09,49.09
70.68,70.68,91.15,66.46,46.99
71.18,71.18,91.87,65.89,48.28
72.44,72.44,88.17,66.45,49.82
73.72,73.72,87.11,68.35,50.06
74.00,74.00,88.25,73.09,52.20
69.51,69.51,82.15,73.43,50.72
67.21,67.21,75.30,74.15,49.46
68.82,68.82,68.69,80.51,50.07
77.97,77.97,63.68,82.66,50.56
78.54,78.54,79.15,76.76,50.67
78.02,78.02,76.57,81.14,49.13
74.05,74.05,73.18,85.49,50.32
72.95,72.95,68.35,81.04,52.19
73.55,73.55,61.64,82.93,54.72
74.53,74.53,55.21,85.18,53.82
74.55,74.55,48.14,83.04,54.06
73.92,73.92,46.97,82.00,54.43
74.95,74.95,48.33,82.43,51.22
76.16,76.16,53.97,86.50,49.03
75.92,75.92,60.26,83.27,50.68
77.87,77.87,74.57,81.35,53.22
82.05,82.05,80.43,80.63,55.23
79.52,79.52,78.89,84.88,53.87
78.60,78.60,77.09,78.90,52.05
76.94,76.94,74.06,82.65,51.64
74.34,74.34,67.60,84.97,53.11
72.56,72.56,60.95,85.31,54.25
72.27,72.27,55.80,81.27,51.02
78.31,78.31,54.95,82.94,51.35
76.37,76.37,61.36,86.36,52.64
77.62,77.62,69.96,83.79,55.42
75.58,75.58,76.44,78.33,56.36
70.03,70.03,89.81,73.67,55.28
70.59,70.59,92.62,67.85,53.29
69.37,69.37,94.42,63.74,52.59
70.21,70.21,90.95,65.98,52.58
69.38,69.38,89.86,67.13,53.83
68.68,68.68,90.14,70.15,55.50
72.74,72.74,86.56,71.25,57.61
76.43,76.43,85.36,74.51,58.34
78.95,78.95,84.35,78.01,57.06
78.53,78.53,76.06,79.14,57.13
76.77,76.77,74.07,79.41,52.04
71.07,71.07,76.78,78.86,48.35
70.18,70.18,80.01,76.01,47.98
75.56,75.56,78.37,75.94,50.15
75.05,75.05,75.43,75.52,49.89
78.89,78.89,72.82,72.66,48.36
77.52,77.52,70.85,75.19,50.53
75.01,75.01,68.36,73.29,51.09
74.13,74.13,63.75,75.52,52.67
78.54,78.54,58.73,77.35,53.63
77.88,77.88,56.28,78.55,55.58
76.37,76.37,55.93,78.44,55.98
74.77,74.77,53.88,75.01,54.90
78.46,78.46,63.63,74.47,57.04
81.95,81.95,69.25,69.33,60.57
77.96,77.96,63.16,64.33,59.47
73.57,73.57,62.01,62.84,58.48
70.69,70.69,62.15,61.51,61.14
70.25,70.25,62.53,55.88,60.84
71.48,71.48,61.07,55.03,56.87
70.12,70.12,58.51,51.76,54.74
73.84,73.84,61.14,42.16,55.22
72.74,72.74,64.41,43.98,54.28
74.58,74.58,65.17,44.23,54.40
78.58,78.58,68.66,49.66,53.87
81.09,81.09,82.07,50.92,56.72
79.59,79.59,83.61,51.40,57.70
78.35,78.35,80.04,50.78,58.61
80.96,80.96,80.05,49.67,57.05
82.41,82.41,73.60,51.00,55.00
81.67,81.67,60.80,53.53,55.42
80.82,80.82,59.80,45.27,51.39
81.92,81.92,56.28,49.55,50.26
82.93,82.93,49.85,49.49,48.75
80.38,80.38,50.06,45.53,47.92
78.00,78.00,53.50,48.92,51.64
80.07,80.07,58.12,46.14,50.39
80.71,80.71,70.36,48.11,53.35
79.26,79.26,65.96,49.66,53.80
80.45,80.45,69.39,41.66,55.60
80.19,80.19,67.68,50.37,54.45
81.86,81.86,67.30,35.27,54.72
81.32,81.32,62.36,40.59,54.99
81.73,81.73,55.44,30.55,56.81
80.91,80.91,50.86,30.37,55.04
79.96,79.96,53.42,37.99,55.72
74.77,74.77,58.40,43.93,51.43
67.68,67.68,67.00,39.29,51.58
69.03,69.03,92.31,37.44,49.50
72.23,72.23,94.30,41.76,51.92
75.96,75.96,92.41,50.58,54.79
77.95,77.95,90.52,56.11,56.50
76.97,76.97,90.02,60.59,55.53
76.02,76.02,89.21,64.43,57.91
76.72,76.72,85.30,67.09,56.85
75.95,75.95,84.57,70.76,51.03
78.25,78.25,81.01,71.04,51.28
76.96,76.96,76.33,74.64,52.22
77.77,77.77,75.74,77.74,51.53
79.22,79.22,73.63,80.34,50.54
75.05,75.05,81.78,80.08,50.52
78.11,78.11,79.09,79.64,50.86
74.47,74.47,74.64,80.80,50.55
75.14,75.14,69.16,80.89,50.11
76.37,76.37,63.42,81.70,53.52
74.18,74.18,55.47,80.96,52.77
73.39,73.39,51.87,81.23,53.87
70.72,70.72,50.67,80.76,53.73
70.00,70.00,51.89,80.36,55.49
71.03,71.03,54.84,81.21,57.45
72.56,72.56,57.08,80.74,59.86
79.70,79.70,69.87,81.16,57.87
84.98,84.98,72.18,78.32,56.14
83.39,83.39,71.63,79.90,52.17
80.75,80.75,70.64,78.84,52.68
78.52,78.52,69.47,79.29,55.14
76.99,76.99,62.72,81.39,57.12
75.48,75.48,54.85,82.43,61.14
74.34,74.34,50.71,82.93,60.61
71.96,71.96,52.12,83.09,59.61
70.85,70.85,59.62,81.90,56.81
75.50,75.50,73.34,79.30,53.60
75.57,75.57,79.92,73.26,50.68
73.27,73.27,91.60,66.68,50.75
70.25,70.25,92.30,61.88,51.78
66.88,66.88,94.48,61.73,50.58
69.52,69.52,91.03,58.88,54.10
73.52,73.52,88.94,64.17,54.70
71.05,71.05,89.79,67.00,56.88
65.80,65.80,87.36,70.94,56.18
67.96,67.96,84.27,73.61,55.94
66.41,66.41,81.00,74.63,57.62
70.17,70.17,74.32,75.32,58.63
67.37,67.37,76.64,78.82,56.56
68.55,68.55,78.10,80.67,54.52
70.09,70.09,79.52,82.43,55.89
71.25,71.25,79.09,82.93,53.80
70.86,70.86,78.17,82.47,52.69
72.43,72.43,76.50,81.15,55.31
71.59,71.59,73.65,80.32,58.42
70.11,70.11,69.56,83.69,58.26
66.19,66.19,63.29,81.17,59.87
67.93,67.93,59.91,82.72,62.58
68.78,68.78,56.29,79.95,64.10
71.49,71.49,52.61,78.25,58.88
77.75,77.75,58.64,86.10,58.76
77.89,77.89,75.67,80.56,60.45
76.57,76.57,78.96,76.70,60.02
74.06,74.06,75.15,80.76,60.00
73.96,73.96,69.69,80.92,62.62
78.02,78.02,65.44,83.97,62.79
80.31,80.31,61.39,84.69,59.74
80.42,80.42,59.54,81.21,60.01
80.08,80.08,56.60,82.14,58.88
80.53,80.53,55.01,82.78,60.66
81.40,81.40,54.77,81.04,62.03
80.75,80.75,56.30,84.56,61.12
80.28,80.28,60.53,82.24,58.69
85.31,85.31,68.63,83.92,57.26
84.37,84.37,72.28,80.64,57.71
80.39,80.39,73.57,77.36,58.02
78.44,78.44,73.79,83.23,56.70
77.06,77.06,69.64,81.64,55.31
76.43,76.43,57.03,84.62,56.83
77.16,77.16,53.47,84.10,58.77
77.09,77.09,49.70,80.98,60.15
73.56,73.56,47.70,83.50,58.61
73.63,73.63,50.48,81.92,59.04
75.21,75.21,55.37,82.54,58.44
78.15,78.15,68.05,84.86,57.80
75.40,75.40,78.10,81.89,57.06
73.34,73.34,73.77,83.20,60.95
76.66,76.66,68.35,83.14,60.49
76.90,76.90,61.24,83.00,59.54
75.23,75.23,55.56,83.81,60.01
71.53,71.53,50.22,83.16,59.53
74.84,74.84,47.40,83.82,60.44
73.03,73.03,52.21,86.76,59.64
73.50,73.50,64.25,84.83,59.08
77.25,77.25,73.42,83.60,57.94
76.81,76.81,79.36,84.50,56.48
74.92,74.92,90.86,70.19,53.90
73.94,73.94,92.36,65.60,54.14
73.74,73.74,94.61,57.28,53.52
74.53,74.53,90.69,65.55,53.03
71.27,71.27,88.95,61.73,54.37
75.63,75.63,90.19,68.88,53.55
80.39,80.39,86.28,68.86,52.89
78.34,78.34,84.47,70.28,53.55
73.49,73.49,83.87,71.28,56.06
73.55,73.55,77.17,78.36,57.72
73.58,73.58,70.56,79.78,55.29
78.12,78.12,70.75,78.77,55.06
77.49,77.49,83.37,82.50,54.35
76.26,76.26,79.29,77.83,55.06
77.10,77.10,75.52,82.22,54.03
76.54,76.54,71.12,81.68,54.46
72.50,72.50,66.38,83.15,54.86
75.97,75.97,59.97,79.99,54.82
75.42,75.42,52.85,83.51,55.51
80.56,80.56,50.90,84.24,56.18
77.70,77.70,52.51,84.60,55.08
78.93,78.93,54.28,82.33,53.54
77.96,77.96,59.61,81.55,54.35
79.70,79.70,76.99,83.78,55.75
81.17,81.17,80.48,80.17,55.07
79.50,79.50,78.39,79.57,55.75
78.08,78.08,76.42,80.03,55.00
75.22,75.22,73.14,83.41,54.31
70.66,70.66,64.65,78.23,54.85
67.40,67.40,58.34,79.09,56.18
66.21,66.21,56.32,81.85,55.85
66.08,66.08,57.88,84.44,57.40
64.60,64.60,58.37,79.47,56.79
66.34,66.34,68.49,77.33,59.37
70.62,70.62,82.18,78.54,56.98
76.08,76.08,91.73,62.77,54.28
73.19,73.19,92.46,64.32,54.48
76.90,76.90,92.29,65.33,55.54
71.04,71.04,92.88,60.93,55.35
70.53,70.53,89.08,69.08,56.39
77.12,77.12,88.10,67.21,61.22
80.73,80.73,88.73,72.29,62.03
82.87,82.87,84.47,73.84,62.42
83.59,83.59,80.31,72.87,58.36
82.86,82.86,75.30,77.71,56.21
78.11,78.11,74.99,82.10,55.70
72.56,72.56,78.98,84.08,54.19
73.31,73.31,77.63,80.04,52.46
74.62,74.62,77.32,76.99,54.22
73.44,73.44,75.04,83.39,53.86
74.25,74.25,73.44,81.76,54.08
75.35,75.35,71.82,81.49,55.76
74.75,74.75,67.33,80.22,58.81
67.34,67.34,61.96,82.54,58.38
67.75,67.75,59.14,81.95,59.90
63.37,63.37,59.91,82.71,61.02
67.14,67.14,66.21,85.78,62.26
71.79,71.79,65.24,83.22,63.09
79.35,79.35,72.84,82.59,63.68
79.82,79.82,71.02,78.65,58.50
78.34,78.34,66.39,81.57,60.25
80.43,80.43,64.78,76.85,57.81
80.43,80.43,62.42,79.74,60.65
79.04,79.04,58.96,81.49,61.54
79.51,79.51,56.27,82.97,61.30
80.95,80.95,53.69,81.11,61.64
80.26,80.26,51.56,81.99,59.86
80.98,80.98,55.11,84.83,64.36
78.47,78.47,60.18,83.24,61.08
78.24,78.24,66.03,84.32,60.05
84.55,84.55,75.66,81.46,60.23
81.69,81.69,78.23,83.15,60.50
78.30,78.30,77.03,81.24,57.76
75.78,75.78,75.56,80.25,59.00
76.49,76.49,68.14,84.97,58.45
79.73,79.73,57.83,84.59,57.32
79.23,79.23,59.29,82.94,56.73
75.10,75.10,55.64,81.91,56.44
73.23,73.23,55.87,84.25,53.09
71.33,71.33,57.18,83.70,53.37
69.15,69.15,56.67,84.91,55.19
74.97,74.97,70.81,82.29,56.51
75.60,75.60,78.20,83.25,54.44
71.79,71.79,72.48,81.49,54.85
69.15,69.15,66.57,81.54,56.38
73.10,73.10,62.60,80.98,55.14
79.78,79.78,56.46,85.17,56.77
82.23,82.23,53.25,79.06,59.41
83.94,83.94,50.84,82.46,61.79
84.00,84.00,53.20,85.28,62.18
83.93,83.93,61.77,84.26,57.48
81.59,81.59,72.05,77.41,55.35
75.86,75.86,81.03,75.59,53.89
75.48,75.48,90.46,74.38,53.37
74.28,74.28,91.61,65.34,53.87
73.42,73.42,94.11,62.07,55.56
72.81,72.81,91.59,64.56,57.92
70.54,70.54,89.10,64.08,57.28
70.34,70.34,89.03,67.80,56.77
68.87,68.87,87.99,68.58,56.24
71.36,71.36,83.94,72.73,55.09
69.29,69.29,82.11,75.57,55.92
70.69,70.69,79.20,76.12,57.67
71.73,71.73,74.19,75.96,61.11
75.03,75.03,72.03,75.95,60.75
80.93,80.93,73.93,78.62,59.42
78.08,78.08,67.07,78.46,58.80
77.89,77.89,63.95,78.68,59.57
80.40,80.40,64.13,80.90,59.01
76.98,76.98,59.63,80.05,60.37
78.03,78.03,59.14,82.50,60.50
79.60,79.60,59.32,82.01,59.72
79.98,79.98,58.23,81.28,62.49
79.67,79.67,59.81,81.60,61.47
80.58,80.58,65.41,80.95,60.76
76.92,76.92,68.76,81.28,61.32
79.61,79.61,76.95,80.10,61.06
80.66,80.66,81.12,79.52,60.18
78.25,78.25,80.32,79.59,58.86
75.11,75.11,79.75,78.84,57.06
76.51,76.51,76.21,80.16,57.34
75.24,75.24,65.15,80.49,59.38
76.50,76.50,61.86,80.15,57.31
78.14,78.14,62.65,80.97,59.09
77.21,77.21,62.35,81.72,58.16
76.36,76.36,65.77,80.92,56.27
71.78,71.78,74.19,77.43,53.67
74.21,74.21,83.05,73.03,53.23
72.75,72.75,92.83,68.58,54.87
71.57,71.57,92.90,64.28,54.66
69.89,69.89,91.88,60.03,54.55
72.51,72.51,92.80,65.08,57.84
72.74,72.74,89.10,62.38,56.50
72.60,72.60,86.82,68.78,57.01
72.89,72.89,86.26,65.50,58.16
64.75,64.75,77.65,74.25,52.06
68.65,68.65,74.75,71.08,54.08
71.22,71.22,76.69,76.11,52.79
71.34,71.34,78.06,80.78,54.63
70.38,70.38,79.43,77.64,51.49
72.39,72.39,80.35,75.73,52.45
70.79,70.79,78.51,82.90,50.05
68.99,68.99,77.02,79.81,51.68
69.51,69.51,75.36,84.56,54.14
71.11,71.11,72.84,83.03,54.06
71.33,71.33,69.56,80.53,54.78
70.93,70.93,65.21,81.47,53.02
74.37,74.37,61.82,79.60,55.23
74.07,74.07,60.50,84.34,56.39
75.46,75.46,61.70,83.36,57.13
76.54,76.54,64.39,81.87,54.09
77.42,77.42,75.77,79.37,54.41
76.50,76.50,77.60,80.05,58.03
73.57,73.57,73.81,82.98,59.02
70.21,70.21,68.40,84.76,60.23
67.17,67.17,64.60,80.86,61.37
67.16,67.16,62.01,82.68,60.11
69.08,69.08,63.00,82.63,57.90
75.59,75.59,62.23,83.06,59.38
83.37,83.37,62.78,84.51,56.44
83.32,83.32,65.98,82.85,56.51
78.74,78.74,66.26,87.91,57.31
71.26,71.26,75.35,84.32,58.73
71.84,71.84,87.46,78.20,61.76
74.06,74.06,85.11,82.53,59.62
76.38,76.38,82.45,80.54,59.67
73.83,73.83,80.07,83.75,57.93
75.75,75.75,72.24,83.33,56.58
76.03,76.03,60.61,80.17,56.81
75.86,75.86,56.19,84.68,55.95
77.81,77.81,53.97,83.26,55.75
74.78,74.78,54.97,81.85,53.35
78.09,78.09,64.06,85.91,55.91
73.09,73.09,64.31,83.25,56.38
73.70,73.70,75.50,85.71,57.49
72.21,72.21,79.23,85.34,58.86
73.04,73.04,75.33,81.05,56.56
70.94,70.94,69.42,84.21,55.64
69.99,69.99,65.66,84.26,53.71
70.26,70.26,63.45,85.80,51.36
71.15,71.15,59.94,85.84,54.11
68.29,68.29,57.15,83.90,53.67
70.30,70.30,58.82,84.66,53.73
72.65,72.65,65.37,85.31,53.80
72.98,72.98,70.11,85.01,55.64
73.57,73.57,82.40,83.27,57.66
70.82,70.82,92.87,69.02,55.85
69.57,69.57,93.35,59.65,56.14
69.22,69.22,92.70,62.77,55.20
72.07,72.07,93.57,66.07,55.47
71.66,71.66,89.33,67.52,55.33
73.14,73.14,88.10,64.07,56.81
74.08,74.08,88.31,69.49,57.21
75.52,75.52,84.31,70.94,58.27
73.16,73.16,79.78,72.32,56.72
73.89,73.89,75.87,77.76,56.90
74.08,74.08,71.03,81.34,56.77
73.20,73.20,74.10,78.45,59.35
74.80,74.80,79.83,77.88,57.66
74.48,74.48,75.41,83.49,58.81
74.15,74.15,71.13,81.06,58.55
75.44,75.44,72.23,82.01,58.88
72.35,72.35,67.65,80.74,58.90
74.41,74.41,68.67,84.52,58.81
73.57,73.57,72.23,80.05,56.79
67.05,67.05,66.30,81.81,55.84
64.28,64.28,61.97,84.08,55.42
64.62,64.62,55.41,83.79,55.60
67.16,67.16,54.54,81.97,55.37
82.67,82.67,68.34,81.22,59.86
83.73,83.73,71.22,82.71,60.05
82.58,82.58,73.23,81.82,58.85
80.09,80.09,74.81,79.83,58.93
75.27,75.27,74.57,80.23,58.22
78.20,78.20,71.86,83.08,56.04
78.84,78.84,72.24,78.77,58.65
78.85,78.85,72.17,78.78,58.92
75.32,75.32,71.01,79.45,57.66
72.09,72.09,69.19,84.18,59.93
72.60,72.60,67.59,77.53,59.58
70.53,70.53,67.43,77.04,59.09
78.30,78.30,76.92,81.65,60.40
78.81,78.81,73.74,81.67,59.93
76.67,76.67,70.68,79.77,59.91
74.27,74.27,69.25,78.54,59.14
72.16,72.16,68.07,85.34,57.86
75.59,75.59,65.47,80.45,58.56
77.77,77.77,65.59,79.65,61.04
79.64,79.64,67.20,83.53,59.60
80.02,80.02,66.40,85.54,58.76
78.14,78.14,67.17,83.04,54.96
77.17,77.17,77.43,81.42,56.45
75.01,75.01,78.13,79.58,52.74
74.48,74.48,79.13,77.85,56.86
75.50,75.50,77.51,73.37,57.51
76.22,76.22,74.56,69.41,59.38
75.22,75.22,73.41,75.19,62.28
76.17,76.17,72.30,71.47,63.78
78.06,78.06,69.60,74.04,62.22
76.13,76.13,66.34,74.07,61.82
79.91,79.91,63.05,72.48,62.22
80.12,80.12,62.08,75.08,59.55
72.85,72.85,61.19,73.02,59.28
80.56,80.56,64.66,74.33,59.28
80.85,80.85,80.23,71.77,61.48
78.53,78.53,79.71,67.06,57.48
74.57,74.57,76.21,64.37,55.47
75.58,75.58,72.46,62.99,55.31
77.12,77.12,67.70,61.14,56.59
77.12,77.12,72.07,60.63,59.68
75.96,75.96,73.40,58.00,57.69
75.44,75.44,73.82,57.12,59.18
75.13,75.13,72.39,58.86,60.21
77.24,77.24,70.90,60.47,62.96
79.73,79.73,70.82,62.31,59.01
79.58,79.58,75.98,65.88,61.63
81.41,81.41,81.48,61.02,61.68
80.56,80.56,80.39,58.82,61.82
79.39,79.39,79.61,53.87,64.14
76.93,76.93,76.83,50.65,63.98
72.92,72.92,73.23,53.26,63.85
71.55,71.55,70.59,50.68,62.10
71.03,71.03,70.32,43.47,59.01
70.34,70.34,69.24,41.99,57.90
70.43,70.43,68.35,37.83,56.44
73.74,73.74,68.73,35.93,56.67
77.31,77.31,69.23,33.37,55.08
78.82,78.82,75.27,29.74,56.11
76.51,76.51,75.42,23.18,56.21
77.19,77.19,71.33,30.13,55.44
72.01,72.01,68.89,35.93,58.47
75.83,75.83,73.94,40.11,58.37
76.44,76.44,73.93,34.38,59.21
77.27,77.27,72.32,33.03,59.85
78.62,78.62,72.46,39.00,59.23
79.30,79.30,69.64,45.41,61.87
79.60,79.60,67.11,44.29,62.39
81.11,81.11,65.98,43.33,58.15
78.68,78.68,80.88,49.35,59.01
74.86,74.86,93.84,54.21,54.12
73.65,73.65,93.61,56.72,58.28
69.62,69.62,91.94,57.02,59.58
73.13,73.13,92.63,61.63,61.63
75.24,75.24,89.40,60.87,62.06
74.63,74.63,86.69,62.30,60.90
77.08,77.08,87.30,68.13,61.09
74.69,74.69,85.61,69.58,60.16
75.64,75.64,79.06,76.60,57.33
74.78,74.78,73.04,80.17,53.66
73.75,73.75,62.84,81.63,52.71
72.76,72.76,75.56,80.47,54.20
75.30,75.30,80.34,81.47,55.69
76.52,76.52,77.25,80.67,57.13
72.80,72.80,72.73,82.26,57.81
72.70,72.70,69.57,82.67,57.45
73.44,73.44,66.16,81.90,57.52
74.66,74.66,73.16,82.47,57.24
74.43,74.43,74.11,82.27,57.10
77.51,77.51,66.84,82.85,56.86
79.74,79.74,62.05,82.88,57.49
76.79,76.79,59.51,83.37,57.05
79.66,79.66,64.44,84.03,55.52
80.64,80.64,79.97,82.78,58.18
79.18,79.18,80.62,81.33,58.37
79.04,79.04,78.43,81.77,60.01
78.30,78.30,77.60,81.82,60.35
77.13,77.13,73.53,81.88,56.65
77.76,77.76,68.88,81.52,59.24
81.78,81.78,67.77,80.49,60.82
79.66,79.66,67.91,81.92,59.84
75.26,75.26,66.43,81.56,61.70
76.10,76.10,70.96,81.22,65.27
77.06,77.06,75.36,78.70,63.62
75.37,75.37,87.09,73.17,62.08
74.21,74.21,89.99,65.67,59.99
74.00,74.00,93.89,60.63,57.56
75.87,75.87,91.82,63.51,56.10
77.11,77.11,89.27,63.57,55.84
75.88,75.88,89.95,69.51,57.51
70.09,70.09,86.41,67.97,58.30
68.78,68.78,84.67,66.77,60.28
75.01,75.01,85.32,71.19,61.70
73.05,73.05,79.08,75.24,60.47
68.84,68.84,75.04,76.37,58.44
73.31,73.31,77.57,77.68,58.34
74.30,74.30,77.68,81.88,56.67
76.19,76.19,77.87,76.20,56.57
77.92,77.92,77.16,82.96,55.93
75.39,75.39,74.97,79.57,58.40
77.32,77.32,73.01,79.41,60.55
77.54,77.54,69.28,84.31,60.25
77.62,77.62,63.79,78.70,61.52
79.19,79.19,57.55,79.94,58.85
77.08,77.08,52.60,81.80,59.38
78.37,78.37,50.57,78.78,61.02
78.74,78.74,54.31,83.36,58.13
77.25,77.25,62.18,79.51,57.90
76.89,76.89,79.26,79.11,54.87
78.00,78.00,76.95,80.17,57.29
76.91,76.91,72.33,78.25,58.08
76.11,76.11,66.85,80.22,63.69
72.71,72.71,59.56,81.20,61.47
74.16,74.16,59.12,79.50,61.54
75.76,75.76,60.96,83.44,62.56
75.78,75.78,58.13,83.17,64.61
75.85,75.85,59.67,80.38,65.04
74.14,74.14,58.17,82.97,65.51
75.66,75.66,58.68,80.01,67.77
81.87,81.87,65.75,78.82,65.40
85.06,85.06,71.21,83.58,63.45
82.74,82.74,72.57,79.03,64.57
80.17,80.17,73.39,79.25,63.85
77.03,77.03,73.34,79.78,61.94
75.11,75.11,70.56,77.43,61.46
74.18,74.18,69.97,81.70,60.14
80.29,80.29,70.43,79.97,58.57
75.62,75.62,69.82,82.77,59.72
78.17,78.17,67.45,82.98,62.86
76.79,76.79,68.29,81.20,60.79
75.40,75.40,68.72,81.83,59.65
78.60,78.60,75.22,80.86,62.31
74.49,74.49,75.90,80.25,63.26
77.61,77.61,71.75,85.22,64.60
76.78,76.78,68.19,77.12,65.74
77.28,77.28,66.80,82.12,66.81
73.23,73.23,67.73,81.46,68.32
70.39,70.39,68.35,81.05,67.85
72.73,72.73,70.15,85.72,66.99
70.53,70.53,71.04,82.59,63.93
68.54,68.54,69.58,84.05,60.94
69.56,69.56,72.27,85.35,58.48
67.88,67.88,86.89,76.85,55.46
65.57,65.57,93.05,69.37,53.64
66.83,66.83,94.71,66.49,52.99
71.48,71.48,92.24,64.51,55.46
73.04,73.04,90.70,66.28,55.69
72.84,72.84,91.58,65.16,56.27
74.10,74.10,87.85,64.24,56.25
73.14,73.14,86.45,66.22,55.38
75.65,75.65,86.32,72.41,57.27
74.91,74.91,78.57,78.18,55.94
73.84,73.84,70.32,76.93,55.35
71.91,71.91,65.20,77.23,55.83
71.92,71.92,76.83,82.81,56.01
70.89,70.89,79.13,81.72,55.21
67.61,67.61,75.65,81.68,57.08
64.24,64.24,71.64,79.47,57.22
62.27,62.27,68.38,85.01,57.92
62.65,62.65,67.45,79.60,58.63
67.39,67.39,76.12,82.62,58.64
68.31,68.31,76.43,80.32,57.44
67.03,67.03,73.29,84.91,58.75
66.69,66.69,72.57,80.51,58.97
67.23,67.23,72.70,80.33,60.14
68.52,68.52,75.11,84.55,59.39
74.85,74.85,81.72,81.52,60.33
77.67,77.67,82.86,80.28,58.50
78.29,78.29,81.00,79.09,59.90
78.00,78.00,78.70,82.90,62.62
77.39,77.39,76.15,80.74,61.59
78.34,78.34,72.18,78.77,58.88
76.92,76.92,70.76,80.52,58.31
74.27,74.27,70.73,84.54,58.90
76.04,76.04,70.03,76.76,60.65
71.41,71.41,69.60,79.12,62.01
79.78,79.78,70.16,82.08,60.27
79.10,79.10,72.92,82.58,60.66
76.32,76.32,79.23,77.59,61.10
77.92,77.92,75.38,77.51,60.61
77.35,77.35,70.54,84.65,60.13
73.72,73.72,67.61,81.13,59.10
72.93,72.93,65.04,81.85,61.50
69.88,69.88,63.54,80.54,62.37
68.16,68.16,62.67,86.23,62.34
69.20,69.20,61.68,78.81,60.98
70.36,70.36,64.23,81.12,58.22
67.68,67.68,68.89,83.49,54.48
73.94,73.94,77.44,82.62,55.07
74.04,74.04,77.60,78.82,51.01
74.43,74.43,79.12,77.99,52.27
77.35,77.35,76.27,83.93,56.53
76.31,76.31,73.72,79.34,58.68
78.57,78.57,72.96,82.34,60.67
75.95,75.95,68.14,80.48,59.65
76.41,76.41,63.16,82.80,59.30
77.20,77.20,55.32,79.73,58.66
76.49,76.49,51.19,81.04,59.03
75.72,75.72,50.53,81.99,57.98
75.75,75.75,53.66,81.47,56.49
76.32,76.32,63.61,81.62,57.02
79.40,79.40,79.30,76.31,56.59
78.70,78.70,75.62,77.38,55.60
76.93,76.93,70.52,77.43,55.91
76.81,76.81,67.02,80.58,55.69
77.04,77.04,63.75,79.47,57.07
76.77,76.77,71.16,81.82,59.39
76.13,76.13,73.02,76.33,60.05
75.36,75.36,71.07,76.70,59.22
73.87,73.87,69.21,83.08,59.98
74.82,74.82,62.93,81.03,60.37
76.76,76.76,58.57,80.81,58.41
82.56,82.56,61.14,79.33,60.98
86.20,86.20,62.03,83.05,63.05
84.01,84.01,60.02,78.46,62.21
82.54,82.54,57.25,79.54,61.48
79.59,79.59,53.95,80.37,61.73
76.18,76.18,51.07,80.59,58.68
74.06,74.06,53.21,79.31,60.59
73.21,73.21,53.57,82.01,61.29
70.63,70.63,58.31,81.39,60.13
70.84,70.84,60.51,82.94,61.86
69.26,69.26,63.76,80.59,60.24
76.37,76.37,65.83,80.35,56.64
78.58,78.58,75.80,83.19,56.09
77.07,77.07,74.82,81.43,55.59
75.96,75.96,70.85,79.52,57.68
76.20,76.20,67.10,78.52,57.02
75.47,75.47,64.92,83.99,53.94
74.77,74.77,61.63,80.79,55.40
76.71,76.71,59.62,81.82,56.28
75.65,75.65,59.07,80.99,55.93
79.00,79.00,60.38,84.98,57.92
76.61,76.61,63.27,82.79,58.33
72.42,72.42,70.83,78.04,55.09
73.57,73.57,89.00,77.43,51.80
73.57,73.57,91.92,66.49,49.45
76.30,76.30,94.92,59.32,50.74
75.59,75.59,92.74,59.39,50.65
76.11,76.11,89.89,60.17,54.69
75.79,75.79,90.13,61.09,49.99
73.87,73.87,87.93,60.28,52.75
74.34,74.34,85.62,69.20,50.25
74.25,74.25,84.40,74.35,51.74
73.47,73.47,77.44,76.49,54.10
76.42,76.42,70.85,78.53,59.98
78.48,78.48,68.82,78.40,58.28
80.89,80.89,67.04,77.87,57.93
83.15,83.15,62.84,80.56,57.64
80.67,80.67,56.46,82.77,57.42
78.68,78.68,52.83,83.49,58.22
78.04,78.04,52.68,83.89,58.80
79.94,79.94,56.70,83.29,59.17
81.90,81.90,61.30,83.78,59.71
78.63,78.63,60.23,80.00,59.19
75.05,75.05,59.99,82.84,60.24
69.75,69.75,59.57,81.94,58.79
70.56,70.56,64.73,83.16,58.27
74.03,74.03,71.76,82.08,58.04
80.95,80.95,80.48,80.69,60.65
80.69,80.69,79.65,81.12,58.34
77.72,77.72,78.55,80.39,58.14
76.38,76.38,76.36,81.93,59.13
74.44,74.44,73.02,80.14,59.67
73.44,73.44,72.84,82.32,61.01
72.81,72.81,72.99,82.25,60.21
72.18,72.18,72.85,81.00,59.34
71.51,71.51,70.99,82.44,59.84
70.48,70.48,68.93,81.92,61.62
82.01,82.01,69.00,82.24,59.85
84.69,84.69,74.75,79.76,59.44
81.70,81.70,80.01,81.45,57.49
76.57,76.57,76.41,80.66,58.02
76.78,76.78,71.98,79.84,58.35
79.25,79.25,69.50,81.67,59.43
76.60,76.60,63.92,81.32,61.14
75.49,75.49,62.09,81.11,61.82
75.66,75.66,61.78,82.00,62.57
76.40,76.40,61.93,79.73,61.33
76.30,76.30,66.34,81.55,60.68
73.40,73.40,71.52,81.49,58.35
72.52,72.52,80.50,80.21,61.89
71.60,71.60,79.75,79.99,57.29
75.01,75.01,78.29,78.04,59.61
74.58,74.58,77.72,79.96,57.43
76.28,76.28,74.98,80.68,57.86
76.19,76.19,74.52,79.71,60.38
76.11,76.11,71.67,80.03,60.14
76.38,76.38,67.37,81.36,59.31
76.16,76.16,59.87,81.46,57.23
76.83,76.83,53.26,81.15,57.69
75.11,75.11,50.30,79.17,59.02
79.44,79.44,55.04,80.13,57.69
77.24,77.24,57.80,83.23,60.85
82.87,82.87,68.30,79.42,61.43
79.03,79.03,63.32,79.98,62.12
76.86,76.86,59.36,79.80,60.82
76.03,76.03,59.17,78.03,63.10
75.64,75.64,62.29,82.24,62.15
77.70,77.70,63.00,83.94,63.27
78.48,78.48,65.48,80.73,63.19
78.43,78.43,61.86,83.52,64.07
76.35,76.35,60.86,78.44,64.30
74.72,74.72,60.91,80.69,64.30
75.75,75.75,63.61,82.98,62.63
81.15,81.15,70.89,78.77,63.06
83.82,83.82,76.16,81.01,62.32
80.32,80.32,75.57,80.66,61.79
78.47,78.47,77.62,79.00,62.46
75.33,75.33,74.55,80.81,59.95
77.88,77.88,70.39,79.76,58.77
74.06,74.06,70.22,82.83,56.24
74.05,74.05,68.58,82.38,54.68
76.72,76.72,68.82,80.17,52.72
75.88,75.88,67.81,82.68,55.34
75.99,75.99,68.14,80.13,56.02
75.24,75.24,68.56,79.97,56.25
77.18,77.18,77.62,85.80,56.31
76.53,76.53,74.75,77.50,54.04
77.49,77.49,70.55,80.57,56.65
75.09,75.09,68.69,82.50,57.36
71.42,71.42,66.21,79.55,57.24
72.17,72.17,66.17,84.56,58.91
69.86,69.86,68.28,81.03,58.63
69.62,69.62,67.14,83.07,56.29
70.15,70.15,66.94,86.15,57.06
70.49,70.49,72.02,80.44,57.64
67.31,67.31,74.18,80.59,56.26
66.96,66.96,88.67,74.28,54.23
69.02,69.02,92.11,68.11,53.21
66.36,66.36,92.73,60.17,53.71
63.37,63.37,94.13,64.05,51.11
66.09,66.09,89.91,64.56,54.29
68.81,68.81,88.82,63.82,54.05
69.27,69.27,90.05,67.16,55.67
71.21,71.21,86.25,69.48,56.81
68.83,68.83,83.59,72.69,55.82
68.07,68.07,80.41,75.22,57.99
68.15,68.15,70.87,82.38,59.77
69.24,69.24,62.04,80.01,57.60
78.97,78.97,68.81,80.11,58.39
80.07,80.07,69.71,84.80,58.55
76.17,76.17,64.90,82.11,61.02
71.81,71.81,61.50,82.47,59.76
73.99,73.99,59.67,80.87,59.43
76.03,76.03,58.99,86.32,56.46
78.90,78.90,59.01,81.71,54.33
79.92,79.92,61.02,82.12,53.71
80.48,80.48,62.41,84.21,52.59
79.27,79.27,66.89,85.36,50.44
78.24,78.24,71.69,80.45,48.93
76.11,76.11,77.90,80.96,53.67
77.16,77.16,84.12,82.89,53.45
75.11,75.11,82.10,81.83,53.28
75.44,75.44,80.89,80.52,52.94
77.02,77.02,78.64,80.58,54.33
75.26,75.26,71.78,84.66,53.31
74.10,74.10,61.88,81.54,53.48
72.80,72.80,56.55,81.43,55.31
73.37,73.37,51.83,81.52,53.50
73.09,73.09,58.11,86.08,53.52
71.56,71.56,65.26,79.08,56.05
68.89,68.89,71.98,80.58,57.60
65.30,65.30,90.99,76.72,53.69
65.72,65.72,92.83,67.75,54.58
66.41,66.41,92.74,61.86,57.00
67.48,67.48,92.09,60.24,58.24
68.73,68.73,91.87,63.66,57.10
70.28,70.28,87.92,71.04,57.56
69.32,69.32,87.04,68.66,56.96
70.84,70.84,88.27,72.22,56.66
72.97,72.97,83.38,77.98,56.18
72.45,72.45,78.87,78.78,54.43
70.78,70.78,74.71,79.17,50.59
71.15,71.15,75.35,77.72,50.50
68.78,68.78,78.34,75.98,48.37
70.80,70.80,77.37,72.92,48.53
70.11,70.11,76.54,74.38,51.33
73.48,73.48,73.72,73.35,49.05
73.81,73.81,70.20,74.94,48.91
73.59,73.59,67.67,75.66,49.13
74.41,74.41,62.65,75.58,50.17
77.03,77.03,59.43,74.65,49.12
82.86,82.86,58.36,77.74,49.35
84.02,84.02,60.76,76.28,49.75
79.94,79.94,62.43,74.36,50.61
80.50,80.50,72.26,76.52,50.87
76.16,76.16,80.99,72.03,49.82
76.66,76.66,77.22,66.29,47.66
80.20,80.20,73.04,59.62,48.47
74.94,74.94,67.30,61.18,50.34
73.68,73.68,62.49,62.21,50.71
77.96,77.96,55.47,59.12,49.15
81.05,81.05,49.62,62.09,48.82
81.30,81.30,45.79,61.00,51.05
81.71,81.71,51.23,59.13,49.64
78.30,78.30,60.23,52.82,52.09
78.03,78.03,68.78,51.56,53.31
75.66,75.66,83.83,51.78,54.29
74.76,74.76,83.17,50.72,49.96
76.89,76.89,82.78,48.91,50.61
76.34,76.34,80.59,40.45,49.31
72.68,72.68,77.16,41.14,51.87
76.29,76.29,72.38,42.10,53.55
78.12,78.12,70.38,37.64,54.68
78.39,78.39,68.11,42.69,55.17
80.01,80.01,66.50,44.62,54.87
80.26,80.26,65.47,34.71,54.50
78.93,78.93,64.91,31.91,50.65
78.10,78.10,65.40,28.81,56.61
81.54,81.54,71.27,36.35,58.22
79.95,79.95,68.74,39.13,58.97
79.59,79.59,64.98,42.29,62.67
77.77,77.77,57.76,47.96,64.92
84.20,84.20,52.30,49.69,67.02
81.38,81.38,48.30,42.06,64.68
81.50,81.50,51.52,33.40,63.97
80.58,80.58,52.25,31.09,56.47
79.91,79.91,57.35,32.90,49.68
80.35,80.35,65.08,35.73,44.77
79.71,79.71,68.23,36.70,46.35
78.38,78.38,90.72,38.48,49.23
76.53,76.53,93.15,41.53,52.03
75.12,75.12,91.67,49.60,58.10
75.34,75.34,93.27,49.01,60.74
78.16,78.16,90.14,56.22,62.04
76.58,76.58,87.70,59.23,60.38
74.74,74.74,88.14,66.01,55.87
76.06,76.06,86.26,72.29,50.51
74.74,74.74,80.89,73.23,50.67
75.89,75.89,78.84,75.19,50.31
76.63,76.63,74.93,77.88,50.34
78.22,78.22,72.63,81.07,52.55
80.51,80.51,71.00,81.01,56.46
81.05,81.05,69.18,79.51,57.69
77.55,77.55,64.11,79.40,58.81
78.13,78.13,61.55,80.15,58.01
78.23,78.23,58.13,80.47,59.24
78.65,78.65,57.02,79.49,57.98
78.89,78.89,58.63,79.27,56.25
71.80,71.80,55.19,80.16,55.55
67.41,67.41,53.69,80.63,56.15
65.68,65.68,57.47,82.00,55.59
67.10,67.10,64.97,81.61,55.80
69.42,69.42,78.10,79.42,54.91
73.88,73.88,83.88,79.69,54.95
72.60,72.60,81.98,79.33,56.32
73.81,73.81,79.87,80.44,58.35
72.12,72.12,77.71,80.76,59.21
75.65,75.65,70.36,82.39,61.02
78.39,78.39,59.29,79.51,61.90
74.77,74.77,51.60,80.23,61.88
76.45,76.45,50.32,81.03,61.21
71.57,71.57,60.65,80.19,59.04
66.38,66.38,69.31,78.45,57.33
68.81,68.81,78.70,75.34,58.62
72.65,72.65,91.53,68.20,55.35
72.20,72.20,92.83,63.81,52.61
75.79,75.79,92.23,63.99,53.27
75.00,75.00,91.12,59.68,53.87
77.79,77.79,91.78,59.27,54.67
78.71,78.71,88.11,64.63,55.54
81.23,81.23,86.44,68.81,57.14
82.25,82.25,87.02,67.72,56.34
83.22,83.22,81.24,75.40,58.55
84.80,84.80,73.30,78.02,60.82
82.93,82.93,70.73,79.89,61.85
78.61,78.61,73.67,81.11,59.48
76.50,76.50,77.81,82.94,56.99
72.12,72.12,77.88,79.13,55.42
76.37,76.37,75.21,83.67,54.25
77.71,77.71,73.29,81.60,55.38
77.44,77.44,71.02,82.52,57.07
76.22,76.22,66.91,79.69,57.16
77.38,77.38,57.75,79.63,56.87
77.58,77.58,51.05,84.56,54.73
76.56,76.56,46.20,79.02,55.51
75.20,75.20,47.25,79.42,56.64
74.54,74.54,52.67,84.06,59.41
75.79,75.79,68.63,81.97,59.64
78.12,78.12,75.69,82.44,60.05
77.68,77.68,71.69,83.52,57.21
78.71,78.71,69.95,80.38,62.50
77.90,77.90,66.25,85.13,61.20
80.92,80.92,64.27,83.77,61.84
79.88,79.88,58.81,83.16,59.41
80.17,80.17,55.43,84.14,61.19
81.26,81.26,53.46,83.03,59.48
80.74,80.74,54.13,85.52,61.49
80.64,80.64,59.06,82.96,61.17
80.92,80.92,66.63,81.89,62.86
82.59,82.59,73.35,82.65,59.12
79.80,79.80,75.28,80.55,64.20
79.22,79.22,74.88,84.29,62.57
79.15,79.15,73.50,84.02,59.41
76.83,76.83,68.95,79.95,54.84
77.75,77.75,55.52,84.28,55.59
77.98,77.98,48.73,84.19,54.62
77.77,77.77,41.56,83.93,57.20
78.56,78.56,40.70,84.74,60.15
75.97,75.97,46.55,83.72,63.06
77.28,77.28,54.22,85.28,62.98
76.70,76.70,63.44,84.95,56.70
76.74,76.74,80.21,82.00,55.64
75.65,75.65,73.71,82.63,62.24
75.11,75.11,68.85,84.10,62.81
75.11,75.11,61.74,83.37,65.61
74.38,74.38,53.78,86.49,66.07
73.92,73.92,45.37,82.35,66.67
75.10,75.10,38.68,83.42,68.87
74.81,74.81,47.34,84.88,66.26
74.13,74.13,60.43,85.20,64.18
73.03,73.03,70.88,84.72,57.77
74.64,74.64,73.67,81.20,52.32
77.86,77.86,91.42,73.49,52.68
74.25,74.25,92.90,64.44,53.45
70.74,70.74,92.32,62.00,52.31
73.86,73.86,91.39,61.71,51.31
75.60,75.60,91.64,64.69,51.51
74.68,74.68,87.73,67.31,54.08
74.61,74.61,86.91,66.64,54.28
68.15,68.15,87.64,73.15,53.91
68.32,68.32,82.61,73.59,57.10
66.13,66.13,77.57,76.17,61.67
66.53,66.53,75.58,76.27,57.09
71.49,71.49,83.38,75.87,56.00
73.02,73.02,91.11,65.84,51.79
75.83,75.83,92.21,61.95,50.56
74.63,74.63,92.12,63.62,49.83
74.48,74.48,92.88,64.64,51.50
72.89,72.89,88.98,65.47,52.32
70.51,70.51,88.08,66.04,53.85
72.57,72.57,88.67,73.60,56.85
72.86,72.86,84.05,78.79,58.68
72.69,72.69,80.27,78.58,59.22
71.75,71.75,77.32,80.84,59.23
73.42,73.42,71.50,83.61,54.34
73.13,73.13,80.44,84.10,56.45
74.87,74.87,84.44,79.97,55.35
76.44,76.44,82.19,76.84,55.52
76.87,76.87,80.28,82.53,56.60
76.85,76.85,78.01,80.48,55.61
76.84,76.84,70.79,79.54,55.55
80.84,80.84,62.61,78.77,56.53
76.81,76.81,56.31,84.50,55.44
76.11,76.11,55.84,81.41,55.78
72.35,72.35,61.74,80.42,56.34
69.19,69.19,66.05,79.36,55.46
72.34,72.34,80.00,81.34,58.35
73.37,73.37,90.95,67.57,55.76
77.22,77.22,93.28,61.13,54.90
73.33,73.33,93.74,63.19,58.23
65.90,65.90,91.02,58.49,59.66
66.68,66.68,90.34,68.02,60.60
68.15,68.15,90.25,65.67,61.05
68.10,68.10,87.23,71.17,62.91
65.93,65.93,85.87,74.11,62.84
74.40,74.40,84.01,77.58,61.22
76.42,76.42,76.96,78.74,58.58
75.95,75.95,72.88,79.26,52.55
74.45,74.45,75.92,81.37,51.97
75.57,75.57,78.18,78.23,50.98
74.42,74.42,78.12,84.83,52.31
75.09,75.09,75.16,82.98,52.98
77.67,77.67,72.93,83.85,53.87
79.52,79.52,71.03,82.87,54.63
77.63,77.63,66.47,86.25,55.41
76.43,76.43,60.17,80.93,55.07
76.45,76.45,51.47,80.54,55.65
77.71,77.71,48.64,84.21,56.15
78.05,78.05,53.56,83.35,55.83
78.07,78.07,59.90,80.77,55.38
77.34,77.34,74.62,82.80,56.20
79.28,79.28,80.81,81.83,54.75
76.20,76.20,76.96,79.46,56.11
73.30,73.30,73.44,82.69,54.72
76.25,76.25,66.86,79.75,55.58
72.23,72.23,60.34,84.82,56.80
71.52,71.52,53.78,79.93,55.72
71.26,71.26,48.11,82.41,54.81
68.19,68.19,46.62,84.31,54.30
69.38,69.38,54.68,84.86,52.71
70.24,70.24,65.36,83.11,53.09
73.29,73.29,71.95,80.73,51.48
78.44,78.44,79.91,83.82,47.72
77.97,77.97,79.47,82.05,53.71
77.74,77.74,77.67,82.30,52.65
75.28,75.28,77.04,81.77,51.10
73.97,73.97,72.48,85.37,53.27
74.53,74.53,71.51,79.70,54.99
76.71,76.71,73.24,82.47,55.12
76.07,76.07,71.83,81.96,53.75
77.08,77.08,71.54,85.20,53.03
74.75,74.75,70.33,78.37,53.65
70.36,70.36,64.56,79.51,51.49
76.56,76.56,62.73,82.57,50.10
78.20,78.20,74.12,82.49,48.58
77.11,77.11,69.22,79.51,48.76
73.96,73.96,62.59,78.32,50.21
73.14,73.14,55.71,86.55,54.38
76.86,76.86,45.76,82.94,54.07
81.56,81.56,36.91,81.78,52.62
75.16,75.16,34.34,83.13,54.75
76.26,76.26,50.42,87.00,57.27
83.62,83.62,65.49,82.95,57.79
79.07,79.07,67.51,84.70,55.18
74.34,74.34,76.61,83.15,53.55
72.67,72.67,89.41,77.69,50.48
75.65,75.65,92.60,77.83,50.35
71.16,71.16,91.86,78.81,51.67
76.67,76.67,90.90,79.30,50.00
76.59,76.59,91.10,78.62,53.53
76.55,76.55,87.12,80.35,49.27
77.06,77.06,84.97,80.68,55.06
76.74,76.74,85.32,82.53,52.73
76.95,76.95,79.63,83.15,58.02
76.68,76.68,74.43,82.22,53.89
77.25,77.25,68.45,85.87,56.33
77.71,77.71,74.01,80.95,55.76
75.30,75.30,82.15,80.89,61.93
73.71,73.71,77.26,82.25,60.22
76.20,76.20,73.67,77.55,61.93
77.67,77.67,70.22,82.64,64.54
78.52,78.52,62.78,76.45,61.01
78.37,78.37,55.16,83.64,62.94
74.71,74.71,49.86,80.03,60.37
71.75,71.75,48.70,86.17,61.23
72.54,72.54,50.61,77.47,59.01
72.00,72.00,56.83,88.55,58.18
73.86,73.86,63.68,81.36,59.97
74.96,74.96,78.85,84.11,61.36
76.44,76.44,84.21,84.29,59.31
74.83,74.83,83.44,79.50,60.30
76.49,76.49,81.14,83.25,60.80
74.15,74.15,76.82,81.05,58.94
72.47,72.47,67.32,83.94,61.69
71.30,71.30,60.29,84.30,59.44
70.28,70.28,58.49,83.44,61.95
73.63,73.63,53.52,80.88,60.75
74.20,74.20,59.40,86.19,58.76
75.51,75.51,68.73,83.74,57.08
77.00,77.00,79.22,76.23,56.57
76.33,76.33,89.01,74.42,55.91
76.19,76.19,91.16,69.00,56.54
75.51,75.51,94.45,71.35,56.36
76.07,76.07,89.72,75.28,58.97
75.49,75.49,87.80,78.89,58.83
74.31,74.31,90.53,80.81,58.16
76.70,76.70,86.14,80.70,58.66
75.63,75.63,81.00,82.04,60.19
76.76,76.76,82.79,79.69,60.90
80.79,80.79,77.98,80.44,63.55
77.20,77.20,70.13,79.98,62.52
74.48,74.48,74.86,78.04,62.40
75.07,75.07,79.44,83.02,59.69
74.91,74.91,78.10,77.81,59.88
76.77,76.77,77.13,82.05,62.39
76.82,76.82,74.60,83.24,63.63
77.18,77.18,72.29,82.25,60.41
75.48,75.48,68.06,86.29,60.92
77.18,77.18,62.83,77.18,57.83
76.64,76.64,58.01,83.33,61.07
76.77,76.77,53.45,85.64,61.62
77.89,77.89,52.43,81.49,63.76
75.34,75.34,58.22,88.45,60.21
77.55,77.55,74.77,82.06,63.24
75.74,75.74,80.08,82.84,61.67
71.49,71.49,75.67,84.84,62.21
72.05,72.05,72.40,78.77,60.17
71.58,71.58,67.35,75.45,61.66
68.15,68.15,62.19,88.13,61.01
68.24,68.24,61.67,83.84,62.35
68.81,68.81,61.12,83.84,60.50
67.45,67.45,61.12,86.94,58.57
71.52,71.52,67.99,88.01,61.96
71.92,71.92,72.80,84.37,64.80
68.93,68.93,76.65,81.86,64.95
70.22,70.22,84.88,83.54,63.28
70.89,70.89,82.23,86.91,63.35
73.82,73.82,81.52,81.05,61.09
75.82,75.82,79.83,82.55,61.28
76.33,76.33,73.38,81.29,61.90
73.09,73.09,59.82,85.58,62.18
74.12,74.12,53.79,87.99,57.57
74.94,74.94,47.04,84.99,63.07
73.95,73.95,45.62,85.85,59.13
75.65,75.65,53.42,82.27,59.53
75.58,75.58,61.10,74.95,62.80
76.26,76.26,69.83,86.19,63.82
75.39,75.39,80.42,86.55,62.19
75.37,75.37,74.10,87.73,60.21
75.37,75.37,68.65,86.70,63.43
74.35,74.35,64.72,75.92,60.51
72.79,72.79,58.31,81.92,61.83
69.38,69.38,53.86,81.56,63.31
68.75,68.75,48.30,78.43,63.19
68.68,68.68,45.79,87.56,62.03
72.17,72.17,44.46,85.56,64.14
71.22,71.22,43.84,87.90,64.06
74.33,74.33,44.11,88.84,66.94
71.39,71.39,44.08,88.06,64.93
69.74,69.74,45.24,84.65,65.21
63.07,63.07,47.50,85.87,68.66
65.55,65.55,45.43,81.93,71.06
65.28,65.28,47.97,83.61,70.53
63.19,63.19,45.88,79.38,68.23
63.46,63.46,45.49,80.88,70.59
62.97,62.97,46.48,80.85,68.36
63.33,63.33,46.39,79.92,72.08
63.12,63.12,46.84,80.54,70.02
63.24,63.24,49.48,80.27,69.13
62.45,62.45,48.84,78.53,73.44
60.16,60.16,52.42,80.94,72.75
60.72,60.72,53.35,78.32,70.47
61.03,61.03,51.94,82.68,69.55
61.30,61.30,46.93,82.14,68.87
61.37,61.37,44.32,79.60,68.63
61.05,61.05,46.31,83.19,67.77
61.87,61.87,44.57,79.44,67.71
61.57,61.57,45.02,81.84,68.87
62.74,62.74,40.69,79.88,68.83
64.98,64.98,44.21,81.46,69.08
63.85,63.85,49.52,78.94,70.25
62.14,62.14,55.31,82.33,69.89
64.24,64.24,60.45,79.05,69.69
63.57,63.57,62.82,79.00,71.16
66.83,66.83,62.88,80.94,68.79
67.37,67.37,60.18,76.65,72.41
70.08,70.08,54.88,82.13,69.94
67.43,67.43,50.19,79.78,72.74
66.98,66.98,47.20,81.29,71.26
68.86,68.86,43.24,79.57,72.48
68.70,68.70,39.71,80.93,72.27
69.47,69.47,42.70,81.93,72.40
68.59,68.59,50.70,78.57,73.08
71.62,71.62,57.49,80.12,71.63
69.15,69.15,61.76,77.62,71.60
71.07,71.07,61.78,81.80,69.57
72.67,72.67,59.11,77.40,72.53
73.81,73.81,57.34,79.53,71.26
76.03,76.03,59.36,78.41,71.35
76.89,76.89,56.40,82.66,73.00
78.05,78.05,54.88,75.65,70.44
76.85,76.85,52.15,77.76,71.74
76.16,76.16,57.91,79.55,69.66
79.05,79.05,64.52,77.15,72.29
79.08,79.08,67.38,80.67,65.89
78.97,78.97,71.88,74.44,69.39
80.19,80.19,67.33,79.51,68.10
78.03,78.03,64.56,75.01,69.64
79.38,79.38,65.65,76.55,67.47
78.60,78.60,64.94,80.51,69.17
77.00,77.00,65.67,75.88,70.40
76.20,76.20,66.19,78.58,70.50
76.52,76.52,65.47,75.74,68.53
74.48,74.48,64.12,73.98,70.40
73.66,73.66,62.32,79.95,70.73
75.65,75.65,62.11,77.03,70.92
74.92,74.92,60.17,75.89,71.69
75.92,75.92,59.22,78.36,70.05
74.17,74.17,57.02,75.73,73.21
76.06,76.06,54.63,78.29,72.87
75.33,75.33,52.53,77.12,71.67
76.65,76.65,52.61,72.33,72.46
76.71,76.71,52.63,79.60,72.54
78.65,78.65,54.05,75.54,73.92
82.80,82.80,56.65,72.34,74.00
82.05,82.05,59.92,79.41,71.67
81.89,81.89,57.20,75.68,70.14
79.88,79.88,57.27,69.73,70.96
79.47,79.47,53.86,78.03,70.14
77.08,77.08,55.38,76.20,69.08
74.66,74.66,53.77,70.41,68.57
76.94,76.94,50.22,78.74,68.62
77.02,77.02,48.00,75.84,70.68
76.64,76.64,45.77,69.85,68.84
77.30,77.30,42.24,76.22,69.18
77.59,77.59,37.41,74.66,70.23
78.38,78.38,41.60,71.32,69.49
79.22,79.22,47.01,73.05,68.40
73.31,73.31,49.59,76.57,66.49
74.79,74.79,49.37,69.20,68.89
80.70,80.70,48.13,67.67,66.63
81.45,81.45,46.28,77.41,66.08
79.93,79.93,47.11,75.65,67.09
76.26,76.26,45.56,68.71,67.49
68.74,68.74,43.46,73.60,66.81
65.64,65.64,41.26,75.39,67.00
67.18,67.18,41.83,63.50,68.70
67.80,67.80,41.83,62.51,69.35
68.86,68.86,44.96,78.05,69.77
70.51,70.51,50.98,73.48,67.58
77.97,77.97,59.44,65.37,68.06
73.64,73.64,59.52,65.92,65.32
74.04,74.04,58.08,75.06,67.14
82.84,82.84,50.06,74.28,73.37
78.53,78.53,43.92,52.31,72.09
82.02,82.02,35.45,63.85,72.87
81.59,81.59,29.79,74.12,71.90
82.65,82.65,28.50,74.97,72.77
82.06,82.06,31.55,58.20,72.74
81.41,81.41,30.61,61.47,73.35
80.66,80.66,28.87,73.47,72.77
81.15,81.15,28.31,74.70,72.53
80.83,80.83,24.37,57.98,70.41
78.09,78.09,22.95,56.17,70.77
74.50,74.50,19.38,74.72,70.54
73.98,73.98,22.42,70.14,72.26
74.62,74.62,31.76,64.01,70.91
76.12,76.12,41.52,59.35,71.71
78.59,78.59,45.61,66.08,72.02
78.93,78.93,50.96,71.75,73.09
71.18,71.18,44.78,74.35,73.66
68.49,68.49,35.51,58.17,70.51
68.12,68.12,25.28,60.41,71.15
67.54,67.54,30.08,72.09,70.31
66.66,66.66,36.62,67.64,70.10
67.10,67.10,46.74,68.15,70.04
74.21,74.21,50.20,57.67,71.78
80.80,80.80,47.87,55.60,70.62
85.33,85.33,40.06,70.40,70.80
83.53,83.53,31.09,67.71,71.32
81.81,81.81,19.86,66.73,72.44
81.29,81.29,18.94,61.92,71.76
82.91,82.91,21.85,63.79,72.42
84.08,84.08,21.72,69.99,73.68
84.01,84.01,18.29,67.99,72.00
85.59,85.59,20.79,68.95,71.88
84.26,84.26,33.51,60.99,71.44
82.07,82.07,40.84,62.36,70.72
82.51,82.51,42.37,69.42,71.08
81.58,81.58,37.44,69.27,71.09
73.83,73.83,26.34,68.32,70.16
70.48,70.48,22.04,59.85,69.33
71.36,71.36,25.62,57.10,70.58
74.37,74.37,27.52,63.24,70.72
72.52,72.52,33.67,68.73,71.90
70.23,70.23,39.24,72.47,71.08
68.50,68.50,51.17,55.47,70.81
74.31,74.31,64.06,53.04,71.66
78.64,78.64,71.37,65.00,72.12
80.29,80.29,66.34,67.40,71.11
79.82,79.82,60.69,70.73,70.28
80.55,80.55,56.52,68.51,70.28
85.53,85.53,54.65,71.73,70.18
85.56,85.56,51.90,71.19,68.53
85.02,85.02,50.08,71.00,68.45
83.43,83.43,49.48,72.75,68.61
77.73,77.73,46.46,75.85,70.48
76.67,76.67,44.32,76.57,69.36
78.64,78.64,42.35,77.83,69.45
79.44,79.44,44.27,77.72,69.64
78.18,78.18,46.71,77.54,67.99
78.32,78.32,48.66,76.94,68.92
77.47,77.47,48.34,77.33,64.77
76.48,76.48,48.76,77.84,65.64
77.18,77.18,50.51,78.12,66.27
76.32,76.32,49.06,76.96,66.52
75.87,75.87,45.15,77.06,66.74
72.38,72.38,40.75,76.22,66.93
70.89,70.89,37.11,75.92,69.27
70.98,70.98,38.73,75.46,69.18
71.89,71.89,40.13,75.63,69.18
72.39,72.39,41.34,75.78,69.49
74.75,74.75,42.17,74.32,67.81
81.81,81.81,35.64,72.76,70.72
83.80,83.80,29.53,71.63,69.35
83.34,83.34,27.77,71.46,70.72
80.83,80.83,25.93,68.80,66.96
82.34,82.34,30.94,69.76,67.46
83.21,83.21,31.62,63.68,66.65
82.52,82.52,29.88,62.15,66.14
80.81,80.81,30.14,58.97,65.14
78.12,78.12,31.84,58.48,65.62
79.65,79.65,33.59,58.97,64.99
81.03,81.03,33.10,61.30,66.45
80.65,80.65,34.40,60.55,64.99
77.03,77.03,33.19,59.71,66.19
74.78,74.78,28.53,62.00,65.49
71.65,71.65,21.15,64.00,73.44
73.41,73.41,17.50,65.78,73.86
74.84,74.84,16.19,69.96,69.80
71.40,71.40,16.73,73.43,69.01
77.85,77.85,30.41,76.16,68.64
77.19,77.19,40.34,77.21,69.27
79.38,79.38,47.74,77.04,67.85
77.25,77.25,50.66,74.58,72.19
77.14,77.14,53.34,69.90,73.08
76.66,76.66,53.92,62.03,71.95
77.62,77.62,50.13,56.93,73.67
74.31,74.31,50.29,55.08,72.50
74.05,74.05,48.53,52.07,73.62
74.46,74.46,44.42,52.70,72.43
73.31,73.31,42.77,55.31,74.33
72.77,72.77,40.81,57.27,72.40
75.16,75.16,44.41,57.07,72.45
71.41,71.41,42.94,54.42,72.42
69.03,69.03,41.12,50.26,74.72
67.53,67.53,41.99,56.84,72.87
65.57,65.57,39.94,59.29,73.91
63.96,63.96,40.86,59.96,74.06
61.40,61.40,39.67,59.45,75.00
59.63,59.63,40.31,60.03,72.22
60.44,60.44,40.18,59.52,71.58
64.20,64.20,39.52,58.95,72.74
63.20,63.20,37.62,56.42,73.85
68.14,68.14,38.14,53.35,74.53
69.81,69.81,37.34,51.96,72.96
69.26,69.26,41.37,53.23,74.14
69.83,69.83,42.20,52.57,73.22
70.05,70.05,40.62,51.55,73.30
71.44,71.44,39.22,51.12,73.81
70.72,70.72,37.22,48.83,75.14
71.88,71.88,35.97,54.48,74.97
69.23,69.23,35.04,49.21,75.60
68.82,68.82,34.55,52.31,75.70
69.25,69.25,32.46,49.73,75.96
69.04,69.04,32.14,49.36,75.43
67.92,67.92,30.98,53.65,75.15
67.06,67.06,32.65,48.90,75.79
67.85,67.85,33.82,54.05,75.98
66.48,66.48,32.07,50.44,74.69
69.99,69.99,24.85,49.34,73.69
74.02,74.02,27.21,44.28,74.83
78.38,78.38,28.21,46.69,75.29
78.74,78.74,21.19,42.39,74.70
78.27,78.27,14.38,45.72,76.21
78.25,78.25,11.93,42.48,74.67
77.25,77.25,11.69,46.30,77.43
75.30,75.30,34.31,46.58,76.29
75.48,75.48,50.65,44.76,74.80
72.64,72.64,57.96,49.77,72.71
74.17,74.17,62.06,52.94,74.09
75.33,75.33,64.20,52.18,74.38
76.42,76.42,56.70,50.25,73.08
79.32,79.32,52.47,50.36,73.37
79.32,79.32,47.14,49.78,71.44
79.95,79.95,42.94,48.86,72.86
79.67,79.67,43.89,49.28,71.79
77.16,77.16,44.30,49.05,72.29
76.01,76.01,45.34,51.06,71.58
75.75,75.75,47.75,51.40,71.64
76.50,76.50,47.71,49.20,71.81
77.17,77.17,44.06,52.48,71.77
77.68,77.68,40.94,52.97,72.86
76.65,76.65,32.45,51.73,72.24
77.42,77.42,29.16,51.45,71.96
77.86,77.86,35.78,50.27,71.57
77.19,77.19,42.49,48.62,72.23
73.78,73.78,45.67,53.60,72.56
75.02,75.02,46.95,50.31,73.82
78.72,78.72,44.29,49.69,75.04
80.29,80.29,37.00,51.66,74.84
78.79,78.79,36.40,49.91,72.54
79.42,79.42,36.70,49.32,71.90
79.62,79.62,40.56,50.72,70.76
80.45,80.45,39.05,49.55,70.23
79.04,79.04,35.84,48.22,70.60
78.02,78.02,34.27,51.06,70.44
78.82,78.82,32.38,51.67,70.38
76.53,76.53,34.08,52.90,70.60
73.38,73.38,39.25,51.44,69.94
71.82,71.82,40.15,50.34,70.83
75.16,75.16,44.59,48.33,70.97
76.63,76.63,45.10,46.03,69.52
81.68,81.68,42.17,46.24,68.90
83.94,83.94,39.88,49.33,67.06
80.45,80.45,33.38,53.28,69.20
81.51,81.51,29.89,50.20,67.81
80.46,80.46,25.37,52.01,69.38
82.03,82.03,22.29,51.00,66.40
79.80,79.80,24.55,51.71,68.40
79.16,79.16,33.20,54.20,67.53
77.93,77.93,36.05,50.41,66.97
77.90,77.90,37.84,48.49,69.72
78.36,78.36,31.36,47.41,69.75
75.29,75.29,31.46,52.70,69.21
72.29,72.29,31.16,49.15,68.33
68.80,68.80,30.30,49.97,68.40
70.27,70.27,31.86,50.58,68.89
73.12,73.12,31.09,51.26,69.33
71.47,71.47,30.13,46.32,73.69
80.28,80.28,28.26,43.56,72.68
82.77,82.77,28.58,45.77,74.02
80.32,80.32,27.77,46.51,71.80
84.90,84.90,28.75,46.13,74.90
79.32,79.32,27.05,41.56,73.49
81.19,81.19,29.31,44.29,75.37
82.46,82.46,31.59,41.66,74.17
81.83,81.83,32.34,45.87,73.61
80.16,80.16,28.60,39.37,70.57
80.18,80.18,24.16,38.84,71.92
78.85,78.85,22.06,38.03,72.44
76.49,76.49,24.86,42.99,73.04
75.82,75.82,25.17,40.88,74.12
69.55,69.55,18.99,41.42,73.22
70.27,70.27,17.84,41.96,72.40
71.87,71.87,15.84,45.40,72.41
78.10,78.10,17.39,43.62,72.28
73.79,73.79,20.04,46.66,71.54
72.59,72.59,15.76,47.15,72.31
71.38,71.38,15.18,48.17,72.00
72.62,72.62,18.35,44.73,71.48
73.90,73.90,26.22,45.94,71.94
78.02,78.02,33.78,43.55,72.29
79.38,79.38,36.05,41.54,73.22
81.19,81.19,39.21,43.77,73.54
81.16,81.16,37.18,42.89,74.46
83.48,83.48,35.02,36.89,73.19
83.05,83.05,33.47,42.39,72.49
77.42,77.42,28.99,46.20,75.29
80.24,80.24,21.93,44.20,75.09
75.30,75.30,24.11,39.87,73.97
76.73,76.73,36.89,42.10,72.29
79.52,79.52,35.81,44.74,73.16
80.44,80.44,44.96,52.65,73.07
79.67,79.67,45.89,44.42,73.55
79.00,79.00,50.94,39.29,71.80
78.76,78.76,49.70,42.91,70.93
78.63,78.63,41.82,41.61,71.57
79.24,79.24,31.52,42.85,70.28
76.34,76.34,26.91,34.81,71.98
69.41,69.41,29.50,39.03,71.27
65.78,65.78,39.88,31.99,70.87
66.43,66.43,50.31,31.57,72.20
71.02,71.02,61.72,37.99,71.90
73.11,73.11,70.53,38.48,71.74
78.29,78.29,64.32,33.63,73.70
79.47,79.47,61.77,35.89,73.04
78.63,78.63,63.13,42.60,76.81
80.33,80.33,63.56,42.93,75.56
80.75,80.75,65.23,43.79,75.05
80.54,80.54,63.08,44.34,75.75
80.66,80.66,61.25,36.74,75.36
82.66,82.66,59.46,32.73,78.32
77.67,77.67,56.90,34.91,79.04
76.73,76.73,56.74,33.25,79.60
76.42,76.42,57.61,37.30,79.67
75.47,75.47,58.38,37.04,79.34
77.76,77.76,56.57,25.00,78.98
76.74,76.74,55.72,36.29,79.28
76.47,76.47,54.73,33.23,78.63
76.86,76.86,51.03,40.93,78.73
75.81,75.81,48.56,39.43,78.54
72.83,72.83,45.61,40.81,78.66
71.69,71.69,40.89,45.04,77.40
72.17,72.17,42.01,48.53,77.84
70.24,70.24,41.59,48.92,75.68
70.69,70.69,47.42,50.27,77.69
71.44,71.44,52.06,51.10,76.24
77.45,77.45,60.59,48.37,76.19
81.76,81.76,53.60,52.10,74.66
83.27,83.27,45.61,53.21,73.38
80.45,80.45,45.30,53.78,74.09
80.73,80.73,42.40,51.90,71.68
82.27,82.27,41.88,51.60,72.04
83.80,83.80,37.90,51.67,66.97
82.10,82.10,34.67,51.47,66.91
79.60,79.60,37.38,52.11,66.97
80.23,80.23,36.84,54.19,65.52
82.09,82.09,37.11,53.48,65.50
80.76,80.76,38.80,51.32,67.09
80.67,80.67,36.82,48.01,66.15
78.85,78.85,33.80,46.75,67.70
75.99,75.99,32.74,40.45,68.08
75.57,75.57,25.22,28.54,73.82
73.82,73.82,23.44,26.18,76.48
72.43,72.43,42.77,34.36,75.43
75.77,75.77,53.78,37.63,75.61
75.10,75.10,69.35,34.92,75.56
75.24,75.24,73.13,23.30,67.16
72.49,72.49,85.79,2.17,65.82
67.18,67.18,93.83,1.99,63.18
68.39,68.39,94.05,9.07,64.73
67.10,67.10,92.71,11.22,66.15
67.82,67.82,91.16,16.69,66.72
66.58,66.58,91.31,14.83,68.78
65.67,65.67,87.25,9.90,70.39
65.63,65.63,86.16,14.95,70.89
65.63,65.63,86.08,14.20,72.05
65.87,65.87,79.03,11.43,72.40
69.74,69.74,75.22,8.42,74.13
66.39,66.39,71.50,2.59,73.80
68.57,68.57,65.22,0.19,76.10
66.55,66.55,60.21,1.15,73.42
67.07,67.07,62.69,8.42,73.85
64.28,64.28,60.49,15.36,75.11
63.78,63.78,53.15,13.63,71.21
63.78,63.78,44.41,13.83,73.66
64.91,64.91,49.18,22.24,72.01
64.98,64.98,44.64,22.44,73.72
69.21,69.21,47.29,23.58,72.53
75.66,75.66,54.34,25.58,75.12
69.88,69.88,51.92,23.85,72.62
68.43,68.43,51.52,27.40,74.81
69.15,69.15,46.36,32.08,72.00
70.62,70.62,39.08,29.72,72.91
71.90,71.90,37.02,29.00,74.43
72.65,72.65,37.31,25.95,73.55
70.93,70.93,37.95,29.79,76.47
74.05,74.05,40.04,23.68,75.01
71.70,71.70,38.55,18.50,76.23
71.12,71.12,39.31,23.96,74.57
71.88,71.88,52.67,18.11,75.09
70.30,70.30,65.66,2.02,71.76
67.07,67.07,70.36,-0.00,66.53
66.04,66.04,88.27,0.01,65.85
60.62,60.62,94.06,-0.00,63.21
59.21,59.21,94.02,-0.00,65.19
62.43,62.43,93.51,0.00,67.38
64.23,64.23,90.02,4.58,70.64
67.17,67.17,89.64,9.63,71.01
71.57,71.57,89.13,6.68,72.55
74.72,74.72,85.73,3.47,73.83
72.55,72.55,83.95,6.02,76.22
73.54,73.54,80.29,1.20,73.67
75.35,75.35,74.54,-0.00,74.09
73.61,73.61,70.98,0.03,73.97
75.77,75.77,69.96,0.01,71.12
76.58,76.58,72.30,0.05,71.29
77.67,77.67,66.05,-0.00,69.38
80.15,80.15,67.31,0.01,72.33
80.64,80.64,64.66,0.68,71.44
80.14,80.14,67.61,10.72,72.91
81.04,81.04,68.73,19.17,70.69
78.22,78.22,70.09,22.49,74.22
74.43,74.43,69.09,20.53,72.16
75.39,75.39,66.00,23.98,72.81
75.03,75.03,67.49,36.76,72.30
76.94,76.94,64.39,37.09,71.54
76.92,76.92,60.79,39.48,72.90
75.71,75.71,60.99,39.46,72.40
76.03,76.03,57.15,43.20,72.29
73.13,73.13,58.01,42.43,70.25
72.88,72.88,57.84,43.62,70.17
73.09,73.09,60.15,40.90,71.16
77.43,77.43,59.54,44.22,73.10
81.21,81.21,55.29,42.36,73.48
80.91,80.91,55.28,41.58,72.70
81.36,81.36,57.13,42.18,71.87
82.53,82.53,53.65,40.21,71.07
81.57,81.57,54.06,40.60,70.48
81.03,81.03,51.30,40.44,71.28
79.99,79.99,50.91,44.24,71.04
76.64,76.64,48.40,42.48,70.57
74.62,74.62,46.01,43.58,70.53
71.04,71.04,43.71,41.33,70.06
72.62,72.62,45.28,42.24,69.87
76.06,76.06,47.00,44.46,71.33
78.95,78.95,49.86,46.57,71.42
83.22,83.22,47.69,45.49,69.87
83.50,83.50,47.32,48.09,68.99
85.96,85.96,46.17,47.61,69.25
83.49,83.49,44.67,45.17,68.58
81.92,81.92,40.10,48.48,67.16
81.00,81.00,36.60,47.14,67.93
82.52,82.52,32.07,45.99,66.79
76.17,76.17,29.72,44.40,68.36
73.35,73.35,35.95,46.88,69.09
79.56,79.56,48.68,46.73,67.08
79.62,79.62,47.98,44.98,69.56
77.39,77.39,49.04,46.21,70.09
76.84,76.84,43.71,44.75,70.35
75.15,75.15,42.57,44.55,67.84
73.35,73.35,43.52,33.52,67.32
75.62,75.62,43.56,34.36,68.30
82.97,82.97,40.61,31.95,72.18
82.19,82.19,37.58,26.64,73.84
81.65,81.65,36.65,13.76,73.31
81.90,81.90,35.76,16.85,74.13
80.87,80.87,34.20,18.72,73.12
80.90,80.90,39.33,23.18,74.40
82.54,82.54,37.88,12.60,73.19
82.37,82.37,37.05,12.15,75.35
82.01,82.01,40.11,13.85,74.86
82.54,82.54,42.61,17.04,73.70
82.86,82.86,41.09,14.33,70.46
80.61,80.61,39.44,8.46,72.17
75.07,75.07,35.90,17.65,73.22
68.78,68.78,35.44,13.01,74.54
66.58,66.58,36.24,22.39,74.11
67.07,67.07,38.13,23.38,73.15
68.74,68.74,35.08,22.30,72.59
68.17,68.17,32.89,19.16,74.31
67.79,67.79,50.89,18.27,73.43
68.45,68.45,66.46,8.59,69.96
66.78,66.78,70.17,0.02,66.53
66.77,66.77,80.56,-0.00,63.16
64.75,64.75,93.83,-0.00,60.43
71.18,71.18,93.58,-0.00,65.53
76.39,76.39,91.88,0.00,66.25
78.41,78.41,93.02,-0.00,65.89
79.49,79.49,88.72,-0.00,66.98
78.57,78.57,86.84,-0.00,69.08
77.65,77.65,87.86,-0.00,69.44
77.34,77.34,84.13,0.01,71.04
79.43,79.43,80.19,0.05,71.40
80.38,80.38,75.33,0.02,68.14
79.65,79.65,72.79,-0.00,64.94
73.38,73.38,89.22,-0.00,63.68
67.45,67.45,94.53,-0.00,62.93
65.62,65.62,93.13,-0.00,65.88
66.11,66.11,94.06,0.00,67.50
66.09,66.09,90.46,-0.00,69.11
65.48,65.48,88.83,-0.00,68.50
64.66,64.66,89.70,-0.00,67.97
62.12,62.12,86.12,-0.00,69.20
61.44,61.44,82.85,-0.00,70.38
63.61,63.61,80.32,-0.00,70.28
63.76,63.76,73.95,-0.00,69.92
70.64,70.64,69.23,0.02,71.97
76.97,76.97,69.74,0.01,70.30
81.76,81.76,70.35,0.13,71.91
80.93,80.93,64.23,-0.00,71.23
81.99,81.99,63.56,0.00,72.52
81.16,81.16,61.58,-0.00,76.53
82.88,82.88,61.79,0.09,74.56
83.72,83.72,62.06,0.21,75.49
85.22,85.22,61.30,0.30,73.78
86.23,86.23,59.51,1.23,76.69
85.04,85.04,58.15,5.59,76.66
81.38,81.38,60.93,6.76,78.42
78.55,78.55,62.94,4.31,78.74
76.80,76.80,62.44,8.40,79.60
78.43,78.43,60.96,11.37,79.20
78.97,78.97,58.27,17.38,79.20
78.25,78.25,58.26,10.00,78.68
76.63,76.63,55.35,15.05,79.99
73.37,73.37,53.71,11.56,77.81
73.29,73.29,53.11,13.80,78.30
72.44,72.44,49.99,15.28,76.59
70.32,70.32,47.66,23.18,77.46
71.43,71.43,50.06,28.50,78.23
71.04,71.04,54.22,21.24,76.12
71.66,71.66,60.64,19.00,77.33
77.81,77.81,64.82,26.69,75.17
78.97,78.97,59.33,27.42,76.74
79.96,79.96,55.48,30.95,73.70
81.07,81.07,50.71,30.11,75.30
82.80,82.80,48.90,37.13,71.78
85.33,85.33,47.28,31.92,74.02
84.95,84.95,46.01,34.14,69.77
80.79,80.79,46.14,32.63,68.56
81.19,81.19,46.90,20.91,67.16
81.05,81.05,43.85,27.13,67.27
78.84,78.84,42.27,29.01,67.45
80.05,80.05,40.96,30.88,66.65
77.32,77.32,40.38,28.91,66.71
74.56,74.56,42.11,19.13,68.89
72.59,72.59,41.20,8.72,67.54
72.98,72.98,36.52,5.82,70.85
70.25,70.25,34.75,9.75,74.22
67.09,67.09,32.10,12.68,77.24
63.65,63.65,35.39,9.75,75.18
61.60,61.60,52.49,3.20,77.28
62.90,62.90,70.54,-0.00,74.84
63.86,63.86,74.49,-0.00,67.40
64.64,64.64,89.81,-0.00,62.99
63.90,63.90,94.33,-0.00,58.48
69.56,69.56,93.72,-0.00,60.66
72.76,72.76,94.09,0.00,66.37
77.03,77.03,90.21,0.00,67.42
78.43,78.43,88.78,-0.00,67.45
71.37,71.37,89.17,-0.00,68.93
64.66,64.66,85.51,-0.00,70.00
66.33,66.33,83.19,-0.00,71.98
68.25,68.25,80.93,0.00,72.66
70.86,70.86,74.07,0.01,75.22
68.02,68.02,69.05,-0.00,71.77
69.53,69.53,66.38,-0.00,72.35
76.69,76.69,61.25,-0.00,74.18
80.96,80.96,59.64,-0.00,73.77
79.71,79.71,61.84,-0.00,73.08
75.04,75.04,52.93,-0.00,72.53
78.92,78.92,56.05,0.00,73.94
81.17,81.17,48.08,0.00,71.86
80.13,80.13,47.30,-0.00,73.69
78.43,78.43,39.68,0.48,71.68
77.88,77.88,38.11,4.10,73.74
77.99,77.99,38.01,3.95,73.62
77.06,77.06,41.02,6.81,74.79
75.00,75.00,44.85,11.73,71.03
74.24,74.24,46.31,10.85,75.73
81.15,81.15,44.99,22.59,73.65
84.69,84.69,47.60,18.70,75.04
78.65,78.65,49.23,27.40,74.92
81.25,81.25,47.20,25.29,75.23
76.15,76.15,46.50,18.00,76.82
78.47,78.47,45.87,13.04,75.15
75.33,75.33,59.38,4.67,75.95
72.06,72.06,66.19,0.49,71.29
69.29,69.29,72.85,-0.00,65.32
67.53,67.53,92.13,-0.00,62.66
67.24,67.24,94.61,-0.00,61.64
72.01,72.01,92.09,-0.00,63.86
73.98,73.98,92.77,-0.00,65.20
73.33,73.33,91.22,-0.00,69.55
75.30,75.30,88.21,-0.00,70.89
77.13,77.13,87.65,-0.00,74.82
76.62,76.62,87.68,-0.00,73.97
78.05,78.05,81.92,-0.00,74.54
77.40,77.40,78.09,-0.00,70.70
76.91,76.91,74.56,-0.00,73.52
76.98,76.98,67.82,0.03,74.77
75.63,75.63,71.36,0.12,70.93
78.02,78.02,71.91,0.00,72.42
79.82,79.82,68.72,0.02,73.63
85.50,85.50,66.72,0.02,74.28
84.41,84.41,62.11,0.99,74.09
81.61,81.61,63.61,5.56,73.65
76.93,76.93,63.04,10.70,73.46
76.26,76.26,62.56,7.16,75.04
77.74,77.74,61.93,12.68,73.90
77.39,77.39,62.58,14.85,72.67
76.14,76.14,62.10,7.50,73.51
76.66,76.66,59.29,7.24,73.75
76.58,76.58,57.39,7.39,73.55
80.15,80.15,58.83,19.16,73.32
82.12,82.12,59.18,24.58,74.11
83.42,83.42,58.15,27.06,73.38
79.91,79.91,58.00,34.97,73.82
72.29,72.29,57.55,27.15,74.37
70.69,70.69,50.23,28.20,73.94
70.17,70.17,47.41,33.14,73.56
71.84,71.84,43.50,32.69,75.00
70.66,70.66,42.94,33.97,73.05
72.40,72.40,47.41,34.22,72.63
72.28,72.28,52.68,32.58,70.23
74.17,74.17,54.03,33.64,69.04
82.66,82.66,54.06,36.58,68.78
82.77,82.77,51.70,31.56,69.44
84.28,84.28,47.25,29.26,69.54
85.48,85.48,45.14,30.09,70.03
76.18,76.18,39.71,32.79,70.08
70.30,70.30,40.99,37.62,70.63
70.63,70.63,46.88,37.73,69.79
70.41,70.41,55.44,32.45,69.53
74.37,74.37,63.33,32.91,67.64
75.82,75.82,64.52,34.07,69.50
80.00,80.00,59.80,29.45,67.91
83.33,83.33,55.84,19.26,68.02
82.67,82.67,51.34,21.80,68.11
80.49,80.49,48.82,22.18,66.94
78.75,78.75,42.26,20.01,68.84
74.85,74.85,41.08,17.50,67.32
75.91,75.91,37.49,14.10,68.66
76.76,76.76,34.04,13.10,69.53
69.96,69.96,37.89,11.06,69.43
67.22,67.22,45.02,11.08,70.46
67.42,67.42,47.61,13.81,68.54
67.14,67.14,51.28,15.89,65.48
72.39,72.39,54.40,24.86,69.57
78.02,78.02,43.38,30.58,72.42
80.17,80.17,37.05,28.62,74.06
82.51,82.51,35.61,22.88,73.70
82.84,82.84,26.17,23.03,73.05
78.77,78.77,28.88,21.59,73.01
76.23,76.23,32.20,27.92,75.16
76.69,76.69,35.62,24.55,74.60
78.10,78.10,35.46,22.28,74.67
77.46,77.46,36.09,16.15,74.22
76.36,76.36,38.38,17.89,73.69
77.65,77.65,32.37,14.84,72.57
79.06,79.06,30.32,23.49,71.61
76.72,76.72,30.76,25.14,72.66
75.90,75.90,30.90,24.14,73.93
79.57,79.57,33.11,15.35,73.50
80.28,80.28,37.00,30.60,73.16
80.44,80.44,39.78,34.04,73.45
79.31,79.31,43.67,31.22,74.17
75.54,75.54,43.56,26.00,73.86
71.94,71.94,43.46,11.83,73.83
66.05,66.05,41.61,22.62,73.31
69.68,69.68,47.65,26.76,72.39
74.49,74.49,50.49,28.82,72.25
80.68,80.68,47.44,34.66,73.07
80.76,80.76,45.41,31.61,71.45
83.66,83.66,43.55,25.61,72.08
84.77,84.77,41.40,21.59,71.74
82.66,82.66,35.74,27.68,72.30
76.93,76.93,34.38,29.23,71.76
77.73,77.73,40.29,28.75,74.18
78.15,78.15,60.84,17.73,73.04
74.92,74.92,69.43,9.00,67.94
75.93,75.93,73.28,0.84,65.83
69.12,69.12,92.95,-0.00,63.78
66.22,66.22,94.63,0.00,63.99
71.03,71.03,93.04,0.17,65.61
73.39,73.39,90.80,0.06,68.12
76.33,76.33,92.25,0.00,66.31
77.08,77.08,88.22,-0.00,67.57
78.38,78.38,86.12,0.03,67.43
77.95,77.95,87.09,0.04,69.16
79.67,79.67,82.30,0.25,70.88
78.99,78.99,76.66,0.75,70.69
69.31,69.31,74.12,0.64,71.57
72.44,72.44,68.19,3.73,74.75
74.02,74.02,66.01,8.66,74.08
73.45,73.45,65.75,13.01,73.52
79.81,79.81,62.24,11.22,72.13
78.76,78.76,61.48,4.11,74.77
76.95,76.95,62.57,4.12,76.38
77.18,77.18,64.91,11.49,75.76
77.55,77.55,66.53,20.26,75.14
76.93,76.93,68.08,27.43,74.86
78.13,78.13,68.07,21.17,77.40
81.30,81.30,65.54,22.68,78.00
77.13,77.13,62.81,13.81,78.71
75.18,75.18,61.94,19.89,79.70
75.08,75.08,58.04,28.12,79.70
75.19,75.19,56.33,21.14,79.09
75.29,75.29,55.92,23.39,78.71
73.39,73.39,53.14,29.04,78.95
71.80,71.80,52.10,25.25,79.72
71.59,71.59,62.20,35.14,78.98
73.33,73.33,63.30,33.88,78.04
70.98,70.98,53.02,27.92,76.33
71.07,71.07,50.13,31.14,76.72
74.74,74.74,51.48,36.56,77.97
75.93,75.93,53.84,38.84,76.39
77.34,77.34,58.70,40.50,75.80
79.09,79.09,64.66,41.72,77.93
79.16,79.16,69.43,40.28,73.94
77.98,77.98,71.00,40.98,74.81
77.33,77.33,74.45,38.77,73.35
77.24,77.24,76.77,41.47,73.52
76.91,76.91,77.17,37.86,73.38
75.62,75.62,76.53,39.42,71.20
75.67,75.67,76.39,27.20,68.82
74.24,74.24,76.28,37.49,68.05
74.64,74.64,76.74,39.58,68.71
76.64,76.64,76.16,46.46,69.46
73.80,73.80,75.53,39.48,70.12
74.60,74.60,75.36,38.84,69.66
79.54,79.54,74.24,41.18,72.05
77.30,77.30,72.70,42.17,72.47
76.80,76.80,66.50,45.53,71.09
77.82,77.82,57.77,43.97,74.39
77.37,77.37,56.26,41.64,76.92
74.72,74.72,61.45,43.72,73.49
73.10,73.10,65.87,48.28,76.30
75.40,75.40,71.08,46.32,73.17
78.25,78.25,75.84,35.56,75.41
75.07,75.07,91.76,7.73,72.14
72.64,72.64,92.80,3.30,68.01
73.53,73.53,92.63,13.46,68.48
73.44,73.44,92.05,22.01,68.34
75.65,75.65,91.65,26.22,71.34
76.51,76.51,87.71,26.67,69.73
76.59,76.59,86.88,29.14,71.19
77.52,77.52,87.59,31.49,71.98
77.30,77.30,81.68,30.95,73.18
77.92,77.92,76.46,27.87,70.52
78.73,78.73,73.45,20.26,71.25
76.81,76.81,79.12,3.22,69.63
73.72,73.72,92.99,1.49,67.55
72.77,72.77,93.12,10.31,67.97
71.82,71.82,93.40,14.45,67.30
73.87,73.87,91.86,16.80,70.48
74.87,74.87,88.85,17.02,69.66
73.97,73.97,88.39,20.84,71.16
75.64,75.64,88.15,26.95,72.58
75.59,75.59,84.42,27.59,72.77
76.54,76.54,80.80,22.72,71.05
77.71,77.71,78.35,23.07,73.54
77.35,77.35,71.04,16.05,71.70
77.72,77.72,67.10,14.13,73.74
77.32,77.32,62.45,11.36,71.97
77.95,77.95,62.84,18.18,74.29
78.66,78.66,63.28,19.92,73.92
77.38,77.38,59.62,20.67,74.68
77.83,77.83,58.71,22.12,75.46
77.65,77.65,56.60,22.75,73.64
76.10,76.10,55.44,27.74,76.20
75.62,75.62,57.00,29.82,74.43
76.39,76.39,56.58,29.94,76.07
76.53,76.53,56.19,30.68,73.82
75.38,75.38,57.19,33.55,75.79
76.63,76.63,57.77,33.48,75.16
76.41,76.41,58.61,37.65,75.87
76.29,76.29,58.09,38.03,75.51
76.85,76.85,59.19,38.67,73.65
76.78,76.78,58.19,39.74,75.68
78.57,78.57,58.66,38.81,75.43
77.68,77.68,58.86,35.50,76.48
76.61,76.61,59.24,37.32,74.70
77.56,77.56,61.83,40.09,76.56
79.16,79.16,61.24,41.95,73.17
75.99,75.99,66.41,41.82,74.93
76.99,76.99,68.03,43.08,73.15
74.90,74.90,71.19,44.02,72.41
75.88,75.88,71.83,45.84,72.62
74.69,74.69,68.28,47.30,73.18
74.60,74.60,70.07,46.45,73.27
73.66,73.66,68.32,47.37,74.68
73.02,73.02,70.42,49.36,74.69
72.67,72.67,72.30,50.40,77.15
70.77,70.77,71.55,51.23,76.31
71.23,71.23,71.96,50.99,75.31
70.78,70.78,69.67,51.30,74.46
69.90,69.90,71.38,52.88,73.80
71.67,71.67,69.59,52.53,75.47
70.08,70.08,68.43,51.36,74.12
71.77,71.77,67.23,52.13,75.03
74.29,74.29,66.50,48.81,74.47
72.64,72.64,65.62,46.27,72.06
74.58,74.58,64.29,48.41,74.12
73.07,73.07,64.20,49.45,74.55
77.53,77.53,64.37,50.42,75.03
76.07,76.07,71.14,52.13,75.38
76.78,76.78,67.57,51.40,74.55
80.59,80.59,62.46,48.99,74.07
80.73,80.73,61.40,44.50,74.43
77.19,77.19,60.39,41.17,73.51
75.51,75.51,62.65,36.09,73.91
73.34,73.34,62.37,36.07,75.81
72.09,72.09,61.60,34.02,74.49
69.52,69.52,62.30,39.13,75.00
70.10,70.10,62.73,37.53,75.80
70.45,70.45,63.60,41.40,75.42
72.68,72.68,63.38,41.18,73.83
70.79,70.79,60.78,44.21,74.60
67.17,67.17,65.41,37.27,71.33
69.60,69.60,70.94,33.12,69.77
71.11,71.11,86.99,25.39,66.72
76.23,76.23,92.14,11.69,66.38
74.58,74.58,94.63,20.06,65.30
74.34,74.34,92.35,27.16,67.66
69.54,69.54,90.22,33.49,70.83
62.39,62.39,90.87,35.05,72.28
64.06,64.06,87.89,34.22,71.69
64.02,64.02,86.01,37.80,73.04
65.30,65.30,85.40,41.93,73.73
66.09,66.09,79.68,43.40,73.67
69.97,69.97,73.70,40.33,73.10
74.63,74.63,71.49,39.07,73.91
70.65,70.65,66.87,43.75,73.22
78.65,78.65,62.82,48.18,70.41
80.03,80.03,61.50,51.24,72.46
78.46,78.46,61.49,52.95,72.44
80.73,80.73,53.62,53.35,73.68
80.14,80.14,50.79,54.25,72.43
79.44,79.44,50.63,56.69,72.74
80.88,80.88,50.48,58.35,74.59
78.91,78.91,55.97,58.64,72.33
78.95,78.95,63.83,55.65,71.44
83.12,83.12,69.43,47.38,68.97
80.50,80.50,81.71,31.58,66.96
76.78,76.78,93.24,24.57,64.31
74.76,74.76,93.39,27.38,64.19
68.87,68.87,92.70,31.37,67.37
68.61,68.61,93.41,40.10,69.20
73.56,73.56,89.55,45.18,69.73
74.40,74.40,87.43,48.53,69.94
73.00,73.00,88.34,50.20,71.30
66.50,66.50,84.49,51.70,71.58
65.79,65.79,79.40,51.63,70.85
66.21,66.21,76.03,46.64,69.28
68.97,68.97,73.11,32.56,65.88
68.27,68.27,89.96,15.57,65.36
68.15,68.15,94.12,9.35,63.81
79.02,79.02,92.13,17.29,64.51
78.73,78.73,94.05,31.63,65.57
75.69,75.69,89.87,39.96,66.12
80.61,80.61,88.03,43.99,67.07
82.19,82.19,89.33,45.11,70.40
83.82,83.82,85.39,48.76,70.60
85.58,85.58,82.17,52.64,71.68
85.08,85.08,79.55,53.96,73.35
83.28,83.28,73.50,51.78,71.84
78.27,78.27,68.43,49.80,71.05
75.90,75.90,64.41,51.75,72.08
76.26,76.26,61.86,52.06,71.73
73.07,73.07,64.86,52.33,71.58
71.44,71.44,63.65,51.65,70.48
73.57,73.57,56.18,47.28,70.40
76.43,76.43,51.08,49.18,70.96
77.47,77.47,46.53,48.55,69.73
73.31,73.31,46.34,48.89,70.28
73.99,73.99,50.83,50.77,70.47
75.18,75.18,54.45,49.40,70.51
77.31,77.31,59.60,52.21,71.11
78.70,78.70,67.77,54.18,71.58
81.94,81.94,72.36,54.90,70.14
81.07,81.07,68.30,59.62,71.93
81.93,81.93,61.03,58.08,68.36
82.23,82.23,61.82,63.16,70.66
81.54,81.54,62.37,65.66,72.02
80.81,80.81,62.58,65.92,71.82
81.12,81.12,66.35,66.24,72.00
78.29,78.29,66.77,66.96,71.44
77.56,77.56,66.83,68.15,72.74
75.35,75.35,66.03,68.98,75.85
76.61,76.61,65.48,68.87,76.18
78.24,78.24,68.12,69.61,76.46
76.81,76.81,67.17,69.59,78.08
75.68,75.68,66.75,68.54,76.40
76.47,76.47,66.60,67.65,76.20
78.22,78.22,65.44,67.49,76.48
77.22,77.22,65.38,67.19,76.95
76.46,76.46,66.44,66.59,76.43
70.01,70.01,65.81,65.09,74.72
68.64,68.64,64.14,64.63,75.50
67.79,67.79,61.14,63.09,73.73
69.90,69.90,60.33,62.87,76.53
70.60,70.60,57.53,60.24,75.47
73.60,73.60,58.12,60.99,74.02
77.34,77.34,58.77,61.52,76.29
83.87,83.87,57.83,60.84,72.76
82.14,82.14,56.48,61.03,75.20
82.71,82.71,52.82,56.79,71.26
83.67,83.67,51.07,58.14,73.05
83.96,83.96,48.77,55.01,69.12
80.12,80.12,48.29,55.01,70.31
79.15,79.15,47.62,53.64,66.41
81.45,81.45,48.51,56.73,66.31
83.55,83.55,49.42,51.87,64.53
83.50,83.50,51.73,52.88,66.00
82.95,82.95,55.54,51.00,65.47
78.08,78.08,52.95,50.64,66.52
70.99,70.99,48.33,45.85,66.90
73.88,73.88,44.61,50.17,66.88
74.16,74.16,39.00,61.97,71.47
75.21,75.21,34.87,63.05,72.87
71.56,71.56,35.15,64.32,71.72
78.99,78.99,46.13,63.48,72.59
77.81,77.81,63.34,64.94,71.65
75.33,75.33,72.34,60.38,68.38
71.48,71.48,79.47,50.22,65.36
68.04,68.04,91.84,31.96,62.75
66.17,66.17,94.28,30.39,62.41
68.41,68.41,94.14,33.57,66.24
67.85,67.85,91.87,33.46,66.39
67.47,67.47,90.38,42.72,68.94
68.68,68.68,90.48,46.71,70.17
68.14,68.14,86.18,45.23,70.08
68.37,68.37,85.65,51.83,72.18
68.18,68.18,83.83,53.08,72.71
67.62,67.62,76.42,53.58,72.00
67.64,67.64,72.15,54.72,73.85
64.11,64.11,70.04,54.90,73.71
63.75,63.75,63.27,54.87,74.39
63.05,63.05,60.78,55.67,73.57
58.51,58.51,64.02,56.08,74.04
61.95,61.95,56.33,55.98,73.20
62.75,62.75,46.37,57.17,72.80
64.57,64.57,48.82,56.77,71.30
68.09,68.09,45.19,58.58,71.97
69.35,69.35,43.96,59.25,73.35
69.66,69.66,45.18,56.78,73.31
71.22,71.22,50.93,53.49,74.23
68.77,68.77,56.45,47.47,73.65
69.56,69.56,58.06,50.88,73.83
70.05,70.05,60.20,53.80,72.50
70.63,70.63,60.63,48.21,74.38
68.87,68.87,58.52,44.64,71.73
69.17,69.17,60.22,43.34,76.40
70.49,70.49,57.81,39.63,74.57
66.55,66.55,54.22,48.82,75.76
68.17,68.17,50.97,51.59,75.79
66.53,66.53,47.23,49.26,74.52
67.16,67.16,44.42,49.55,76.07
66.70,66.70,42.06,53.74,74.62
66.27,66.27,42.35,53.91,76.92
68.72,68.72,43.09,52.08,74.29
73.90,73.90,39.08,52.46,75.79
76.98,76.98,38.13,53.82,73.86
77.64,77.64,37.67,53.57,75.94
78.40,78.40,37.47,55.33,73.89
77.65,77.65,39.33,55.16,75.16
79.45,79.45,40.84,50.07,74.40
79.33,79.33,40.59,56.51,73.93
78.92,78.92,44.94,54.40,74.19
78.51,78.51,53.98,58.95,73.36
77.92,77.92,63.33,58.68,74.29
76.85,76.85,68.25,57.56,70.87
77.91,77.91,72.31,58.63,71.82
76.15,76.15,70.95,59.92,68.75
77.16,77.16,71.70,62.39,69.58
79.20,79.20,69.41,63.75,68.06
79.42,79.42,69.64,64.92,69.78
78.88,78.88,69.84,64.44,71.50
77.88,77.88,68.16,66.30,70.72
77.49,77.49,66.78,65.61,70.90
78.52,78.52,64.53,64.71,71.15
78.91,78.91,62.58,65.00,70.45
80.44,80.44,62.50,65.57,69.90
79.38,79.38,60.07,66.00,70.89
79.61,79.61,57.80,66.74,68.72
76.64,76.64,55.05,66.39,69.50
74.12,74.12,56.08,67.12,69.97
73.13,73.13,59.65,65.01,69.17
75.70,75.70,61.99,67.43,70.47
80.88,80.88,60.18,67.72,70.89
79.99,79.99,64.33,66.84,71.71
81.60,81.60,63.55,67.20,71.09
81.42,81.42,64.62,66.26,70.94
81.29,81.29,65.04,63.46,69.38
81.24,81.24,65.50,61.23,70.08
79.22,79.22,63.08,60.90,70.04
79.99,79.99,62.22,58.53,68.61
82.09,82.09,61.35,57.39,68.25
74.16,74.16,60.77,55.05,69.80
70.93,70.93,59.77,56.28,70.09
71.31,71.31,57.76,55.97,68.84
69.30,69.30,56.55,58.28,70.06
70.88,70.88,53.52,59.55,69.34
73.91,73.91,57.81,55.91,68.66
78.13,78.13,66.97,51.01,68.58
79.37,79.37,68.81,42.01,67.21
76.73,76.73,89.97,38.61,65.13
76.04,76.04,94.15,31.27,62.67
75.12,75.12,92.64,30.93,64.06
75.20,75.20,93.82,28.91,64.18
74.66,74.66,90.04,38.05,65.08
73.56,73.56,87.76,43.98,65.60
74.72,74.72,88.52,45.96,66.41
77.23,77.23,86.04,48.23,67.80
77.77,77.77,82.07,47.48,67.05
76.25,76.25,79.90,45.30,69.91
75.07,75.07,74.03,45.86,69.50
72.23,72.23,68.30,46.87,69.89
68.56,68.56,66.00,48.51,68.25
69.50,69.50,62.64,56.24,68.71
72.33,72.33,60.51,63.97,71.77
77.93,77.93,61.97,62.96,70.00
80.03,80.03,54.82,63.08,71.13
79.60,79.60,49.21,63.65,69.36
81.89,81.89,50.11,64.63,71.10
79.88,79.88,47.10,64.95,71.31
82.35,82.35,53.31,64.11,71.68
81.23,81.23,65.18,58.88,69.75
81.10,81.10,71.02,53.58,66.65
79.78,79.78,85.61,54.00,65.76
76.28,76.28,92.21,50.79,64.78
72.60,72.60,94.82,42.94,66.25
73.09,73.09,92.45,48.49,67.37
69.31,69.31,90.28,57.55,68.59
66.05,66.05,91.44,59.58,68.79
70.39,70.39,87.62,62.11,69.80
70.50,70.50,85.94,64.20,68.98
72.05,72.05,85.86,64.52,69.39
73.00,73.00,78.42,61.59,67.92
73.22,73.22,74.31,56.75,63.27
74.37,74.37,75.55,44.84,62.22
72.23,72.23,92.51,48.22,61.24
73.05,73.05,93.92,43.54,61.95
75.21,75.21,92.13,37.20,65.00
75.69,75.69,91.10,50.59,66.80
78.47,78.47,91.43,53.88,66.22
80.20,80.20,87.76,54.55,67.47
78.42,78.42,86.02,57.58,70.30
78.38,78.38,86.86,61.10,68.77
77.02,77.02,81.13,65.23,69.42
78.70,78.70,75.84,65.80,70.30
79.54,79.54,73.58,62.90,69.34
77.20,77.20,68.46,64.56,70.69
73.24,73.24,63.41,65.00,70.90
77.24,77.24,61.31,65.15,70.52
79.10,79.10,62.10,63.53,69.75
80.07,80.07,57.64,61.60,70.01
80.44,80.44,53.93,58.42,69.86
80.11,80.11,56.23,58.15,70.44
79.95,79.95,57.94,57.78,71.38
78.44,78.44,58.36,56.98,70.71
68.06,68.06,55.09,55.13,70.54
63.96,63.96,51.56,55.97,70.55
64.77,64.77,53.01,58.54,70.22
71.36,71.36,63.16,63.18,70.12
75.26,75.26,71.08,64.67,69.65
80.45,80.45,65.77,68.38,68.51
77.54,77.54,62.22,68.89,68.23
76.04,76.04,61.84,72.02,69.05
83.11,83.11,60.83,72.38,70.03
82.11,82.11,65.01,70.66,68.91
83.94,83.94,65.56,71.31,67.93
81.36,81.36,66.00,72.51,69.27
79.25,79.25,67.98,71.72,67.78
75.01,75.01,73.41,68.26,68.80
72.66,72.66,81.18,57.65,71.36
71.00,71.00,90.73,52.90,68.02
69.90,69.90,93.68,56.60,68.04
71.87,71.87,94.32,61.38,69.85
71.93,71.93,91.21,65.81,70.27
66.85,66.85,89.72,68.15,72.27
67.36,67.36,90.47,68.95,71.39
69.10,69.10,86.66,69.20,72.98
68.88,68.88,85.34,67.82,72.20
68.72,68.72,83.53,68.35,73.58
67.92,67.92,76.01,68.23,70.79
69.03,69.03,71.55,67.98,73.32
69.68,69.68,69.35,68.07,73.02
74.73,74.73,68.08,68.39,73.64
79.34,79.34,65.81,66.57,71.58
81.94,81.94,65.37,66.45,72.02
80.48,80.48,61.46,63.75,71.72
80.29,80.29,56.82,65.07,70.48
82.04,82.04,55.16,63.14,70.10
80.48,80.48,54.36,64.23,69.91
78.13,78.13,52.24,61.16,67.57
81.85,81.85,47.60,60.04,66.17
83.30,83.30,47.65,61.44,65.89
81.55,81.55,44.53,58.84,65.29
79.94,79.94,43.49,60.07,65.41
80.26,80.26,46.36,59.03,64.91
83.13,83.13,47.69,59.54,65.37
77.86,77.86,44.76,56.04,67.37
75.36,75.36,44.11,55.42,65.17
75.58,75.58,40.13,66.02,72.85
75.03,75.03,37.32,66.57,71.46
74.11,74.11,37.69,69.38,68.53
72.18,72.18,49.89,69.85,72.45
78.18,78.18,57.66,70.69,69.23
73.25,73.25,70.95,68.89,68.15
71.88,71.88,80.90,66.11,63.85
71.36,71.36,91.62,63.84,65.69
70.78,70.78,92.20,61.45,64.41
71.38,71.38,93.58,55.83,63.46
72.16,72.16,92.03,59.08,65.95
71.99,71.99,88.60,63.83,66.66
70.94,70.94,88.33,66.57,65.83
70.89,70.89,88.86,69.71,68.96
66.96,66.96,84.54,69.50,68.73
67.26,67.26,80.58,69.78,69.11
68.99,68.99,77.79,69.72,70.18
63.81,63.81,71.15,69.62,66.63
72.86,72.86,68.51,70.13,66.81
84.55,84.55,62.29,68.87,66.82
80.11,80.11,60.51,69.27,67.08
76.25,76.25,59.87,69.29,64.67
71.02,71.02,57.13,69.69,64.72
69.49,69.49,54.38,68.76,63.29
65.85,65.85,52.54,68.46,61.95
69.44,69.44,54.80,68.41,64.62
68.13,68.13,57.23,68.24,63.57
70.38,70.38,56.98,68.28,67.58
69.53,69.53,58.45,65.14,66.52
70.60,70.60,62.59,61.28,68.22
81.99,81.99,74.76,55.32,67.47
85.44,85.44,75.18,49.43,66.38
83.17,83.17,75.69,38.50,64.34
81.92,81.92,73.01,34.56,61.75
77.00,77.00,68.65,36.07,62.95
68.96,68.96,60.64,36.55,62.47
68.12,68.12,53.82,36.49,63.86
65.31,65.31,47.19,34.22,63.92
62.14,62.14,46.18,31.41,64.29
58.05,58.05,51.74,26.85,65.29
55.67,55.67,54.71,42.57,63.00
64.37,64.37,79.45,49.48,57.10
69.88,69.88,93.78,53.48,53.10
74.30,74.30,93.29,57.22,53.61
73.32,73.32,91.75,58.14,52.53
75.02,75.02,92.02,61.17,53.80
77.09,77.09,90.01,65.16,58.05
75.37,75.37,87.25,67.59,56.04
75.63,75.63,87.70,67.49,58.97
74.45,74.45,86.13,60.36,54.29
69.63,69.63,79.38,45.80,51.91
70.30,70.30,75.72,41.91,52.43
74.17,74.17,76.56,51.59,61.54
72.14,72.14,79.64,50.04,65.26
75.00,75.00,79.42,46.62,64.68
70.30,70.30,75.70,60.20,64.91
72.54,72.54,73.39,62.36,65.61
75.05,75.05,71.15,63.91,66.34
75.17,75.17,70.27,66.18,65.61
75.84,75.84,70.00,68.76,67.80
78.67,78.67,67.64,68.64,68.43
79.11,79.11,65.63,69.43,69.29
80.32,80.32,62.57,68.76,68.41
79.84,79.84,62.57,68.20,67.83
79.55,79.55,66.43,67.98,69.04
79.10,79.10,78.85,68.10,68.81
78.43,78.43,77.83,67.66,67.62
77.08,77.08,73.31,67.05,66.70
71.23,71.23,70.03,67.78,66.52
70.60,70.60,66.41,67.55,64.95
77.92,77.92,66.10,68.20,67.46
80.36,80.36,61.32,67.57,66.09
82.02,82.02,58.15,67.67,67.17
81.94,81.94,55.49,69.37,66.56
80.78,80.78,53.39,68.79,65.92
79.92,79.92,52.56,66.37,66.09
81.67,81.67,60.96,64.06,66.31
88.14,88.14,64.53,61.93,66.46
85.79,85.79,59.78,63.45,65.75
83.15,83.15,56.80,63.63,64.78
81.30,81.30,55.39,64.16,65.99
76.08,76.08,48.85,66.89,65.36
75.97,75.97,41.62,66.74,64.36
75.61,75.61,37.62,68.10,66.10
74.07,74.07,38.03,67.98,66.35
77.55,77.55,41.91,67.94,65.23
78.03,78.03,51.34,68.58,65.67
79.87,79.87,59.44,69.77,67.81
78.40,78.40,74.63,69.47,66.73
78.07,78.07,77.89,69.19,65.65
78.91,78.91,72.29,69.18,65.52
79.18,79.18,65.49,69.32,64.46
72.37,72.37,61.74,69.36,63.93
74.14,74.14,66.14,69.12,64.59
78.31,78.31,65.68,68.83,64.28
77.35,77.35,61.14,67.86,65.86
75.07,75.07,60.50,69.44,66.96
71.44,71.44,64.08,65.91,64.17
72.43,72.43,70.53,58.90,61.25
69.24,69.24,81.19,55.71,56.39
73.79,73.79,92.63,53.56,53.23
75.70,75.70,92.93,53.23,52.65
80.79,80.79,91.73,48.83,54.71
78.07,78.07,92.30,43.20,54.47
78.64,78.64,88.51,47.13,56.79
78.41,78.41,87.11,45.58,55.53
77.48,77.48,88.31,51.74,56.84
76.06,76.06,84.32,52.83,56.06
78.21,78.21,79.35,58.36,57.97
79.78,79.78,76.65,60.51,56.10
77.54,77.54,71.70,61.86,57.97
78.88,78.88,75.93,63.04,58.32
74.13,74.13,83.07,61.72,59.69
68.99,68.99,80.00,63.22,59.44
66.85,66.85,75.78,62.36,58.31
65.34,65.34,70.69,67.05,58.31
66.46,66.46,65.91,71.65,62.02
65.18,65.18,57.69,72.85,62.80
63.49,63.49,51.30,70.73,60.30
63.55,63.55,44.24,70.26,61.26
65.76,65.76,40.02,69.40,60.50
63.69,63.69,45.13,68.45,59.94
65.82,65.82,58.99,67.56,60.92
76.25,76.25,82.38,64.17,60.43
79.61,79.61,84.09,62.99,61.16
79.01,79.01,81.98,64.56,63.80
81.68,81.68,80.25,65.52,64.51
82.57,82.57,74.92,65.77,62.15
83.55,83.55,64.51,67.84,62.20
84.12,84.12,58.27,67.93,63.04
83.35,83.35,51.48,67.70,64.61
79.62,79.62,49.32,68.83,65.45
77.28,77.28,59.26,68.27,65.16
73.64,73.64,65.47,68.42,63.94
70.75,70.75,83.34,68.35,64.18
69.34,69.34,92.10,67.06,63.00
66.53,66.53,94.00,66.03,63.93
63.87,63.87,92.03,65.06,64.07
65.83,65.83,90.63,63.99,61.74
66.84,66.84,91.31,64.49,63.61
65.49,65.49,87.86,65.39,62.96
65.76,65.76,86.68,66.27,65.22
63.63,63.63,86.48,67.45,62.49
64.22,64.22,79.10,68.85,63.86
61.69,61.69,73.59,67.56,61.25
68.09,68.09,78.82,65.59,63.26
76.05,76.05,78.16,63.79,61.90
78.58,78.58,78.07,63.47,61.29
77.34,77.34,75.69,65.18,63.22
78.48,78.48,71.60,65.98,66.87
79.37,79.37,69.37,66.08,65.82
79.65,79.65,66.59,67.92,65.84
80.33,80.33,66.71,69.19,68.61
82.48,82.48,65.18,69.86,69.96
84.77,84.77,62.85,70.96,69.47
80.45,80.45,61.63,70.85,68.37
82.79,82.79,63.56,71.20,67.19
79.95,79.95,66.73,70.63,66.40
78.31,78.31,78.54,69.49,65.60
76.99,76.99,76.31,69.13,67.10
75.89,75.89,71.93,68.52,67.73
76.34,76.34,68.87,69.10,66.70
73.23,73.23,64.85,68.99,64.99
73.03,73.03,62.06,68.77,65.78
70.30,70.30,56.93,68.51,64.48
70.18,70.18,54.17,69.32,64.73
68.94,68.94,53.94,70.82,64.68
68.59,68.59,50.31,70.39,65.67
69.55,69.55,53.57,69.26,65.33
77.74,77.74,72.14,66.10,67.07
84.97,84.97,77.75,66.24,68.06
82.56,82.56,79.41,63.65,67.03
80.79,80.79,77.50,56.66,66.90
79.37,79.37,74.85,61.56,69.01
77.46,77.46,66.35,62.09,68.07
78.27,78.27,55.41,58.08,66.24
83.13,83.13,48.68,60.34,68.28
82.59,82.59,44.37,61.02,70.33
81.08,81.08,46.02,60.53,68.44
79.20,79.20,52.07,63.78,68.39
79.95,79.95,59.06,62.77,71.18
76.98,76.98,74.02,66.32,70.14
73.41,73.41,77.34,60.97,68.18
71.03,71.03,72.27,65.52,68.97
71.05,71.05,67.49,63.79,71.18
72.12,72.12,61.59,65.10,69.70
70.22,70.22,53.49,66.08,69.91
67.10,67.10,46.88,66.76,66.91
65.69,65.69,48.63,69.93,71.20
68.24,68.24,56.38,70.58,69.48
67.49,67.49,67.37,70.58,71.11
67.16,67.16,70.98,64.62,67.39
69.71,69.71,83.19,60.84,66.19
66.25,66.25,93.44,61.07,63.82
70.67,70.67,93.32,59.41,64.34
72.74,72.74,91.57,57.37,63.44
75.43,75.43,90.99,59.85,62.95
73.54,73.54,90.50,64.58,66.59
73.54,73.54,87.04,65.96,66.57
73.07,73.07,86.80,67.86,67.78
71.86,71.86,86.15,68.03,66.26
70.38,70.38,79.02,68.73,64.86
72.10,72.10,75.21,69.18,65.27
73.55,73.55,73.02,69.10,67.10
74.27,74.27,76.42,66.29,64.04
76.72,76.72,81.71,64.85,65.04
80.39,80.39,77.53,66.99,65.07
78.21,78.21,74.74,66.96,63.90
73.12,73.12,70.45,67.04,64.65
72.05,72.05,74.52,67.28,64.74
75.36,75.36,76.05,66.76,63.29
75.86,75.86,72.57,65.97,63.38
76.72,76.72,70.04,67.94,64.50
76.98,76.98,66.42,68.30,65.61
76.90,76.90,65.52,65.71,66.69
79.44,79.44,67.94,65.08,66.10
84.68,84.68,73.18,62.89,66.00
84.84,84.84,75.02,62.13,64.26
81.68,81.68,74.43,56.34,63.80
80.95,80.95,74.04,57.13,63.29
79.36,79.36,71.26,53.61,61.73
81.58,81.58,64.83,54.16,62.00
76.99,76.99,58.93,53.87,63.01
74.20,74.20,54.22,57.73,61.95
73.37,73.37,54.69,58.42,60.11
66.72,66.72,59.63,55.01,56.96
63.94,63.94,65.64,50.73,55.86
67.06,67.06,87.19,57.07,58.32
69.52,69.52,92.42,56.78,57.76
70.91,70.91,94.72,54.81,58.85
72.82,72.82,92.49,55.24,58.51
77.12,77.12,88.01,64.17,58.56
75.84,75.84,88.64,68.57,57.46
77.80,77.80,86.20,70.24,59.92
80.79,80.79,79.18,68.85,61.60
79.26,79.26,79.83,68.43,61.79
80.08,80.08,76.67,67.73,61.60
79.66,79.66,75.49,66.59,60.31
75.71,75.71,78.33,65.48,63.17
74.11,74.11,79.22,61.99,62.72
73.77,73.77,78.71,61.25,62.74
78.04,78.04,75.42,64.79,63.25
78.76,78.76,72.81,66.29,65.42
77.42,77.42,69.56,66.87,64.79
72.69,72.69,68.63,69.72,63.33
73.47,73.47,67.68,70.77,66.67
73.37,73.37,66.38,70.71,67.25
75.05,75.05,62.54,70.88,67.93
74.91,74.91,61.36,70.67,68.17
75.62,75.62,63.95,71.10,66.45
77.05,77.05,69.39,70.92,68.07
76.38,76.38,82.94,69.96,67.41
77.76,77.76,80.19,68.93,66.21
76.54,76.54,75.54,69.30,65.58
78.15,78.15,72.08,68.70,66.10
78.05,78.05,68.99,69.09,66.14
71.27,71.27,64.97,69.63,66.08
70.24,70.24,59.40,68.51,66.36
69.85,69.85,56.17,68.66,65.10
70.73,70.73,54.86,69.15,66.66
70.37,70.37,59.72,68.41,67.28
72.02,72.02,62.62,64.18,66.86
73.48,73.48,80.01,62.92,65.41
77.24,77.24,85.72,60.36,65.92
78.56,78.56,83.60,60.16,62.74
82.57,82.57,81.18,54.54,60.46
83.43,83.43,78.28,51.69,60.75
80.49,80.49,69.55,52.08,59.82
72.69,72.69,63.90,52.27,63.21
67.76,67.76,53.37,54.03,64.69
66.19,66.19,49.00,52.79,63.31
67.18,67.18,49.05,60.74,63.04
74.14,74.14,59.77,61.85,62.85
75.67,75.67,63.70,63.03,62.07
78.84,78.84,71.25,64.31,61.22
78.53,78.53,72.01,62.10,62.39
79.36,79.36,67.21,62.74,61.95
77.32,77.32,60.50,66.47,62.92
72.16,72.16,53.53,70.40,62.69
71.23,71.23,46.68,73.62,64.69
68.29,68.29,45.02,72.79,64.12
68.42,68.42,44.67,71.75,63.91
67.61,67.61,55.42,70.10,63.26
61.74,61.74,65.27,65.84,58.46
61.77,61.77,70.49,58.62,55.41
68.17,68.17,86.63,58.51,50.69
73.67,73.67,91.44,59.32,50.04
76.16,76.16,94.33,54.44,47.12
76.23,76.23,91.70,47.14,44.54
78.07,78.07,89.92,50.17,49.13
78.40,78.40,90.88,59.15,52.74
77.39,77.39,86.99,62.10,54.22
77.97,77.97,85.19,63.15,56.06
78.21,78.21,85.52,66.76,59.88
80.07,80.07,78.92,68.40,60.37
79.24,79.24,73.04,70.08,62.40
80.12,80.12,71.03,69.94,65.90
78.11,78.11,76.74,67.54,62.98
75.25,75.25,80.26,66.96,62.62
71.46,71.46,77.64,67.13,66.24
72.51,72.51,76.18,66.50,63.73
71.15,71.15,75.24,68.82,65.77
72.27,72.27,76.63,68.52,65.52
71.75,71.75,75.56,69.31,63.96
72.86,72.86,77.23,69.24,63.41
68.52,68.52,71.99,67.86,65.49
64.54,64.54,68.75,65.87,65.13
63.87,63.87,62.42,63.21,62.55
64.77,64.77,69.74,66.72,66.71
74.17,74.17,85.67,63.32,61.82
78.60,78.60,84.90,65.65,63.24
80.19,80.19,82.71,62.78,58.77
79.41,79.41,80.41,65.97,57.83
76.84,76.84,73.57,61.64,57.75
75.46,75.46,61.43,61.75,57.75
76.29,76.29,55.75,58.60,56.88
76.36,76.36,52.63,54.97,56.71
74.80,74.80,56.20,54.75,56.52
79.06,79.06,60.96,50.38,53.62
79.46,79.46,64.68,56.56,51.13
77.24,77.24,87.47,58.60,53.30
80.42,80.42,92.68,62.22,52.82
79.55,79.55,92.27,60.30,52.93
75.44,75.44,93.29,54.51,53.79
74.39,74.39,89.41,59.15,51.22
72.66,72.66,88.11,62.59,50.77
75.65,75.65,87.84,63.72,52.91
80.76,80.76,80.36,66.71,53.57
78.79,78.79,79.46,71.82,57.19
74.66,74.66,78.35,73.81,54.80
67.99,67.99,73.99,71.70,57.88
66.80,66.80,79.93,70.31,64.60
64.83,64.83,79.67,69.28,64.41
66.83,66.83,78.65,67.88,64.96
68.09,68.09,75.88,66.29,70.37
69.59,69.59,73.94,60.30,69.38
72.53,72.53,70.65,58.70,68.96
73.25,73.25,69.43,59.44,69.09
75.10,75.10,66.84,61.94,71.92
74.59,74.59,62.94,60.78,70.55
73.56,73.56,60.95,58.52,69.95
74.54,74.54,58.76,59.30,69.88
74.02,74.02,63.11,61.86,72.49
73.90,73.90,67.44,54.92,71.26
77.31,77.31,82.16,55.82,70.26
74.10,74.10,77.00,54.74,68.67
72.95,72.95,73.40,63.63,71.92
72.00,72.00,68.64,62.57,70.82
70.58,70.58,66.99,63.18,72.41
71.99,71.99,64.23,58.88,71.57
72.40,72.40,59.39,62.18,73.36
72.80,72.80,58.02,62.66,72.54
73.72,73.72,59.60,64.58,73.89
72.84,72.84,59.39,62.95,72.69
72.52,72.52,61.38,60.64,72.36
81.59,81.59,74.55,59.64,72.74
84.98,84.98,76.61,64.40,72.06
82.99,82.99,75.98,57.30,70.29
80.15,80.15,73.80,60.00,69.06
77.10,77.10,71.96,61.54,71.58
70.86,70.86,63.80,60.86,70.18
67.79,67.79,58.40,61.55,70.22
64.93,64.93,53.74,62.08,70.15
67.37,67.37,55.43,64.92,71.97
74.46,74.46,59.54,61.27,69.96
76.65,76.65,58.26,63.40,70.76
79.50,79.50,59.33,62.03,70.76
82.69,82.69,64.77,63.12,71.03
82.01,82.01,65.08,63.13,72.48
80.83,80.83,64.81,63.28,69.66
79.09,79.09,66.43,63.70,70.78
78.75,78.75,67.18,64.03,69.86
75.28,75.28,66.12,64.12,69.91
70.06,70.06,59.63,66.17,69.48
67.80,67.80,52.32,65.45,68.18
68.58,68.58,56.13,63.02,69.17
70.61,70.61,64.82,60.11,66.88
70.60,70.60,69.35,55.52,64.39
72.15,72.15,87.69,59.49,62.21
71.93,71.93,92.48,58.20,60.95
74.66,74.66,93.24,60.65,59.32
75.28,75.28,92.79,59.97,57.12
76.99,76.99,89.45,62.12,53.91
76.09,76.09,88.50,66.12,55.16
76.17,76.17,88.47,68.61,54.76
76.73,76.73,85.84,69.20,59.59
76.67,76.67,82.99,69.03,60.86
74.75,74.75,79.38,69.59,61.33
76.23,76.23,72.67,70.14,62.51
75.26,75.26,71.00,70.44,66.16
75.92,75.92,79.65,69.77,65.26
72.24,72.24,82.73,70.21,63.69
70.81,70.81,78.77,69.88,67.16
65.66,65.66,73.70,68.55,65.46
64.32,64.32,68.36,69.09,63.92
62.83,62.83,61.89,67.70,65.38
64.42,64.42,60.94,68.38,66.42
63.75,63.75,57.08,68.07,64.19
63.40,63.40,62.40,69.57,67.50
68.09,68.09,68.11,69.11,68.22
72.27,72.27,67.45,68.35,68.46
78.19,78.19,68.28,65.55,67.97
86.94,86.94,69.96,60.24,67.07
86.45,86.45,69.61,55.35,67.18
83.08,83.08,69.03,50.89,63.99
80.69,80.69,70.65,45.30,64.78
77.41,77.41,68.66,48.43,62.67
72.32,72.32,64.64,43.64,62.32
73.41,73.41,62.53,37.02,59.37
75.67,75.67,62.88,35.88,61.13
74.23,74.23,61.85,35.19,60.43
76.11,76.11,63.13,34.81,56.95
76.27,76.27,67.45,47.27,58.29
75.63,75.63,90.98,53.69,56.28
73.31,73.31,93.56,54.99,54.97
71.93,71.93,92.53,55.80,55.64
76.03,76.03,93.43,53.47,57.20
76.93,76.93,90.27,59.42,56.87
78.15,78.15,88.28,63.87,57.17
78.58,78.58,88.83,66.55,58.83
79.97,79.97,87.32,63.98,60.01
80.54,80.54,82.45,47.39,58.44
81.39,81.39,78.33,49.19,60.74
81.70,81.70,75.75,49.08,61.77
80.21,80.21,77.99,50.71,65.77
80.21,80.21,78.76,51.08,65.85
80.21,80.21,77.29,55.70,65.28
81.42,81.42,75.92,65.14,64.54
79.70,79.70,73.24,63.59,66.10
78.43,78.43,72.34,64.36,69.65
76.02,76.02,70.48,69.12,69.64
77.06,77.06,71.57,69.18,70.05
78.34,78.34,71.84,70.80,71.47
76.29,76.29,69.82,69.34,71.53
78.23,78.23,67.38,69.40,72.09
76.89,76.89,66.88,69.16,72.53
76.46,76.46,66.20,69.74,72.41
84.35,84.35,66.07,69.76,70.85
80.48,80.48,64.26,69.83,70.19
76.54,76.54,65.96,70.15,71.57
73.13,73.13,64.76,71.40,71.22
71.43,71.43,65.40,70.92,70.29
69.25,69.25,66.44,70.15,69.74
68.71,68.71,65.96,69.28,70.72
67.16,67.16,66.06,68.31,70.38
66.40,66.40,65.52,71.98,70.84
67.42,67.42,60.56,69.45,70.14
69.46,69.46,61.06,68.37,70.56
83.62,83.62,64.51,66.07,70.41
86.98,86.98,63.25,65.22,67.70
85.24,85.24,65.47,62.48,69.07
83.06,83.06,65.52,66.46,67.48
77.84,77.84,62.20,65.23,64.58
71.61,71.61,58.25,67.48,66.33
71.06,71.06,58.72,67.98,66.98
70.32,70.32,56.69,67.29,66.57
72.61,72.61,54.29,68.47,67.71
69.71,69.71,60.11,67.93,68.85
69.64,69.64,63.53,68.87,65.89
68.57,68.57,68.66,69.79,67.73
69.21,69.21,74.37,67.00,66.39
69.45,69.45,71.98,66.32,64.69
70.93,70.93,68.71,64.80,65.06
70.70,70.70,65.39,68.07,65.88
71.11,71.11,61.86,67.59,65.26
72.44,72.44,59.43,68.43,65.87
72.97,72.97,56.68,68.61,66.92
72.86,72.86,50.43,64.89,64.86
73.59,73.59,50.51,65.38,66.72
68.67,68.67,47.46,64.84,67.45
67.31,67.31,40.52,61.44,64.47
76.05,76.05,49.37,57.96,68.42
84.61,84.61,56.21,55.82,66.96
81.41,81.41,52.69,54.35,63.17
78.64,78.64,54.18,51.41,67.60
80.15,80.15,56.56,53.33,67.19
80.93,80.93,60.31,53.75,64.48
81.59,81.59,64.56,50.58,65.08
81.55,81.55,64.34,55.40,67.22
80.95,80.95,63.46,54.06,65.31
80.71,80.71,63.67,59.01,65.39
73.92,73.92,63.77,60.57,64.76
70.45,70.45,66.62,60.65,61.18
72.04,72.04,75.44,62.74,62.14
78.43,78.43,76.77,62.04,59.86
76.50,76.50,73.20,61.92,62.66
77.63,77.63,69.75,66.17,63.17
80.21,80.21,64.89,67.88,63.41
79.84,79.84,60.44,70.87,64.99
79.71,79.71,57.80,71.01,64.20
78.65,78.65,51.98,70.65,61.15
79.30,79.30,57.24,69.66,63.63
78.47,78.47,65.31,67.26,60.31
75.98,75.98,68.50,62.08,56.91
75.69,75.69,83.57,60.16,58.03
75.32,75.32,91.38,61.39,54.91
73.64,73.64,93.85,60.87,56.92
75.26,75.26,91.30,61.49,52.31
75.07,75.07,89.86,61.79,54.29
75.25,75.25,90.68,66.78,59.65
72.00,72.00,86.77,66.64,55.32
70.87,70.87,85.84,70.56,60.21
72.29,72.29,85.02,69.95,59.37
72.65,72.65,78.15,71.10,61.30
69.57,69.57,73.28,71.23,64.32
74.69,74.69,71.34,70.39,67.88
79.64,79.64,70.30,69.83,67.17
81.97,81.97,71.58,69.41,62.78
80.42,80.42,65.63,67.97,64.45
82.23,82.23,65.56,68.02,63.79
82.54,82.54,64.40,68.97,64.53
80.11,80.11,60.02,67.03,64.89
83.64,83.64,61.78,64.76,65.01
83.72,83.72,60.42,65.40,64.90
80.29,80.29,58.40,67.43,65.20
83.07,83.07,67.10,65.72,63.60
80.85,80.85,73.24,63.40,62.01
73.04,73.04,76.56,63.89,62.26
68.47,68.47,78.22,63.75,59.85
66.64,66.64,79.38,62.15,60.94
67.08,67.08,76.84,66.16,62.24
69.09,69.09,76.02,69.00,63.86
71.14,71.14,73.93,68.11,63.75
75.61,75.61,71.44,71.58,63.82
75.89,75.89,71.10,72.30,63.63
75.87,75.87,69.23,71.22,63.53
79.00,79.00,67.09,71.58,63.89
81.91,81.91,68.38,72.99,65.10
81.18,81.18,65.34,72.13,66.47
81.60,81.60,70.92,69.93,65.81
80.47,80.47,77.78,70.34,64.41
79.49,79.49,73.93,71.44,65.56
76.03,76.03,70.17,70.57,65.14
78.02,78.02,65.79,70.49,65.18
72.22,72.22,62.65,70.19,65.88
72.34,72.34,60.10,69.66,65.28
78.06,78.06,54.78,69.41,64.93
73.82,73.82,53.90,69.39,66.11
79.80,79.80,52.15,70.24,66.81
77.66,77.66,54.33,66.71,65.29
77.26,77.26,59.54,65.90,65.46
84.30,84.30,70.33,61.32,65.49
86.37,86.37,71.28,59.51,67.60
83.54,83.54,70.31,60.99,65.95
82.61,82.61,69.64,65.07,68.00
79.72,79.72,67.37,63.78,66.67
78.58,78.58,65.96,64.94,68.54
81.87,81.87,70.05,62.87,67.86
81.03,81.03,68.52,63.17,68.05
77.52,77.52,64.33,64.10,68.39
74.15,74.15,57.48,63.24,67.20
69.83,69.83,52.27,59.85,67.45
70.65,70.65,53.36,56.24,69.39
83.87,83.87,67.64,52.18,66.71
80.27,80.27,63.90,48.81,64.26
77.58,77.58,59.41,48.68,64.58
76.85,76.85,58.31,51.56,64.46
78.39,78.39,59.24,50.55,66.43
79.36,79.36,65.23,47.40,65.00
81.07,81.07,75.00,44.29,63.95
80.32,80.32,69.07,48.43,64.44
77.88,77.88,65.51,48.10,62.73
75.66,75.66,67.56,50.60,62.90
75.28,75.28,69.10,54.71,60.11
74.76,74.76,91.03,62.31,57.92
72.80,72.80,93.15,61.43,57.63
71.53,71.53,91.74,60.29,56.43
74.60,74.60,92.94,61.80,55.58
73.46,73.46,91.19,64.65,57.92
69.05,69.05,88.27,70.34,58.27
73.42,73.42,87.92,72.17,60.20
68.94,68.94,88.01,73.02,57.74
72.08,72.08,82.71,71.24,58.62
69.80,69.80,78.04,70.39,56.71
73.48,73.48,74.35,66.26,58.58
74.20,74.20,79.51,67.55,59.85
71.33,71.33,92.09,66.71,56.96
70.56,70.56,93.05,67.97,57.39
70.23,70.23,93.99,64.72,56.27
74.97,74.97,91.53,64.94,56.47
78.09,78.09,88.92,67.73,57.83
78.24,78.24,89.24,67.22,59.36
79.12,79.12,88.11,68.24,60.45
75.49,75.49,84.42,69.65,62.07
77.19,77.19,81.50,71.28,62.63
76.37,76.37,77.35,69.50,61.54
72.29,72.29,71.68,64.92,62.76
79.11,79.11,73.86,60.80,62.72
83.28,83.28,80.81,59.45,63.25
81.86,81.86,79.55,57.36,61.48
79.85,79.85,76.99,54.29,60.12
77.10,77.10,74.41,54.82,61.64
71.68,71.68,65.70,58.00,60.30
74.98,74.98,58.13,61.80,62.10
73.71,73.71,56.25,63.79,61.85
68.01,68.01,53.75,57.95,60.89
72.49,72.49,64.56,60.26,61.09
66.01,66.01,68.33,51.09,58.71
65.50,65.50,75.39,60.09,57.49
61.14,61.14,92.56,61.57,55.75
63.91,63.91,94.34,61.23,55.75
63.80,63.80,93.87,57.94,56.56
62.55,62.55,91.90,62.05,55.96
64.58,64.58,91.97,68.22,58.13
63.55,63.55,89.73,70.92,58.28
72.05,72.05,87.01,72.76,57.93
68.86,68.86,87.54,71.92,60.26
67.84,67.84,83.12,71.81,59.49
71.06,71.06,76.50,71.16,56.76
65.82,65.82,77.68,70.04,59.83
71.58,71.58,81.36,65.24,60.43
70.02,70.02,81.51,71.45,60.04
71.51,71.51,79.29,65.92,59.41
67.88,67.88,76.73,64.79,60.69
71.46,71.46,72.50,69.67,62.32
72.90,72.90,69.98,70.35,62.60
72.78,72.78,67.52,71.28,61.33
74.94,74.94,65.97,71.92,65.67
73.43,73.43,61.44,74.12,66.90
74.70,74.70,58.56,72.79,64.79
72.24,72.24,56.78,73.92,66.11
74.72,74.72,57.46,71.53,66.76
79.66,79.66,65.34,71.73,67.04
83.92,83.92,68.77,72.28,65.74
80.14,80.14,66.14,72.05,64.53
76.26,76.26,64.03,69.97,64.61
73.84,73.84,62.17,71.20,65.23
71.00,71.00,59.99,70.91,64.50
75.34,75.34,56.67,68.97,63.04
73.39,73.39,53.43,69.14,63.78
73.21,73.21,51.27,68.59,64.64
71.53,71.53,51.69,68.08,65.74
71.19,71.19,55.63,67.55,66.78
73.02,73.02,63.61,62.78,65.60
84.02,84.02,78.34,60.72,67.14
84.05,84.05,79.54,56.33,67.61
79.55,79.55,78.83,55.32,66.05
78.62,78.62,76.62,56.78,65.04
74.39,74.39,71.99,58.80,63.56
73.61,73.61,62.51,58.42,63.83
67.49,67.49,55.47,56.79,64.12
70.85,70.85,55.19,58.79,64.27
68.32,68.32,52.89,58.59,64.93
69.07,69.07,52.63,59.96,64.69
71.00,71.00,55.59,58.82,62.99
70.00,70.00,61.22,61.08,64.07
74.66,74.66,79.11,60.96,65.08
73.76,73.76,75.19,62.43,65.89
74.30,74.30,68.54,63.09,62.98
70.08,70.08,62.56,66.98,64.85
75.98,75.98,56.29,71.53,64.30
69.15,69.15,52.46,74.17,67.42
74.60,74.60,49.99,72.22,67.15
67.50,67.50,46.18,70.88,66.08
73.71,73.71,49.17,71.25,65.98
62.41,62.41,50.88,71.28,66.45
75.02,75.02,58.30,69.30,65.12
77.58,77.58,74.19,64.30,66.81
77.08,77.08,79.48,60.46,68.39
73.28,73.28,75.68,51.85,69.46
68.92,68.92,71.55,53.09,67.30
67.81,67.81,66.33,59.56,70.63
65.45,65.45,61.53,63.27,68.39
63.72,63.72,55.51,66.96,70.15
61.70,61.70,53.93,66.02,68.20
68.70,68.70,60.25,67.84,71.12
60.61,60.61,59.88,65.10,67.33
55.73,55.73,75.13,62.68,62.75
51.97,51.97,79.48,59.40,60.17
46.23,46.23,92.38,62.41,58.49
48.96,48.96,93.23,62.40,58.66
52.17,52.17,93.02,67.64,61.12
57.38,57.38,93.41,70.43,61.53
59.20,59.20,89.34,73.04,64.12
54.20,54.20,87.86,72.03,62.24
63.05,63.05,89.09,75.10,63.96
61.83,61.83,84.94,76.16,69.79
57.13,57.13,80.37,70.66,70.45
57.97,57.97,76.64,64.76,70.51
55.24,55.24,78.16,59.18,67.87
50.89,50.89,89.52,57.84,64.27
49.64,49.64,93.11,57.85,64.04
48.69,48.69,92.33,61.48,65.56
48.85,48.85,93.70,63.59,66.55
50.06,50.06,89.39,64.22,67.79
52.06,52.06,87.96,61.56,68.48
51.68,51.68,88.83,71.16,71.21
49.76,49.76,85.26,67.21,70.00
50.77,50.77,83.04,71.03,72.16
51.09,51.09,80.98,66.85,70.70
50.74,50.74,79.47,73.54,72.67
50.64,50.64,79.79,69.07,69.82
51.93,51.93,82.60,69.09,73.92
53.25,53.25,82.93,66.37,72.85
51.50,51.50,78.36,69.12,73.05
52.36,52.36,75.80,71.14,71.47
50.50,50.50,74.98,76.55,70.85
50.65,50.65,72.05,70.76,72.50
51.48,51.48,72.65,78.98,70.65
54.67,54.67,71.40,73.77,70.33
55.21,55.21,67.50,78.87,71.55
58.01,58.01,63.88,73.69,73.39
67.73,67.73,63.61,79.65,79.24
73.97,73.97,68.19,71.96,79.16
77.81,77.81,78.07,78.35,74.69
76.62,76.62,75.57,71.93,72.09
73.02,73.02,73.33,76.58,73.01
73.83,73.83,71.95,70.69,72.98
74.90,74.90,70.73,77.65,72.67
72.95,72.95,71.99,68.06,73.73
71.90,71.90,72.52,72.31,73.70
67.80,67.80,73.46,72.93,74.28
64.44,64.44,73.55,75.19,72.88
62.45,62.45,75.60,74.42,74.84
63.52,63.52,74.66,75.13,74.23
74.82,74.82,74.70,71.66,73.48
80.57,80.57,74.00,69.29,72.41
76.74,76.74,73.01,66.49,73.43
71.68,71.68,71.46,68.42,74.51
65.23,65.23,70.52,70.10,74.20
61.19,61.19,69.98,72.84,75.29
59.94,59.94,68.56,71.37,75.41
62.51,62.51,66.88,68.60,76.11
66.70,66.70,66.26,69.73,76.67
69.50,69.50,64.52,74.15,75.80
67.26,67.26,64.78,73.74,76.70
71.62,71.62,65.59,75.13,76.53
70.26,70.26,63.85,73.12,75.99
69.81,69.81,62.75,77.94,74.24
72.83,72.83,63.38,74.45,75.39
69.90,69.90,62.55,76.39,74.98
72.49,72.49,63.97,73.58,75.87
64.76,64.76,65.19,66.96,76.51
69.29,69.29,67.37,75.52,77.71
71.34,71.34,69.91,75.58,76.32
72.60,72.60,69.75,74.75,75.23
73.02,73.02,71.84,72.08,73.65
77.02,77.02,72.48,68.99,72.41
76.59,76.59,72.23,67.62,70.27
75.89,75.89,72.32,77.26,71.28
72.69,72.69,71.93,74.00,71.98
75.23,75.23,70.43,76.87,73.91
79.03,79.03,68.69,70.86,73.35
79.87,79.87,65.88,79.81,71.06
77.23,77.23,60.38,75.34,67.57
77.19,77.19,62.48,74.55,70.88
78.77,78.77,65.86,70.11,69.70
82.20,82.20,69.93,71.20,72.69
81.10,81.10,76.11,68.04,73.19
78.67,78.67,74.75,67.59,71.31
75.05,75.05,77.44,63.73,68.14
73.97,73.97,74.48,65.98,68.31
75.59,75.59,73.88,71.72,70.33
77.42,77.42,70.71,68.91,67.37
78.15,78.15,64.11,63.64,67.87
77.50,77.50,56.60,64.42,65.54
72.41,72.41,48.88,64.58,66.51
71.91,71.91,47.72,67.76,67.98
72.52,72.52,47.01,66.27,67.23
73.61,73.61,44.89,62.42,66.37
72.01,72.01,40.72,62.15,64.42
72.50,72.50,43.83,61.21,65.79
75.72,75.72,47.16,62.27,66.13
73.39,73.39,53.51,63.36,66.52
76.21,76.21,58.27,63.08,68.13
77.95,77.95,59.27,63.50,68.06
77.54,77.54,58.03,63.03,67.39
76.07,76.07,55.09,63.44,68.56
78.05,78.05,53.98,65.20,69.18
78.60,78.60,56.15,66.68,71.02
79.28,79.28,55.26,67.68,70.81
79.94,79.94,57.00,66.76,69.21
79.67,79.67,56.10,66.32,68.65
76.69,76.69,54.08,65.41,67.15
78.89,78.89,54.52,66.29,67.25
80.89,80.89,54.40,66.98,67.52
80.10,80.10,55.06,65.64,65.54
81.14,81.14,52.21,65.55,66.21
73.49,73.49,46.81,61.93,67.39
67.70,67.70,41.47,64.85,66.16
67.51,67.51,42.09,62.00,65.16
67.03,67.03,42.34,63.76,64.67
65.09,65.09,46.31,62.40,66.27
65.55,65.55,49.47,63.16,64.77
67.36,67.36,54.52,61.62,66.14
75.19,75.19,58.36,64.26,67.53
76.99,76.99,58.51,62.01,65.99
78.39,78.39,59.55,63.95,67.54
73.11,73.11,54.47,62.50,66.16
70.17,70.17,45.49,68.21,69.01
74.18,74.18,41.89,67.99,69.38
79.94,79.94,40.67,66.20,69.84
81.23,81.23,43.48,64.87,69.30
80.13,80.13,51.24,63.67,70.31
81.35,81.35,62.05,62.07,69.64
79.46,79.46,70.51,56.76,69.19
78.00,78.00,78.62,61.54,69.62
74.21,74.21,80.07,59.40,65.38
72.87,72.87,78.52,61.62,65.42
74.81,74.81,79.65,60.90,67.37
74.62,74.62,75.71,61.46,65.49
77.21,77.21,74.34,60.57,66.07
79.77,79.77,73.18,58.09,65.68
80.00,80.00,69.33,57.74,65.16
80.50,80.50,67.30,56.20,64.57
79.71,79.71,66.28,54.40,66.13
79.20,79.20,67.04,56.05,64.67
76.35,76.35,66.06,57.20,65.84
80.22,80.22,70.77,55.21,73.27
80.29,80.29,73.75,46.35,73.20
78.60,78.60,74.43,46.44,63.27
74.18,74.18,73.97,46.74,63.81
71.44,71.44,73.73,47.96,63.30
70.13,70.13,73.42,54.85,64.04
73.88,73.88,74.26,60.40,62.43
76.82,76.82,73.98,59.08,60.89
76.41,76.41,74.04,54.77,64.22
78.62,78.62,72.92,55.88,64.70
81.59,81.59,72.24,55.87,62.44
81.75,81.75,75.42,55.89,64.32
80.15,80.15,86.18,58.33,64.21
77.00,77.00,85.66,58.99,63.92
76.80,76.80,81.97,60.43,65.60
76.54,76.54,80.04,59.02,65.67
77.48,77.48,74.94,60.01,66.23
77.95,77.95,67.31,61.83,65.66
78.17,78.17,66.74,63.70,67.16
77.17,77.17,65.36,62.40,66.48
72.63,72.63,64.78,60.17,65.39
73.49,73.49,66.07,59.09,64.62
78.59,78.59,67.38,61.47,65.63
81.15,81.15,72.87,61.23,65.98
82.23,82.23,77.49,60.86,66.03
81.89,81.89,72.75,58.41,67.87
82.16,82.16,67.93,56.84,65.41
80.17,80.17,65.02,56.56,66.92
82.39,82.39,62.90,56.27,66.94
83.24,83.24,60.76,55.23,67.57
81.98,81.98,60.89,51.96,67.39
80.80,80.80,60.53,45.17,67.44
78.40,78.40,63.21,41.83,65.39
73.49,73.49,65.16,46.01,63.99
74.81,74.81,78.42,53.28,63.64
75.42,75.42,91.11,62.96,61.39
75.49,75.49,92.54,60.44,60.31
74.34,74.34,93.99,64.19,60.32
74.63,74.63,90.77,63.65,60.88
73.03,73.03,88.69,65.41,61.44
76.85,76.85,88.64,68.31,63.62
77.76,77.76,85.30,69.94,64.69
77.80,77.80,83.42,73.30,63.52
78.15,78.15,80.66,77.34,65.63
79.30,79.30,73.03,77.18,66.01
78.55,78.55,68.61,78.36,68.50
79.15,79.15,63.85,80.18,66.27
84.38,84.38,55.18,78.83,65.06
82.24,82.24,53.86,77.94,66.28
77.70,77.70,53.68,76.90,63.94
74.77,74.77,52.20,80.20,66.47
77.65,77.65,49.95,80.17,66.55
73.79,73.79,48.91,80.14,65.81
75.35,75.35,47.51,78.37,65.68
75.55,75.55,48.25,80.00,67.20
77.89,77.89,50.89,81.15,66.35
78.70,78.70,55.54,83.10,68.36
78.32,78.32,57.87,83.73,66.41
82.32,82.32,71.83,82.03,66.78
84.41,84.41,71.94,79.24,68.05
83.48,83.48,69.72,78.95,69.57
82.12,82.12,66.98,79.67,67.74
79.71,79.71,64.33,79.30,64.87
78.86,78.86,56.76,78.66,65.23
81.20,81.20,51.10,81.44,67.33
81.22,81.22,48.01,81.46,68.50
80.03,80.03,50.99,78.52,68.73
80.24,80.24,59.63,79.69,68.58
79.48,79.48,70.21,80.76,67.80
78.88,78.88,83.56,78.32,67.16
74.48,74.48,91.37,71.85,64.24
74.57,74.57,91.96,66.54,66.19
73.48,73.48,91.64,64.67,65.85
74.87,74.87,92.21,63.51,65.67
74.28,74.28,88.75,66.62,65.28
73.08,73.08,87.49,66.45,66.61
73.45,73.45,88.23,69.48,67.85
72.64,72.64,84.22,72.15,67.69
74.22,74.22,80.16,76.52,68.65
73.23,73.23,75.00,79.54,66.40
71.87,71.87,76.48,79.42,65.43
70.78,70.78,79.33,79.55,61.53
67.54,67.54,79.12,82.82,60.64
68.31,68.31,78.60,80.48,61.45
66.71,66.71,77.20,81.15,60.18
66.20,66.20,76.62,81.22,63.72
69.00,69.00,75.79,84.53,65.46
75.96,75.96,74.06,82.19,65.85
77.59,77.59,67.26,80.68,65.46
78.74,78.74,61.91,83.55,70.50
82.01,82.01,58.67,82.71,68.66
80.48,80.48,56.93,83.14,68.58
79.75,79.75,55.80,83.24,73.08
82.84,82.84,55.15,82.66,69.11
82.99,82.99,53.58,84.66,68.37
79.13,79.13,52.51,81.73,68.20
76.54,76.54,52.91,80.40,68.97
76.26,76.26,51.36,82.87,69.13
74.62,74.62,49.93,82.37,67.18
69.47,69.47,46.68,83.56,65.51
76.75,76.75,50.70,85.20,67.46
70.73,70.73,51.41,82.45,67.47
76.35,76.35,54.35,82.82,67.33
71.40,71.40,57.69,85.52,66.27
73.97,73.97,70.56,78.84,67.96
83.53,83.53,79.93,82.90,64.82
82.31,82.31,77.47,81.46,64.26
80.03,80.03,74.25,83.62,63.72
79.28,79.28,74.05,83.27,64.66
76.75,76.75,67.91,80.23,65.84
76.61,76.61,59.32,82.19,65.50
75.90,75.90,55.28,83.22,65.40
75.23,75.23,53.94,84.77,67.40
77.86,77.86,54.18,86.05,67.30
77.48,77.48,55.06,81.75,68.04
78.93,78.93,55.98,83.22,66.16
77.30,77.30,71.15,85.34,65.49
75.43,75.43,78.67,81.73,65.67
73.38,73.38,72.87,85.12,65.33
73.09,73.09,66.77,81.99,65.88
75.81,75.81,63.56,84.97,65.86
74.71,74.71,59.17,84.39,68.39
68.47,68.47,53.64,84.64,65.59
66.88,66.88,50.95,83.67,68.35
71.80,71.80,53.84,82.12,65.26
75.38,75.38,66.64,83.56,64.03
78.24,78.24,73.43,82.55,59.88
78.93,78.93,80.98,80.31,60.53
75.16,75.16,90.68,69.46,56.80
74.31,74.31,90.90,65.10,56.36
71.09,71.09,93.86,71.39,54.97
69.06,69.06,91.19,68.00,54.34
69.43,69.43,88.55,68.80,53.83
71.02,71.02,88.49,69.20,56.47
77.75,77.75,87.67,72.46,57.62
79.92,79.92,83.94,74.47,59.60
79.02,79.02,82.34,74.98,58.63
78.21,78.21,76.97,79.43,60.41
81.15,81.15,69.17,79.44,59.76
82.04,82.04,62.61,83.94,58.81
84.12,84.12,61.03,82.20,59.17
80.56,80.56,60.96,80.20,59.51
76.23,76.23,60.82,79.40,57.56
73.15,73.15,59.94,84.54,55.28
72.47,72.47,54.99,79.99,53.42
76.14,76.14,52.35,80.18,52.37
72.98,72.98,52.80,80.91,55.10
78.68,78.68,54.62,85.64,57.68
82.21,82.21,55.62,80.01,59.02
80.75,80.75,55.28,81.08,57.74
80.03,80.03,61.71,84.01,59.32
83.03,83.03,70.46,82.66,61.87
84.12,84.12,74.71,81.73,57.97
81.93,81.93,75.64,78.26,57.90
79.32,79.32,75.05,83.27,56.15
75.32,75.32,72.94,81.17,59.66
74.88,74.88,62.60,81.80,57.68
71.28,71.28,56.71,81.27,55.92
71.29,71.29,54.29,85.72,57.48
71.79,71.79,54.07,81.70,58.49
74.65,74.65,59.84,83.09,58.64
72.60,72.60,66.72,83.23,58.98
73.24,73.24,82.43,81.87,57.17
71.89,71.89,92.49,69.96,52.91
77.53,77.53,92.59,67.01,54.87
76.09,76.09,91.82,61.48,55.78
69.66,69.66,92.54,66.14,57.47
65.83,65.83,89.14,69.95,59.39
66.82,66.82,86.68,68.66,61.31
69.28,69.28,87.48,70.52,59.57
72.60,72.60,84.62,71.53,59.92
73.76,73.76,79.73,70.10,57.57
71.22,71.22,75.04,78.56,51.91
70.33,70.33,76.55,79.95,51.96
69.45,69.45,78.54,80.31,50.95
68.66,68.66,80.36,77.56,51.74
69.65,69.65,79.05,82.98,48.33
75.27,75.27,76.91,79.61,49.22
71.92,71.92,75.52,82.90,50.34
72.54,72.54,75.12,84.12,51.30
74.87,74.87,72.59,84.85,51.27
75.06,75.06,67.83,81.81,51.97
73.81,73.81,65.17,82.40,53.57
71.64,71.64,62.35,83.45,53.77
74.07,74.07,61.59,82.94,53.48
76.80,76.80,61.89,82.12,52.36
81.43,81.43,69.29,80.57,51.59
81.17,81.17,67.56,82.27,51.99
79.25,79.25,65.87,79.33,52.05
78.39,78.39,64.67,82.78,52.52
76.75,76.75,58.05,82.79,52.90
78.51,78.51,53.10,84.77,54.67
76.01,76.01,49.14,81.18,54.50
75.91,75.91,48.40,82.38,54.38
74.44,74.44,51.12,85.93,54.23
73.73,73.73,53.60,83.78,53.58
73.33,73.33,55.30,82.74,53.68
76.23,76.23,67.99,80.51,53.44
82.32,82.32,80.40,83.87,51.19
80.46,80.46,77.93,78.50,49.18
79.09,79.09,75.84,80.62,48.91
77.65,77.65,74.35,79.36,47.86
75.77,75.77,67.52,84.10,48.38
77.85,77.85,64.01,78.84,47.31
77.55,77.55,66.23,80.18,49.14
76.80,76.80,67.47,83.14,49.00
74.38,74.38,69.58,84.32,50.77
75.23,75.23,60.32,79.73,49.57
76.42,76.42,56.70,81.56,50.06
77.70,77.70,70.48,86.23,50.61
76.95,76.95,74.38,82.46,52.00
75.82,75.82,71.55,82.07,50.26
76.86,76.86,69.46,81.75,51.98
77.18,77.18,58.22,85.68,46.80
77.77,77.77,50.08,82.84,49.94
75.24,75.24,43.89,82.70,49.63
76.92,76.92,42.22,83.51,50.51
78.77,78.77,51.92,81.17,49.43
79.41,79.41,62.70,82.36,47.49
76.44,76.44,73.52,79.85,48.32
71.28,71.28,83.55,81.01,52.21
71.35,71.35,92.16,57.40,51.65
71.97,71.97,92.91,62.25,53.29
73.23,73.23,92.25,61.84,53.08
75.27,75.27,92.69,62.09,53.40
73.48,73.48,88.99,63.50,55.12
71.76,71.76,87.82,64.43,57.84
77.56,77.56,87.97,68.78,59.47
81.11,81.11,84.54,72.85,57.47
78.81,78.81,79.36,78.42,56.45
79.81,79.81,77.30,78.77,60.47
80.93,80.93,72.40,80.16,58.78
81.55,81.55,68.44,80.97,60.35
83.62,83.62,61.60,80.80,57.56
80.34,80.34,55.33,81.81,56.27
76.86,76.86,54.31,80.51,58.88
76.05,76.05,53.33,78.34,58.46
75.85,75.85,52.33,80.35,57.76
74.46,74.46,52.36,80.64,58.04
73.90,73.90,54.08,81.19,59.08
75.57,75.57,58.18,81.80,60.93
75.45,75.45,57.14,81.53,61.05
72.68,72.68,54.90,83.00,62.16
74.54,74.54,60.84,84.73,63.99
82.34,82.34,73.52,79.82,61.42
83.39,83.39,71.75,80.08,61.68
82.58,82.58,69.43,79.06,57.70
80.91,80.91,66.97,80.73,57.63
77.46,77.46,65.14,80.84,58.28
76.09,76.09,57.41,82.31,58.12
80.26,80.26,52.80,82.75,58.72
80.11,80.11,50.78,82.50,59.94
79.12,79.12,54.69,83.10,58.06
78.30,78.30,65.88,81.17,59.06
75.42,75.42,75.94,78.76,59.03
74.99,74.99,86.46,73.89,59.85
72.43,72.43,92.36,66.61,58.59
72.87,72.87,92.86,63.51,56.79
72.76,72.76,91.26,62.46,56.16
74.86,74.86,90.43,65.00,56.19
78.31,78.31,90.48,64.76,56.99
79.33,79.33,86.92,69.52,56.96
78.71,78.71,86.24,71.09,57.26
78.58,78.58,85.57,76.03,59.14
76.97,76.97,77.72,78.40,58.43
72.35,72.35,74.20,81.67,56.00
72.30,72.30,78.60,78.83,53.79
73.27,73.27,79.29,82.16,51.49
68.44,68.44,80.73,81.97,53.23
68.74,68.74,80.34,82.42,51.94
67.76,67.76,79.15,82.56,55.81
66.98,66.98,76.22,84.36,61.28
67.05,67.05,75.39,82.86,62.71
71.18,71.18,72.82,84.41,63.66
76.83,76.83,66.62,82.67,62.76
79.51,79.51,64.90,82.07,63.98
77.59,77.59,63.43,83.19,62.06
79.11,79.11,62.78,83.60,61.29
78.89,78.89,59.60,87.99,63.64
84.41,84.41,61.21,81.19,60.91
81.45,81.45,61.37,78.90,63.40
77.11,77.11,62.80,83.55,61.42
74.49,74.49,63.13,82.15,63.61
73.19,73.19,60.39,83.55,61.98
69.99,69.99,56.15,85.73,58.27
66.85,66.85,54.01,83.21,59.00
70.93,70.93,55.70,85.22,60.65
73.78,73.78,57.93,85.49,62.41
71.17,71.17,57.56,81.18,62.56
70.54,70.54,58.16,85.86,61.66
79.16,79.16,67.21,83.29,58.06
86.26,86.26,68.34,82.13,55.89
84.07,84.07,70.17,83.66,56.78
81.09,81.09,72.54,79.67,54.74
75.94,75.94,73.48,81.98,54.04
76.41,76.41,68.55,82.62,56.94
76.70,76.70,63.53,82.51,56.32
77.13,77.13,61.10,86.20,57.56
78.63,78.63,60.20,82.25,60.37
77.63,77.63,58.32,83.08,61.23
75.82,75.82,56.93,85.20,59.47
76.45,76.45,60.59,83.70,57.34
77.27,77.27,73.98,86.49,51.26
75.32,75.32,77.39,81.95,53.51
75.57,75.57,74.08,84.30,49.25
78.02,78.02,69.83,85.78,54.05
75.05,75.05,64.39,84.84,54.88
77.10,77.10,60.67,83.25,54.83
78.32,78.32,57.52,81.65,54.14
78.12,78.12,57.41,83.75,56.50
78.65,78.65,62.22,83.08,58.02
77.39,77.39,69.54,85.11,54.00
75.30,75.30,73.86,82.20,52.52
75.78,75.78,85.06,80.32,54.78
72.78,72.78,93.01,72.18,53.98
70.23,70.23,92.33,65.53,55.58
69.80,69.80,92.36,66.69,50.66
65.31,65.31,92.17,67.23,51.48
65.92,65.92,89.57,66.16,52.23
65.37,65.37,87.50,70.30,52.97
65.13,65.13,87.89,71.09,54.59
66.68,66.68,86.24,75.99,55.16
65.13,65.13,79.52,76.52,54.48
66.06,66.06,75.21,80.41,55.05
66.32,66.32,65.93,81.42,53.83
75.23,75.23,61.77,82.29,53.64
81.00,81.00,70.28,83.85,51.79
76.87,76.87,68.89,83.62,52.41
78.38,78.38,67.33,80.69,54.37
75.69,75.69,65.31,80.80,52.53
74.14,74.14,61.81,84.91,53.36
74.99,74.99,58.95,81.62,52.90
74.06,74.06,57.53,82.86,51.42
73.28,73.28,58.53,83.28,49.82
73.64,73.64,58.96,87.75,51.43
73.72,73.72,62.35,82.65,51.79
72.98,72.98,68.90,81.89,50.88
72.40,72.40,84.75,82.94,53.90
73.16,73.16,85.29,83.11,52.54
72.44,72.44,82.69,80.73,54.53
73.61,73.61,81.38,81.57,55.91
72.66,72.66,76.65,85.34,54.34
67.45,67.45,64.01,83.30,55.24
64.65,64.65,59.06,82.88,53.63
70.73,70.73,56.49,83.69,54.95
71.03,71.03,57.04,87.28,55.00
66.68,66.68,64.24,84.83,57.07
61.28,61.28,70.40,80.87,56.32
61.35,61.35,88.66,79.66,54.09
58.29,58.29,91.37,66.10,55.04
58.27,58.27,95.28,65.35,55.11
60.20,60.20,92.79,64.08,54.98
63.32,63.32,90.43,66.97,55.51
65.10,65.10,91.28,70.38,53.36
69.13,69.13,88.10,71.12,53.58
70.99,70.99,86.26,71.24,53.31
73.13,73.13,85.69,75.44,53.41
72.41,72.41,79.85,74.43,52.32
70.72,70.72,74.79,75.99,50.41
70.44,70.44,77.47,83.40,49.04
64.84,64.84,79.67,78.61,46.80
65.96,65.96,79.71,72.59,45.40
63.76,63.76,78.15,72.86,46.39
64.48,64.48,78.89,75.26,47.22
67.38,67.38,76.14,75.54,45.06
67.82,67.82,76.73,74.73,51.09
68.15,68.15,74.43,74.74,50.70
68.23,68.23,72.71,71.96,51.39
68.44,68.44,72.26,75.76,51.66
68.36,68.36,70.62,71.19,53.25
67.35,67.35,67.85,73.68,56.62
71.10,71.10,67.00,76.49,57.99
82.93,82.93,69.29,76.60,61.49
81.54,81.54,64.75,74.07,56.63
76.86,76.86,60.55,59.73,55.15
73.42,73.42,58.45,60.32,55.06
67.43,67.43,57.35,59.04,58.44
62.91,62.91,57.82,54.40,60.71
59.80,59.80,57.70,51.03,57.23
60.63,60.63,58.07,50.93,59.01
64.56,64.56,61.40,43.38,61.43
70.83,70.83,64.99,44.31,59.35
73.70,73.70,66.34,41.72,55.70
81.05,81.05,73.31,54.93,56.54
84.32,84.32,77.75,51.42,55.35
80.95,80.95,80.76,48.52,54.29
80.56,80.56,80.70,58.46,50.95
78.60,78.60,78.46,60.17,46.36
77.67,77.67,69.14,46.11,47.59
78.22,78.22,61.45,40.91,47.15
79.44,79.44,57.11,41.95,49.13
69.38,69.38,51.28,42.08,51.94
73.51,73.51,54.97,35.82,50.09
79.28,79.28,61.93,44.39,43.79
79.77,79.77,69.63,53.56,40.64
76.86,76.86,78.30,55.77,44.92
75.48,75.48,79.05,47.22,40.95
75.04,75.04,78.83,28.19,39.62
75.75,75.75,76.97,35.81,43.22
74.65,74.65,76.91,34.32,48.13
78.64,78.64,75.63,39.45,48.66
76.93,76.93,69.30,46.46,43.26
76.94,76.94,62.18,50.14,46.39
77.82,77.82,57.11,51.36,46.54
77.55,77.55,57.39,53.56,47.11
77.04,77.04,58.12,56.79,45.52
76.83,76.83,68.51,74.59,51.37
78.24,78.24,83.23,84.71,52.48
76.00,76.00,79.44,82.87,54.09
78.76,78.76,76.01,82.44,55.52
74.50,74.50,71.18,85.26,54.74
67.63,67.63,66.13,83.92,56.02
65.35,65.35,59.22,84.47,55.97
65.56,65.56,55.66,84.11,56.44
66.25,66.25,53.14,84.47,53.98
62.06,62.06,57.04,85.39,52.99
64.14,64.14,67.05,86.04,48.58
71.12,71.12,79.07,85.16,45.45
67.41,67.41,78.67,84.08,46.07
74.41,74.41,79.47,82.84,48.24
74.55,74.55,78.33,81.33,48.99
75.28,75.28,77.33,81.06,48.17
73.29,73.29,77.08,82.75,49.63
76.55,76.55,73.38,82.03,51.31
79.26,79.26,69.26,82.51,54.09
79.31,79.31,62.92,82.48,55.53
78.24,78.24,59.47,81.90,56.63
80.17,80.17,62.67,82.14,57.12
75.11,75.11,73.91,79.45,58.75
67.05,67.05,81.37,78.95,54.69
71.96,71.96,91.89,67.41,51.89
71.71,71.71,92.78,65.54,53.01
74.43,74.43,92.24,66.36,51.40
76.49,76.49,92.48,67.00,52.39
74.90,74.90,88.29,69.77,52.40
78.20,78.20,87.50,67.62,52.21
78.36,78.36,88.19,71.15,54.37
75.77,75.77,82.79,71.98,56.91
75.76,75.76,76.84,74.26,58.47
78.33,78.33,71.78,74.09,58.80
75.25,75.25,67.46,77.49,58.02
78.17,78.17,72.00,77.82,59.06
78.57,78.57,77.92,78.73,59.83
77.26,77.26,71.20,80.24,60.98
79.45,79.45,68.39,79.45,57.43
81.02,81.02,70.57,79.24,60.01
78.00,78.00,64.14,78.75,60.13
80.39,80.39,62.37,79.24,60.38
82.29,82.29,62.97,80.47,58.90
78.68,78.68,58.17,81.07,58.55
80.61,80.61,61.63,80.39,56.98
81.65,81.65,69.21,80.26,55.07
75.41,75.41,74.79,78.85,52.28
67.50,67.50,77.20,78.67,50.20
67.88,67.88,79.73,75.84,49.63
73.50,73.50,78.84,79.24,49.33
75.93,75.93,77.30,77.84,51.04
78.12,78.12,75.97,81.85,55.00
79.23,79.23,72.29,79.19,54.63
79.98,79.98,68.97,77.89,58.58
73.30,73.30,61.20,83.81,57.87
75.16,75.16,56.94,81.31,58.66
75.92,75.92,55.13,80.24,56.96
76.15,76.15,59.22,83.75,56.17
75.12,75.12,66.33,78.84,58.43
74.93,74.93,83.28,80.11,56.06
73.86,73.86,80.18,81.36,56.32
76.65,76.65,75.87,78.83,59.88
76.08,76.08,70.65,80.61,58.56
79.12,79.12,64.83,83.67,59.85
78.46,78.46,56.02,80.31,54.92
72.57,72.57,51.39,81.00,57.89
74.84,74.84,50.82,80.92,59.60
74.82,74.82,54.26,82.90,60.58
74.63,74.63,58.54,84.17,61.24
74.86,74.86,64.24,79.43,61.71
74.52,74.52,80.27,80.64,59.02
73.40,73.40,85.16,80.68,57.14
74.05,74.05,82.14,79.62,57.95
74.64,74.64,79.38,85.29,57.83
72.52,72.52,76.21,80.16,59.16
67.53,67.53,69.11,79.33,59.71
76.45,76.45,72.25,83.69,60.37
77.83,77.83,74.85,76.39,62.99
73.55,73.55,73.03,84.95,62.38
69.14,69.14,70.79,80.32,61.74
71.30,71.30,74.26,83.73,61.29
76.32,76.32,76.29,82.85,59.32
76.35,76.35,83.20,81.60,55.90
79.22,79.22,79.19,80.60,56.50
81.03,81.03,75.52,79.73,56.50
78.80,78.80,72.87,82.58,59.88
76.52,76.52,69.55,82.52,57.20
76.79,76.79,70.66,82.55,55.81
77.58,77.58,83.10,79.83,57.51
78.36,78.36,79.96,79.88,57.58
79.63,79.63,75.46,83.50,58.35
80.14,80.14,72.76,79.19,58.15
81.28,81.28,72.66,80.32,58.75
81.39,81.39,86.00,77.44,62.31
79.53,79.53,90.89,66.16,59.02
75.90,75.90,93.03,68.88,58.34
75.95,75.95,91.80,69.77,57.74
75.29,75.29,89.20,68.25,59.28
74.86,74.86,89.57,69.02,62.49
76.56,76.56,87.37,69.45,63.71
77.59,77.59,84.63,76.18,62.90
77.53,77.53,83.26,78.34,62.24
76.41,76.41,79.03,80.42,66.19
78.24,78.24,71.79,81.31,64.98
80.00,80.00,68.34,83.75,62.89
78.51,78.51,77.32,84.58,62.99
78.37,78.37,80.30,80.63,63.06
78.65,78.65,76.97,80.31,59.81
78.78,78.78,71.71,84.14,57.52
79.55,79.55,68.07,83.13,58.45
82.41,82.41,66.02,81.68,59.79
82.02,82.02,62.72,79.29,57.93
82.23,82.23,64.82,85.86,57.67
84.37,84.37,67.71,80.05,57.90
84.14,84.14,66.30,80.12,55.81
83.12,83.12,62.92,80.83,55.99
79.72,79.72,71.81,83.45,63.15
75.32,75.32,85.14,78.02,66.66
72.91,72.91,85.11,76.06,63.09
74.24,74.24,81.86,81.45,63.46
75.99,75.99,79.70,80.27,61.23
77.53,77.53,73.96,80.77,59.85
75.95,75.95,65.24,78.87,58.36
76.43,76.43,60.22,86.19,59.51
73.36,73.36,59.49,82.42,61.67
77.22,77.22,60.23,82.55,61.14
77.85,77.85,64.40,82.66,58.98
79.47,79.47,71.11,84.30,59.71
75.87,75.87,88.18,73.55,59.40
75.65,75.65,91.68,74.43,56.81
74.21,74.21,91.92,67.50,58.72
70.80,70.80,93.52,68.85,60.12
73.77,73.77,89.58,64.91,59.65
75.93,75.93,87.85,71.33,61.19
77.18,77.18,89.25,70.29,61.38
75.60,75.60,85.45,70.77,62.38
76.09,76.09,81.90,74.39,64.94
78.08,78.08,78.23,78.25,62.48
76.10,76.10,73.24,79.06,60.62
72.54,72.54,80.00,79.50,61.15
67.04,67.04,80.89,77.26,56.84
68.35,68.35,80.03,83.22,56.50
66.95,66.95,79.32,79.68,59.63
68.06,68.06,78.87,80.32,60.61
72.20,72.20,75.71,80.12,60.92
71.97,71.97,73.15,83.34,64.47
70.09,70.09,71.90,79.64,65.56
67.31,67.31,66.94,81.78,64.35
70.47,70.47,64.68,82.27,65.74
73.57,73.57,63.63,81.96,66.70
71.49,71.49,62.28,79.67,65.04
70.04,70.04,67.42,77.83,65.20
79.51,79.51,75.05,81.87,63.02
76.85,76.85,71.25,79.89,64.79
74.76,74.76,69.93,79.44,64.28
71.37,71.37,65.66,80.61,65.35
71.34,71.34,61.29,82.71,65.49
68.47,68.47,57.61,79.60,66.84
68.43,68.43,56.13,81.70,65.34
68.88,68.88,56.81,81.70,64.48
69.98,69.98,57.54,85.73,65.14
69.91,69.91,56.33,81.70,63.66
69.50,69.50,61.38,82.31,65.99
80.26,80.26,75.67,82.17,67.84
83.64,83.64,78.41,82.13,66.35
80.01,80.01,76.86,81.12,65.00
76.21,76.21,76.26,77.53,66.31
71.22,71.22,75.31,83.29,66.46
66.41,66.41,68.92,82.66,65.62
64.36,64.36,65.14,82.84,66.56
65.76,65.76,65.21,83.28,64.87
66.14,66.14,66.37,86.00,63.76
66.33,66.33,64.82,83.46,64.62
68.83,68.83,60.09,82.40,62.77
70.10,70.10,60.64,84.52,61.52
76.74,76.74,73.70,85.29,63.09
75.92,75.92,73.70,83.63,61.13
77.72,77.72,69.05,79.63,59.30
77.63,77.63,65.32,84.09,62.80
78.33,78.33,60.32,82.38,61.86
78.93,78.93,54.39,81.35,61.74
77.25,77.25,51.45,82.02,61.36
79.46,79.46,49.45,85.63,60.04
77.02,77.02,53.01,82.64,59.55
80.37,80.37,71.73,82.00,59.68
78.51,78.51,74.72,85.26,57.33
77.71,77.71,89.89,77.31,59.24
79.20,79.20,92.15,70.49,59.06
76.67,76.67,92.39,66.67,59.73
75.36,75.36,93.66,68.46,60.23
74.35,74.35,89.82,69.03,60.09
77.12,77.12,88.27,70.37,58.52
75.86,75.86,89.47,72.35,60.66
74.85,74.85,85.27,72.74,62.32
78.18,78.18,82.63,76.10,59.53
73.86,73.86,79.16,81.75,60.08
77.67,77.67,72.22,80.58,58.54
76.87,76.87,62.88,81.33,59.73
81.02,81.02,73.66,79.99,60.99
79.77,79.77,72.40,79.83,60.25
79.45,79.45,70.22,80.88,60.08
78.45,78.45,67.19,81.84,61.32
77.33,77.33,60.95,80.89,60.45
75.80,75.80,59.28,82.79,58.99
78.09,78.09,58.83,79.91,58.18
77.54,77.54,61.77,80.73,59.15
77.34,77.34,65.81,81.89,59.46
76.28,76.28,64.15,82.15,62.34
78.41,78.41,59.87,83.58,62.18
77.34,77.34,68.24,82.93,63.78
84.01,84.01,78.39,81.20,62.50
82.53,82.53,75.71,82.78,60.35
79.85,79.85,72.46,81.11,59.39
79.01,79.01,69.45,81.83,60.32
74.33,74.33,64.88,82.52,61.95
73.15,73.15,56.97,81.49,60.75
73.96,73.96,52.78,82.64,62.52
73.64,73.64,50.57,80.59,62.70
73.02,73.02,56.75,80.27,64.00
74.69,74.69,64.55,80.15,62.78
71.44,71.44,71.86,78.75,64.26
71.93,71.93,89.57,75.29,62.03
72.84,72.84,92.62,68.08,60.26
71.17,71.17,91.82,66.25,60.70
70.83,70.83,91.35,68.39,60.13
70.02,70.02,91.63,67.54,61.85
69.14,69.14,88.33,70.03,63.04
69.93,69.93,87.32,73.26,63.05
68.55,68.55,87.61,76.07,62.67
70.51,70.51,81.84,78.99,63.41
68.30,68.30,78.63,79.82,57.15
70.88,70.88,75.91,80.19,56.72
70.49,70.49,79.11,78.02,56.22
71.43,71.43,78.11,77.42,54.68
71.11,71.11,79.24,80.31,56.06
73.46,73.46,77.39,79.11,57.56
67.53,67.53,76.41,83.50,57.53
71.47,71.47,75.36,77.99,60.17
75.38,75.38,72.21,82.63,61.98
73.42,73.42,67.49,85.11,61.91
74.47,74.47,60.65,82.81,62.64
74.24,74.24,56.47,86.20,61.39
72.19,72.19,54.43,82.19,62.15
71.44,71.44,53.89,84.50,61.18
76.70,76.70,60.84,84.40,62.72
82.44,82.44,67.18,80.94,62.71
79.31,79.31,65.11,83.18,62.39
77.55,77.55,63.51,83.86,62.63
73.19,73.19,60.35,81.82,61.67
71.31,71.31,57.19,84.68,60.89
68.67,68.67,55.28,78.24,60.53
66.22,66.22,55.17,84.25,62.79
69.90,69.90,57.44,85.18,64.61
68.72,68.72,58.43,83.39,64.63
70.46,70.46,59.86,83.09,65.59
72.99,72.99,64.13,83.01,67.45
79.58,79.58,78.40,80.79,67.77
80.92,80.92,79.79,81.99,68.02
78.09,78.09,77.63,77.23,68.18
75.51,75.51,76.01,79.19,67.13
70.71,70.71,73.45,83.46,65.98
68.46,68.46,67.53,78.10,64.72
66.34,66.34,67.45,84.52,65.91
67.24,67.24,68.07,81.12,64.97
67.94,67.94,73.39,82.46,64.14
67.80,67.80,73.71,86.40,61.43
70.10,70.10,71.01,83.12,61.84
75.95,75.95,70.26,83.80,62.13
77.18,77.18,78.13,81.32,62.56
76.80,76.80,75.26,82.45,63.90
76.93,76.93,72.88,84.04,65.70
78.05,78.05,69.61,81.97,65.25
77.71,77.71,66.70,81.20,64.51
76.35,76.35,60.59,83.20,64.18
80.29,80.29,54.08,83.60,60.80
79.77,79.77,54.58,81.35,59.59
77.72,77.72,63.09,80.95,57.71
77.96,77.96,71.14,81.62,59.86
76.03,76.03,76.52,82.51,66.34
73.66,73.66,89.65,71.88,64.55
74.41,74.41,92.26,65.26,62.51
74.70,74.70,91.63,66.55,63.95
76.57,76.57,92.98,66.11,61.83
77.56,77.56,90.01,67.68,60.48
77.11,77.11,87.51,70.09,57.83
76.53,76.53,87.81,70.93,57.99
78.57,78.57,85.58,75.22,56.86
77.91,77.91,80.95,73.83,56.73
76.53,76.53,75.74,81.75,55.44
77.40,77.40,72.26,81.95,58.29
76.42,76.42,66.48,82.57,59.15
72.32,72.32,79.78,80.53,60.66
72.98,72.98,79.02,83.37,61.19
76.91,76.91,75.86,80.39,62.88
76.74,76.74,77.68,81.09,64.49
76.77,76.77,73.84,84.04,65.24
77.61,77.61,70.01,82.38,61.94
75.36,75.36,77.23,82.56,59.68
76.04,76.04,71.82,78.64,59.18
78.14,78.14,65.70,83.94,57.53
78.20,78.20,64.12,79.03,58.61
77.29,77.29,66.72,80.63,60.92
77.66,77.66,74.86,82.69,60.76
77.79,77.79,86.46,82.99,62.67
77.28,77.28,82.60,80.22,63.22
76.89,76.89,81.90,79.31,64.31
75.23,75.23,78.36,84.40,62.98
73.48,73.48,73.45,81.03,59.12
71.93,71.93,72.96,80.35,59.24
70.90,70.90,69.27,78.45,62.23
72.54,72.54,66.66,85.80,63.26
71.42,71.42,64.25,80.65,62.43
71.36,71.36,68.09,83.22,62.05
71.20,71.20,71.37,82.52,60.48
70.51,70.51,90.55,79.76,58.68
72.05,72.05,92.30,69.41,59.05
76.25,76.25,91.63,68.59,58.47
75.25,75.25,90.16,68.53,59.67
70.71,70.71,90.82,68.77,59.58
71.87,71.87,87.43,69.66,61.88
76.20,76.20,86.04,70.74,62.21
77.75,77.75,86.81,71.45,62.93
79.90,79.90,81.07,75.05,60.62
79.92,79.92,75.21,76.59,60.40
80.11,80.11,74.47,81.89,59.60
71.45,71.45,78.14,78.54,55.85
67.81,67.81,79.98,73.49,53.37
67.02,67.02,78.96,70.69,53.78
67.75,67.75,77.02,72.38,54.77
71.01,71.01,75.45,75.38,54.46
70.11,70.11,72.25,73.61,53.81
71.34,71.34,70.61,73.94,56.41
77.33,77.33,71.29,73.92,57.87
78.75,78.75,66.50,74.49,58.57
81.78,81.78,62.78,73.45,60.73
81.23,81.23,57.91,73.76,59.53
78.05,78.05,55.39,74.33,61.38
79.00,79.00,55.67,75.50,62.65
82.73,82.73,64.38,77.97,62.78
79.13,79.13,66.71,67.58,62.19
80.21,80.21,68.32,56.87,61.48
80.70,80.70,67.19,52.24,58.59
78.17,78.17,67.91,58.77,60.87
72.90,72.90,74.48,53.72,61.39
72.84,72.84,75.09,55.20,60.24
79.41,79.41,74.88,49.38,60.86
82.23,82.23,73.92,51.18,62.50
80.87,80.87,71.82,49.64,60.94
76.58,76.58,74.39,49.40,63.37
78.58,78.58,82.55,56.48,64.90
77.75,77.75,82.81,52.20,63.25
76.44,76.44,82.55,52.97,62.61
74.95,74.95,80.50,48.83,63.93
76.21,76.21,77.03,44.25,61.57
78.30,78.30,73.46,40.24,59.39
76.89,76.89,71.56,36.17,59.56
77.48,77.48,70.03,35.50,59.87
77.69,77.69,69.55,32.09,60.23
74.70,74.70,69.18,28.93,60.58
70.57,70.57,68.75,29.02,59.11
71.59,71.59,71.17,31.56,56.94
74.90,74.90,79.12,34.74,59.33
74.87,74.87,73.95,33.33,60.20
78.61,78.61,70.38,37.65,61.04
75.28,75.28,62.62,42.98,63.18
79.61,79.61,62.47,42.84,61.62
79.33,79.33,62.46,45.98,60.97
79.86,79.86,59.80,48.00,59.19
80.18,80.18,60.82,50.02,60.34
79.98,79.98,61.32,52.30,61.20
73.86,73.86,64.31,47.45,57.28
62.03,62.03,67.63,52.16,53.70
72.88,72.88,92.11,57.01,51.44
75.38,75.38,92.86,57.43,47.19
75.49,75.49,91.85,63.31,46.96
76.09,76.09,91.02,64.22,46.77
72.16,72.16,91.54,62.19,47.28
71.23,71.23,87.77,64.15,50.95
78.76,78.76,86.68,69.97,54.58
79.28,79.28,87.71,74.34,55.84
80.48,80.48,80.85,78.26,54.80
79.49,79.49,75.63,79.59,56.03
79.87,79.87,74.61,80.22,54.23
79.73,79.73,65.66,81.36,53.74
84.49,84.49,68.57,79.54,55.79
82.09,82.09,58.62,78.56,52.63
79.07,79.07,55.85,79.32,51.59
78.23,78.23,57.48,79.68,55.23
75.62,75.62,61.98,78.77,56.24
75.84,75.84,62.71,78.56,54.89
78.80,78.80,70.59,79.25,55.15
81.72,81.72,67.34,81.38,56.71
81.58,81.58,61.26,79.11,55.79
82.02,82.02,57.41,80.07,57.23
82.43,82.43,58.23,81.57,58.10
82.50,82.50,72.49,83.68,58.49
82.21,82.21,80.07,81.25,58.61
80.51,80.51,75.80,79.80,57.40
80.23,80.23,75.32,79.87,61.28
79.82,79.82,73.16,79.29,58.64
80.70,80.70,68.07,81.54,57.21
82.75,82.75,67.98,83.56,58.87
82.74,82.74,68.04,82.37,58.26
80.88,80.88,66.98,81.81,58.23
81.46,81.46,66.17,81.09,57.68
82.61,82.61,70.78,82.43,57.96
79.79,79.79,79.11,79.78,57.13
78.43,78.43,89.68,71.63,55.13
76.75,76.75,92.73,67.77,55.73
74.72,74.72,93.04,65.06,55.44
74.88,74.88,89.73,62.04,53.92
77.05,77.05,88.73,67.54,54.15
76.94,76.94,88.41,64.53,53.54
75.62,75.62,84.76,69.86,53.44
74.09,74.09,83.31,74.97,56.74
75.70,75.70,82.04,77.54,58.53
78.42,78.42,73.58,79.89,56.75
77.55,77.55,72.91,79.79,59.01
73.67,73.67,76.17,80.19,54.70
72.89,72.89,79.08,82.77,52.41
71.75,71.75,78.99,81.24,51.72
70.04,70.04,76.72,85.41,50.10
71.01,71.01,76.30,82.34,52.63
68.51,68.51,72.82,85.67,56.69
69.96,69.96,69.75,83.48,59.72
77.12,77.12,62.37,82.91,59.25
80.56,80.56,57.61,84.01,60.89
80.41,80.41,54.48,83.06,61.75
80.46,80.46,50.09,85.41,60.46
81.38,81.38,50.16,85.07,60.65
83.12,83.12,51.75,82.62,61.10
83.98,83.98,51.07,81.42,60.04
79.44,79.44,50.21,80.99,57.59
77.21,77.21,54.77,82.08,60.85
77.55,77.55,57.21,83.50,61.94
74.14,74.14,57.70,81.09,60.09
76.22,76.22,60.35,81.07,58.77
77.27,77.27,59.23,85.35,59.20
77.21,77.21,61.06,81.87,61.03
76.20,76.20,60.17,84.65,60.82
74.26,74.26,56.45,83.80,63.06
76.86,76.86,57.79,82.25,61.85
84.68,84.68,63.19,82.80,60.46
83.98,83.98,66.07,80.25,58.09
82.41,82.41,69.49,81.18,57.27
79.74,79.74,71.36,82.29,56.88
77.28,77.28,71.33,81.10,56.94
73.97,73.97,67.53,84.60,57.29
72.93,72.93,68.05,80.71,58.02
76.82,76.82,67.73,82.98,59.84
76.27,76.27,66.94,82.38,61.27
74.62,74.62,66.14,83.81,62.31
78.55,78.55,64.33,83.25,62.12
78.06,78.06,64.34,81.71,61.73
79.15,79.15,70.93,83.28,59.84
79.02,79.02,66.96,82.06,61.33
78.27,78.27,65.74,82.69,59.55
76.81,76.81,63.16,81.87,58.16
75.75,75.75,61.74,82.85,60.02
78.20,78.20,60.70,83.25,60.79
70.57,70.57,56.33,82.08,62.61
70.36,70.36,55.67,82.62,61.89
73.29,73.29,61.88,82.52,60.18
81.44,81.44,71.37,82.74,59.03
80.86,80.86,79.69,81.12,54.90
78.49,78.49,90.86,73.91,52.86
76.84,76.84,91.76,64.97,51.01
74.32,74.32,91.86,65.67,51.63
73.79,73.79,90.53,65.57,50.54
72.89,72.89,90.97,68.45,52.17
69.96,69.96,88.62,69.73,52.46
76.82,76.82,86.31,72.82,55.01
79.11,79.11,85.88,76.01,55.72
79.05,79.05,80.98,79.94,57.10
79.11,79.11,75.73,81.02,56.11
83.49,83.49,72.17,81.89,54.49
81.24,81.24,59.27,84.05,54.70
82.36,82.36,60.25,79.83,54.29
80.88,80.88,61.62,79.82,54.05
77.04,77.04,58.49,81.92,51.24
78.64,78.64,58.74,83.23,51.68
73.11,73.11,54.76,80.02,52.00
70.95,70.95,51.27,77.87,51.26
78.60,78.60,55.84,82.61,53.61
78.17,78.17,53.67,80.08,55.30
80.35,80.35,52.66,81.78,54.44
80.70,80.70,55.88,80.99,55.40
79.82,79.82,61.54,85.78,54.18
82.34,82.34,69.86,80.39,58.00
83.41,83.41,75.00,80.39,59.31
81.08,81.08,76.62,81.64,58.27
79.38,79.38,76.17,82.54,59.23
78.87,78.87,75.23,81.78,59.77
77.59,77.59,71.83,79.14,57.59
72.45,72.45,68.54,82.34,57.59
71.76,71.76,68.79,83.27,58.23
71.96,71.96,68.08,81.69,56.89
70.32,70.32,68.10,81.22,61.03
69.48,69.48,68.90,83.56,60.31
72.86,72.86,76.61,78.01,60.12
75.47,75.47,90.65,69.35,58.34
75.97,75.97,91.70,65.38,56.45
74.94,74.94,93.52,65.91,59.27
73.38,73.38,89.70,64.64,57.37
68.40,68.40,87.78,66.76,59.76
71.24,71.24,88.47,71.94,60.98
72.71,72.71,85.45,71.82,61.06
74.37,74.37,83.55,72.18,61.27
74.81,74.81,82.65,78.57,59.10
73.41,73.41,74.49,79.74,55.06
69.77,69.77,74.74,80.59,49.64
64.56,64.56,78.18,82.01,42.97
69.29,69.29,80.72,82.84,39.98
71.48,71.48,78.16,82.31,41.10
75.42,75.42,74.97,81.01,39.27
78.90,78.90,72.75,80.65,41.06
76.82,76.82,70.65,85.50,44.99
76.76,76.76,67.23,82.77,47.00
71.07,71.07,60.43,84.06,47.84
71.55,71.55,57.51,83.99,47.77
73.95,73.95,53.05,85.19,49.08
76.15,76.15,52.33,80.87,47.52
76.11,76.11,51.64,81.34,45.34
81.88,81.88,62.99,82.77,47.40
81.38,81.38,67.69,79.53,46.57
79.74,79.74,65.70,80.60,45.07
79.14,79.14,62.33,78.65,47.05
79.16,79.16,60.29,84.40,49.98
76.74,76.74,63.06,81.11,48.81
77.49,77.49,70.51,81.26,47.27
76.25,76.25,70.59,80.24,47.78
75.90,75.90,69.79,84.61,47.79
76.20,76.20,69.31,79.11,49.83
76.65,76.65,69.07,81.60,46.95
76.03,76.03,76.36,83.01,46.95
75.93,75.93,85.51,82.29,49.32
74.45,74.45,85.81,76.84,50.02
74.42,74.42,82.93,78.18,48.66
74.04,74.04,80.41,84.26,47.74
72.98,72.98,75.89,82.24,46.59
73.79,73.79,71.31,80.09,46.27
72.78,72.78,70.04,79.32,45.09
71.77,71.77,68.86,84.73,47.76
73.65,73.65,68.85,81.23,47.99
75.85,75.85,67.71,82.14,46.23
74.18,74.18,66.55,82.68,48.80
74.99,74.99,70.27,80.37,49.05
76.71,76.71,76.54,80.25,52.21
76.57,76.57,73.29,81.36,53.29
77.68,77.68,70.07,81.30,56.25
76.04,76.04,65.91,78.70,52.28
75.23,75.23,64.16,84.30,50.92
73.78,73.78,61.56,80.17,52.45
72.51,72.51,58.83,83.21,49.82
73.52,73.52,60.49,80.20,50.25
75.69,75.69,62.99,84.23,47.59
74.37,74.37,71.48,82.37,43.34
70.97,70.97,79.25,81.32,42.44
72.76,72.76,90.32,71.19,38.11
76.42,76.42,93.06,66.31,42.04
74.33,74.33,93.64,64.37,43.96
73.50,73.50,90.54,64.16,44.17
73.36,73.36,89.04,67.27,44.91
72.88,72.88,89.56,68.65,47.56
78.92,78.92,85.59,71.48,50.41
80.48,80.48,84.52,73.58,52.62
82.23,82.23,82.71,77.64,51.85
82.97,82.97,74.91,79.79,53.36
80.36,80.36,69.10,82.37,52.08
81.19,81.19,68.46,81.61,51.27
84.20,84.20,60.94,82.72,51.54
79.18,79.18,56.91,79.12,50.06
76.34,76.34,56.88,80.09,46.93
78.88,78.88,63.08,80.07,49.84
77.07,77.07,64.38,81.40,51.86
77.98,77.98,64.11,81.91,51.37
78.34,78.34,72.10,80.28,49.66
78.27,78.27,67.31,80.24,49.29
79.87,79.87,60.66,79.55,47.38
80.17,80.17,57.94,78.68,51.63
78.41,78.41,59.41,80.19,53.38
78.87,78.87,74.95,80.41,52.86
81.95,81.95,78.38,79.05,50.91
79.91,79.91,77.17,78.77,52.84
78.47,78.47,77.37,80.88,54.23
76.64,76.64,74.63,80.23,51.50
76.64,76.64,71.30,80.38,53.55
78.35,78.35,69.92,79.66,56.17
79.37,79.37,69.43,80.48,54.76
79.80,79.80,67.96,81.82,54.65
79.19,79.19,69.51,83.48,54.80
80.56,80.56,71.19,81.32,52.29
78.58,78.58,81.57,76.06,51.24
75.61,75.61,90.01,73.35,51.15
74.78,74.78,92.31,71.03,50.04
72.99,72.99,92.53,65.38,50.13
74.21,74.21,91.13,63.56,51.26
75.08,75.08,87.38,66.56,51.74
74.64,74.64,87.00,71.15,49.82
73.90,73.90,86.65,71.94,48.97
73.64,73.64,82.66,74.42,50.14
75.54,75.54,78.12,78.20,48.10
75.52,75.52,71.45,80.80,45.05
75.94,75.94,73.37,80.40,45.01
73.00,73.00,78.24,83.08,45.33
70.08,70.08,80.01,83.25,45.08
68.91,68.91,79.09,81.41,45.08
68.91,68.91,76.78,85.19,44.29
69.05,69.05,76.15,82.85,50.94
70.38,70.38,73.92,83.28,52.30
76.34,76.34,71.93,83.65,51.17
79.67,79.67,64.38,80.55,52.22
79.56,79.56,62.24,85.56,54.77
78.93,78.93,56.74,82.05,57.06
80.72,80.72,55.63,78.89,56.33
79.25,79.25,57.12,84.12,55.57
81.52,81.52,59.85,82.70,54.24
82.13,82.13,62.02,81.47,54.35
78.06,78.06,61.50,84.44,56.73
74.43,74.43,60.03,82.48,60.57
74.34,74.34,57.19,83.00,60.41
73.04,73.04,58.87,84.76,55.61
75.18,75.18,63.40,82.92,57.98
75.44,75.44,65.18,85.05,58.58
73.82,73.82,64.13,82.85,58.12
72.91,72.91,66.67,85.81,58.22
74.64,74.64,70.11,84.81,60.59
76.99,76.99,74.82,83.88,56.66
78.93,78.93,83.13,83.10,53.16
78.29,78.29,82.29,81.51,54.92
76.94,76.94,80.59,81.39,54.05
78.28,78.28,79.39,84.60,52.48
77.28,77.28,74.61,81.06,52.60
78.31,78.31,70.88,82.60,54.87
77.52,77.52,69.76,84.17,51.37
75.85,75.85,69.26,82.81,50.82
77.52,77.52,69.53,82.62,53.14
74.87,74.87,69.98,82.26,51.73
76.24,76.24,71.92,85.03,49.70
75.91,75.91,79.82,82.92,43.05
77.58,77.58,79.36,82.78,41.71
75.86,75.86,76.28,81.61,41.62
75.59,75.59,75.08,82.54,45.40
76.24,76.24,74.11,84.58,46.78
78.45,78.45,71.25,83.11,50.92
79.12,79.12,67.74,79.81,55.18
75.31,75.31,65.29,83.05,52.03
76.41,76.41,63.43,81.74,50.37
76.49,76.49,68.54,85.35,53.36
72.94,72.94,70.23,81.78,52.79
69.25,69.25,80.22,79.66,49.53
66.90,66.90,92.18,70.49,48.67
64.06,64.06,91.58,64.57,52.21
66.37,66.37,94.24,69.16,50.40
62.12,62.12,91.01,68.89,49.09
60.94,60.94,88.58,68.22,48.33
62.71,62.71,89.74,71.34,48.74
62.27,62.27,87.42,75.90,51.82
63.68,63.68,84.88,75.68,50.84
61.38,61.38,83.21,82.21,47.06
62.36,62.36,76.00,81.85,46.72
67.12,67.12,68.40,82.47,48.68
75.35,75.35,71.73,81.69,49.38
75.03,75.03,81.50,84.20,49.27
72.11,72.11,78.84,80.00,51.20
71.65,71.65,77.78,80.35,54.08
69.51,69.51,71.53,83.52,54.30
71.35,71.35,65.57,85.23,52.78
71.38,71.38,63.39,82.80,50.54
70.17,70.17,64.21,82.03,50.88
71.28,71.28,64.73,85.77,52.40
68.26,68.26,66.51,85.61,50.41
68.13,68.13,66.29,84.79,46.90
69.27,69.27,68.60,83.72,45.77
69.66,69.66,82.38,85.28,49.20
67.54,67.54,83.84,83.21,48.80
66.73,66.73,83.10,81.51,51.19
63.81,63.81,79.80,82.33,53.43
67.65,67.65,78.27,84.24,52.31
68.09,68.09,68.33,81.31,51.41
67.42,67.42,61.03,79.59,53.23
64.00,64.00,58.82,85.97,54.23
60.44,60.44,57.78,83.89,53.64
61.04,61.04,63.81,83.08,54.37
56.59,56.59,71.67,82.87,55.70
58.20,58.20,82.45,82.83,54.96
55.66,55.66,92.62,66.08,51.28
58.99,58.99,92.81,68.28,54.58
61.41,61.41,92.08,66.97,54.17
61.34,61.34,92.68,70.22,54.91
65.70,65.70,89.12,71.87,53.22
69.54,69.54,87.84,70.46,50.15
70.98,70.98,88.64,73.52,49.77
72.10,72.10,84.78,74.09,49.76
74.57,74.57,80.06,76.16,49.40
73.74,73.74,76.87,81.73,45.48
71.27,71.27,74.10,83.55,44.59
67.88,67.88,79.32,76.70,40.74
66.78,66.78,80.70,76.43,40.09
67.77,67.77,79.09,73.88,42.87
68.35,68.35,77.31,72.67,43.18
68.99,68.99,75.52,71.94,45.88
69.85,69.85,74.51,72.51,49.85
71.23,71.23,72.99,76.23,50.78
69.16,69.16,69.03,72.57,50.22
68.17,68.17,65.69,75.41,53.75
67.63,67.63,65.64,75.88,55.82
67.38,67.38,61.18,75.70,56.62
67.60,67.60,61.26,74.11,56.74
79.28,79.28,71.06,77.24,59.29
78.76,78.76,73.23,77.11,57.57
75.36,75.36,71.90,62.06,57.13
72.92,72.92,70.28,58.01,55.51
66.15,66.15,62.29,56.33,55.59
64.72,64.72,60.17,55.07,60.81
62.01,62.01,58.07,52.13,58.01
64.56,64.56,55.28,47.44,57.95
67.65,67.65,55.07,45.03,60.62
72.47,72.47,63.22,38.60,58.24
72.80,72.80,69.63,40.20,51.92
76.49,76.49,77.51,42.98,52.26
77.97,77.97,85.65,49.43,50.06
74.18,74.18,83.88,46.72,49.08
80.73,80.73,82.09,50.17,51.31
81.66,81.66,79.01,47.40,51.47
78.93,78.93,73.19,42.58,52.66
77.07,77.07,68.67,45.19,50.65
72.54,72.54,68.22,49.12,50.21
70.63,70.63,69.85,52.20,52.02
73.30,73.30,72.17,52.05,51.99
69.76,69.76,60.15,51.10,49.36
77.27,77.27,56.06,46.30,50.54
82.34,82.34,70.40,33.40,49.00
82.73,82.73,74.71,46.09,53.21
77.52,77.52,73.40,37.12,54.23
79.59,79.59,72.89,36.59,53.26
80.76,80.76,64.17,33.24,48.31
80.45,80.45,57.00,30.37,47.82
78.66,78.66,51.78,25.29,45.58
77.31,77.31,49.20,25.88,45.81
76.28,76.28,51.08,23.61,42.33
75.82,75.82,56.92,35.42,41.77
75.28,75.28,69.70,47.42,41.90
74.20,74.20,81.90,60.52,43.29
73.81,73.81,92.70,59.47,46.23
75.80,75.80,92.72,63.04,50.42
74.31,74.31,92.39,67.25,51.64
74.11,74.11,92.62,67.82,51.32
74.30,74.30,88.65,70.16,49.64
68.70,68.70,87.55,72.62,50.33
66.88,66.88,88.52,75.82,48.71
66.82,66.82,84.34,78.69,48.97
64.70,64.70,80.89,80.89,46.81
62.49,62.49,77.89,82.40,46.82
66.11,66.11,68.51,84.02,47.67
78.02,78.02,76.72,83.69,44.95
77.47,77.47,78.12,81.72,44.38
76.34,76.34,75.51,81.84,44.81
76.35,76.35,72.27,81.92,48.45
73.94,73.94,67.21,82.99,47.78
72.07,72.07,67.94,82.29,45.47
75.84,75.84,72.33,81.74,47.14
77.67,77.67,71.21,81.51,49.39
77.80,77.80,69.12,81.31,48.55
79.22,79.22,70.66,81.49,50.88
77.73,77.73,70.12,82.23,48.68
74.00,74.00,71.26,81.00,46.09
77.96,77.96,77.99,80.44,46.09
76.19,76.19,79.51,80.72,45.55
73.45,73.45,79.87,79.08,46.26
76.75,76.75,79.95,78.02,49.71
78.79,78.79,75.80,80.33,51.58
77.85,77.85,63.92,80.50,54.09
79.90,79.90,57.05,79.86,53.91
78.83,78.83,52.98,80.50,53.11
76.74,76.74,53.04,81.20,53.37
78.84,78.84,63.65,81.73,54.24
77.51,77.51,74.32,79.42,51.25
76.89,76.89,84.91,75.94,49.61
77.58,77.58,91.67,68.29,50.03
75.89,75.89,92.58,68.41,51.98
71.77,71.77,91.39,65.70,53.43
71.56,71.56,91.01,66.28,52.87
72.98,72.98,90.70,67.36,55.44
68.62,68.62,87.28,70.20,51.07
66.39,66.39,86.68,73.54,50.98
66.17,66.17,85.85,76.68,53.81
65.19,65.19,78.94,79.62,51.34
63.56,63.56,77.85,80.97,46.90
65.28,65.28,76.23,81.58,44.17
65.22,65.22,78.57,78.61,42.32
67.69,67.69,79.49,79.71,41.75
72.87,72.87,79.83,81.72,48.44
75.23,75.23,78.32,77.14,50.05
75.23,75.23,77.11,81.34,49.67
73.87,73.87,74.35,83.14,52.24
76.71,76.71,69.97,78.42,54.69
80.16,80.16,62.38,83.03,52.01
79.25,79.25,57.10,81.59,53.79
78.17,78.17,53.94,81.95,54.31
78.94,78.94,55.78,82.65,53.36
77.47,77.47,64.05,77.97,53.07
78.11,78.11,80.06,77.21,52.75
77.72,77.72,80.55,81.28,51.23
77.42,77.42,76.80,77.49,51.80
76.57,76.57,71.75,80.04,55.32
75.09,75.09,64.65,79.06,54.65
79.48,79.48,55.97,79.68,53.50
78.30,78.30,47.60,84.94,53.94
78.03,78.03,48.38,78.78,56.84
74.93,74.93,49.69,81.28,59.38
73.20,73.20,60.47,82.63,58.87
72.87,72.87,66.80,82.00,55.08
71.65,71.65,79.14,85.90,53.51
68.99,68.99,84.78,80.67,52.22
70.10,70.10,82.11,79.58,52.89
69.10,69.10,79.63,82.38,52.36
68.01,68.01,78.05,81.12,53.37
64.86,64.86,73.47,82.37,56.80
65.25,65.25,70.54,79.21,59.22
67.41,67.41,68.49,82.44,58.07
68.78,68.78,70.52,85.19,57.98
71.05,71.05,71.09,80.74,56.66
69.51,69.51,62.48,81.16,55.09
74.15,74.15,68.52,81.81,53.98
76.90,76.90,77.74,83.85,53.24
79.71,79.71,79.41,82.41,55.48
82.56,82.56,75.96,79.48,56.74
79.55,79.55,75.56,78.77,57.37
81.12,81.12,63.54,80.04,55.83
77.61,77.61,57.20,84.30,57.99
80.36,80.36,53.85,80.48,58.05
78.53,78.53,50.87,80.23,58.96
77.92,77.92,53.62,84.09,57.80
79.42,79.42,66.97,81.36,55.01
76.07,76.07,71.44,83.66,49.83
73.82,73.82,82.45,79.07,50.54
72.95,72.95,92.36,70.61,53.11
75.62,75.62,90.92,68.73,54.35
76.37,76.37,91.58,69.60,55.15
76.69,76.69,92.12,68.87,55.68
78.17,78.17,88.76,67.55,53.41
76.82,76.82,86.69,69.60,56.31
77.02,77.02,87.29,76.49,56.27
78.63,78.63,83.32,79.65,56.07
78.29,78.29,78.06,78.45,57.51
80.57,80.57,73.91,80.90,59.48
81.10,81.10,70.39,83.45,58.13
78.99,78.99,75.61,81.90,60.27
80.17,80.17,81.85,79.18,58.47
82.28,82.28,78.70,80.54,56.37
80.95,80.95,74.42,82.92,55.17
81.25,81.25,70.15,79.08,54.57
80.90,80.90,66.38,77.14,53.71
81.04,81.04,69.66,82.26,52.32
80.39,80.39,70.47,80.67,53.55
79.67,79.67,72.77,79.47,52.24
77.58,77.58,72.54,77.55,52.19
79.56,79.56,66.14,86.27,51.72
77.69,77.69,72.03,79.47,56.44
72.96,72.96,83.57,79.80,56.32
74.50,74.50,82.82,82.85,58.27
75.10,75.10,82.19,82.78,59.18
75.53,75.53,79.57,78.25,59.09
74.08,74.08,76.03,80.04,56.42
79.92,79.92,66.40,83.81,55.87
77.59,77.59,62.21,82.45,58.25
74.56,74.56,58.41,81.65,57.92
75.79,75.79,58.84,81.26,57.80
78.43,78.43,66.64,85.78,57.10
79.57,79.57,71.31,81.78,55.57
76.67,76.67,87.35,79.76,55.74
74.42,74.42,90.60,72.05,55.21
73.06,73.06,94.03,67.27,55.18
71.09,71.09,91.53,67.98,57.67
79.71,79.71,89.82,68.67,56.52
79.49,79.49,90.56,67.24,57.53
81.48,81.48,86.82,72.15,57.43
81.73,81.73,85.37,70.86,60.04
78.66,78.66,85.25,73.83,58.57
77.63,77.63,78.12,79.15,56.16
76.64,76.64,72.32,79.31,53.39
73.60,73.60,72.01,80.71,52.18
70.96,70.96,79.21,80.35,52.66
69.64,69.64,79.49,82.01,51.55
69.49,69.49,78.01,80.29,55.70
72.66,72.66,77.66,81.14,58.06
74.89,74.89,76.11,82.96,57.18
74.28,74.28,73.06,82.49,58.45
79.80,79.80,70.88,81.64,59.09
79.83,79.83,69.36,80.40,58.70
77.32,77.32,66.80,83.38,58.85
81.26,81.26,66.46,77.46,61.74
80.21,80.21,64.50,79.01,61.25
77.88,77.88,63.97,78.80,60.70
81.92,81.92,66.19,80.48,61.71
79.68,79.68,66.69,78.70,59.93
77.69,77.69,66.81,79.03,61.69
82.52,82.52,65.59,82.45,62.94
79.46,79.46,61.89,81.94,62.57
77.18,77.18,59.52,81.07,64.19
83.23,83.23,58.68,78.15,64.41
79.70,79.70,56.91,82.49,60.87
79.16,79.16,59.65,81.87,61.40
82.44,82.44,67.87,80.64,58.93
76.19,76.19,70.48,79.60,53.96
74.34,74.34,77.99,84.28,55.19
75.06,75.06,82.41,80.35,53.77
70.16,70.16,82.30,79.55,51.84
66.55,66.55,79.20,82.14,55.29
63.64,63.64,78.09,84.51,53.43
63.07,63.07,72.85,81.69,55.25
65.25,65.25,69.26,81.55,61.00
66.51,66.51,67.81,84.89,59.22
65.07,65.07,66.96,82.16,58.48
66.23,66.23,69.25,81.36,56.19
64.86,64.86,65.19,80.66,51.16
69.11,69.11,71.87,84.78,50.48
71.10,71.10,81.03,80.24,50.92
72.00,72.00,80.80,81.70,55.25
74.47,74.47,80.22,83.45,53.80
75.05,75.05,78.96,81.81,53.65
75.26,75.26,76.08,81.41,51.89
77.11,77.11,73.72,81.51,54.40
76.55,76.55,70.39,84.53,55.78
79.42,79.42,62.44,80.37,55.45
76.46,76.46,60.10,82.87,56.31
78.68,78.68,65.32,82.29,55.71
77.78,77.78,75.13,83.07,53.36
79.14,79.14,87.07,75.68,56.36
79.65,79.65,91.20,70.05,55.36
78.17,78.17,93.43,67.68,55.95
76.42,76.42,91.01,69.75,56.41
75.65,75.65,89.94,67.75,55.91
77.57,77.57,90.54,71.63,56.00
75.34,75.34,86.51,71.71,58.64
75.81,75.81,85.88,75.65,59.71
78.64,78.64,85.72,76.85,56.58
72.57,72.57,77.43,80.56,56.04
77.60,77.60,70.47,81.52,54.70
75.68,75.68,64.43,82.61,54.78
78.23,78.23,78.12,80.73,54.86
76.54,76.54,82.14,79.14,55.42
78.13,78.13,79.07,80.05,56.18
77.78,77.78,75.17,82.02,57.01
76.41,76.41,70.35,80.87,57.92
76.92,76.92,66.37,81.66,57.72
76.90,76.90,68.12,82.85,58.08
78.35,78.35,69.59,81.77,56.16
77.51,77.51,73.51,83.49,57.21
76.40,76.40,72.74,83.11,57.91
77.34,77.34,63.57,83.43,59.74
76.56,76.56,73.22,83.41,60.24
77.18,77.18,84.66,81.55,59.61
75.88,75.88,83.21,79.97,61.70
72.89,72.89,81.25,78.04,60.20
74.88,74.88,79.37,77.76,58.82
72.65,72.65,76.21,78.70,59.42
73.81,73.81,64.56,79.35,57.72
74.18,74.18,59.08,79.44,62.24
73.31,73.31,53.09,80.18,62.21
72.58,72.58,56.29,80.93,60.59
75.19,75.19,66.68,81.58,60.95
72.38,72.38,71.96,80.87,60.89
71.82,71.82,86.92,78.83,61.47
73.97,73.97,91.45,72.05,59.79
72.02,72.02,93.37,67.71,59.76
72.55,72.55,92.43,66.26,58.74
69.49,69.49,89.62,67.83,60.16
69.49,69.49,89.08,68.98,61.78
71.08,71.08,88.66,72.15,59.64
69.06,69.06,85.17,76.00,60.26
69.47,69.47,84.14,77.68,60.08
68.52,68.52,80.38,81.30,57.94
71.10,71.10,74.57,82.93,57.82
71.45,71.45,72.53,82.49,55.28
70.13,70.13,78.85,81.30,54.59
71.66,71.66,79.51,80.34,50.01
75.27,75.27,77.82,80.12,49.18
70.42,70.42,77.09,82.76,51.06
71.91,71.91,75.32,81.05,54.20
74.53,74.53,74.37,83.09,56.88
74.16,74.16,69.23,82.82,59.09
75.21,75.21,60.48,83.71,59.02
73.10,73.10,55.87,85.20,61.07
74.44,74.44,53.13,82.53,59.73
72.09,72.09,57.41,84.67,58.86
73.84,73.84,65.97,83.48,60.86
79.05,79.05,77.60,80.09,59.46
76.64,76.64,75.62,83.97,59.17
74.15,74.15,72.71,82.04,59.18
72.82,72.82,67.60,80.73,60.83
70.83,70.83,61.20,87.09,60.24
69.91,69.91,52.63,80.62,58.73
67.55,67.55,47.89,84.06,58.99
70.55,70.55,47.31,82.93,59.87
71.58,71.58,53.98,81.49,60.65
71.97,71.97,59.96,86.57,59.55
72.84,72.84,67.34,82.32,58.77
73.38,73.38,81.61,83.76,58.47
72.43,72.43,83.88,82.41,57.99
70.75,70.75,83.69,82.09,59.36
70.75,70.75,80.79,81.48,55.89
72.85,72.85,79.38,80.22,55.18
70.68,70.68,72.34,83.48,56.09
71.74,71.74,68.82,82.88,57.00
73.43,73.43,69.55,81.59,56.91
74.03,74.03,70.50,77.80,55.65
74.27,74.27,69.99,82.25,53.73
73.21,73.21,60.01,84.64,50.88
74.49,74.49,59.02,83.43,53.70
82.05,82.05,63.31,79.80,53.66
83.76,83.76,61.96,78.23,53.18
80.38,80.38,60.34,81.78,53.71
83.66,83.66,59.61,82.48,54.72
82.13,82.13,57.26,81.14,56.86
81.51,81.51,51.82,77.79,59.20
83.89,83.89,53.04,82.08,59.06
82.34,82.34,50.17,79.20,57.29
79.78,79.78,55.99,80.37,56.45
83.72,83.72,68.00,78.74,56.58
81.24,81.24,70.94,80.98,57.81
76.48,76.48,86.95,76.24,59.14
77.02,77.02,90.84,63.87,58.83
74.97,74.97,94.22,66.60,57.01
76.06,76.06,91.16,65.81,55.55
76.68,76.68,89.10,65.30,56.60
78.09,78.09,89.93,69.33,55.76
79.45,79.45,86.83,73.12,56.71
78.15,78.15,85.11,75.57,53.71
79.35,79.35,84.90,78.74,52.94
79.00,79.00,77.71,81.21,52.48
77.38,77.38,71.95,81.33,54.14
79.20,79.20,65.21,80.72,54.44
80.60,80.60,67.34,84.61,53.35
80.60,80.60,70.78,77.66,52.46
80.48,80.48,64.23,79.67,54.20
82.30,82.30,59.03,81.11,53.74
84.27,84.27,53.16,83.62,52.36
80.32,80.32,48.79,79.02,52.15
78.68,78.68,44.82,79.79,52.56
80.90,80.90,41.50,83.87,51.94
82.88,82.88,46.56,83.86,50.84
81.55,81.55,52.02,82.40,50.27
79.83,79.83,57.33,78.18,51.68
78.81,78.81,67.56,85.86,51.82
78.90,78.90,82.56,79.95,53.45
79.01,79.01,82.07,79.67,52.56
77.16,77.16,79.29,79.12,50.32
79.02,79.02,77.62,84.24,51.30
78.48,78.48,71.71,80.65,51.16
77.44,77.44,60.50,80.75,50.91
77.33,77.33,56.76,83.49,50.26
79.45,79.45,53.31,78.63,49.63
77.01,77.01,57.25,83.45,50.31
75.99,75.99,70.07,80.23,50.24
74.77,74.77,74.95,85.72,50.32
75.86,75.86,88.69,75.03,50.16
70.63,70.63,92.55,67.99,49.58
75.12,75.12,92.17,62.84,50.15
70.93,70.93,93.67,65.60,51.69
75.47,75.47,89.74,63.45,51.49
73.85,73.85,88.28,68.78,53.46
73.59,73.59,89.55,68.57,52.47
73.57,73.57,86.02,71.17,53.36
71.06,71.06,83.13,75.19,52.52
71.25,71.25,79.96,78.27,49.05
67.52,67.52,72.13,79.62,46.95
66.18,66.18,80.26,79.70,47.48
68.49,68.49,79.87,76.45,46.73
70.83,70.83,80.80,72.80,48.44
73.22,73.22,78.48,72.84,51.79
75.67,75.67,77.37,72.17,49.44
75.74,75.74,76.14,74.37,49.14
80.84,80.84,73.59,74.40,49.71
77.27,77.27,69.58,73.17,50.82
72.39,72.39,63.69,74.47,55.56
72.62,72.62,58.38,72.59,59.19
75.27,75.27,57.56,73.15,58.67
75.02,75.02,60.91,74.95,56.94
79.32,79.32,70.31,73.00,57.64
78.49,78.49,83.81,71.49,59.25
77.15,77.15,78.47,62.99,54.67
71.38,71.38,76.18,60.28,54.36
66.25,66.25,70.40,59.99,56.94
65.78,65.78,65.37,53.55,59.79
69.62,69.62,60.30,50.15,61.08
68.81,68.81,53.43,49.88,54.97
68.58,68.58,51.38,49.70,57.92
68.17,68.17,51.55,56.84,58.56
71.01,71.01,55.15,73.31,55.13
76.65,76.65,57.98,64.31,52.39
83.10,83.10,71.89,62.91,54.91
84.18,84.18,75.48,59.88,55.35
82.68,82.68,78.96,65.15,51.88
79.33,79.33,78.71,63.46,53.81
76.80,76.80,75.87,61.68,50.51
78.15,78.15,65.53,58.70,48.74
78.79,78.79,56.97,55.62,46.65
80.09,80.09,51.95,58.58,45.92
78.80,78.80,46.90,61.33,45.84
80.05,80.05,47.05,63.10,46.51
75.22,75.22,53.80,67.05,45.50
73.85,73.85,57.99,67.58,45.51
74.95,74.95,79.62,66.43,48.82
73.20,73.20,78.50,67.04,47.60
75.32,75.32,71.88,68.24,49.37
76.35,76.35,65.85,66.66,47.70
78.72,78.72,59.35,67.99,47.49
78.12,78.12,55.25,65.79,48.32
77.67,77.67,50.98,62.62,47.09
76.32,76.32,51.81,62.37,49.99
77.14,77.14,57.89,56.33,44.87
80.33,80.33,64.23,50.33,45.77
81.65,81.65,64.59,53.04,47.98
77.76,77.76,87.05,60.05,44.35
75.11,75.11,92.89,61.38,45.96
72.59,72.59,92.62,64.85,54.57
70.92,70.92,93.58,66.57,58.07
67.78,67.78,89.94,66.10,58.91
69.57,69.57,88.87,69.79,58.56
66.61,66.61,89.53,70.44,59.42
65.04,65.04,85.96,73.72,59.55
63.33,63.33,83.20,78.67,55.60
63.26,63.26,79.67,79.85,54.82
68.02,68.02,71.30,82.07,53.01
73.35,73.35,71.72,81.48,53.99
82.12,82.12,66.57,80.41,51.12
80.88,80.88,61.90,78.24,52.32
78.58,78.58,58.63,79.40,53.86
76.38,76.38,57.63,79.39,55.39
76.74,76.74,57.13,80.91,53.41
73.55,73.55,53.03,81.56,54.22
71.89,71.89,48.04,81.91,56.37
70.78,70.78,46.14,82.49,56.48
67.23,67.23,48.42,85.01,56.57
66.61,66.61,50.82,84.55,56.63
67.38,67.38,55.06,84.12,56.11
73.73,73.73,66.52,83.31,54.03
84.45,84.45,78.23,81.30,54.57
82.41,82.41,77.84,81.51,53.78
78.41,78.41,77.13,80.84,51.17
77.66,77.66,76.15,81.80,49.06
75.46,75.46,68.39,82.44,49.63
74.77,74.77,58.34,84.12,55.75
77.56,77.56,54.32,83.60,55.86
79.16,79.16,50.89,84.12,55.56
77.92,77.92,54.55,84.13,58.04
76.95,76.95,67.98,83.85,55.68
76.19,76.19,78.97,80.50,51.65
73.46,73.46,89.91,70.90,54.66
72.40,72.40,92.72,67.51,51.19
73.90,73.90,91.65,66.33,52.67
75.71,75.71,92.08,65.19,53.49
71.86,71.86,90.92,61.84,57.74
72.22,72.22,87.79,68.75,58.63
73.48,73.48,88.12,72.92,54.96
73.13,73.13,87.77,78.14,56.51
72.31,72.31,81.68,77.26,54.85
72.86,72.86,77.48,82.99,49.94
69.66,69.66,70.08,80.94,48.43
65.97,65.97,79.42,78.39,49.57
65.95,65.95,79.16,80.38,52.36
70.52,70.52,78.70,81.92,55.12
75.45,75.45,76.63,83.50,53.41
73.65,73.65,73.79,81.97,52.08
74.45,74.45,72.15,82.75,57.80
74.16,74.16,67.76,82.23,61.77
76.09,76.09,62.40,83.45,59.41
76.41,76.41,59.33,86.13,57.97
81.19,81.19,56.12,81.14,62.24
75.36,75.36,54.23,81.04,60.36
74.69,74.69,56.89,84.09,58.42
77.68,77.68,68.22,81.63,59.55
75.85,75.85,79.95,83.63,57.77
76.39,76.39,76.37,79.77,59.06
76.55,76.55,71.02,82.60,58.74
76.50,76.50,67.44,83.32,57.91
78.01,78.01,61.13,80.38,58.42
83.65,83.65,55.63,84.24,56.05
83.64,83.64,50.32,82.74,57.29
78.44,78.44,50.48,84.40,56.52
73.69,73.69,52.36,85.14,54.63
81.26,81.26,55.95,85.22,55.61
83.62,83.62,62.43,85.70,57.12
79.61,79.61,81.49,84.27,57.95
78.50,78.50,83.45,81.29,59.68
78.85,78.85,81.59,83.29,56.84
76.91,76.91,79.43,81.76,58.50
77.21,77.21,74.89,81.36,57.69
77.20,77.20,64.19,81.75,56.12
78.44,78.44,59.02,83.84,54.65
76.64,76.64,53.25,83.60,56.75
76.06,76.06,50.79,79.51,55.82
73.67,73.67,51.76,84.21,56.15
74.20,74.20,55.47,81.62,54.83
74.08,74.08,63.28,85.44,55.12
75.80,75.80,77.77,82.11,56.72
75.82,75.82,74.87,80.99,58.63
77.10,77.10,67.96,85.05,58.10
84.25,84.25,62.93,80.13,57.36
77.75,77.75,56.74,83.48,54.56
75.19,75.19,53.15,81.31,52.80
78.08,78.08,49.18,80.10,54.54
77.38,77.38,47.18,83.41,53.49
76.92,76.92,59.58,82.25,52.45
74.86,74.86,67.31,81.52,50.20
76.67,76.67,77.09,78.84,48.70
73.57,73.57,89.53,75.68,47.95
73.89,73.89,92.36,68.66,51.60
73.11,73.11,92.12,63.09,52.10
74.70,74.70,93.55,65.80,54.49
76.23,76.23,89.76,63.57,53.68
73.65,73.65,87.96,69.38,52.39
70.28,70.28,89.30,72.36,52.99
66.74,66.74,86.50,75.93,54.24
67.06,67.06,82.58,75.71,55.68
68.44,68.44,78.87,79.73,56.78
69.63,69.63,70.19,82.83,54.13
71.80,71.80,62.70,81.92,55.16
80.80,80.80,67.79,82.91,51.68
80.65,80.65,67.79,81.85,51.76
77.77,77.77,65.10,85.36,48.29
75.66,75.66,64.54,82.86,47.74
73.20,73.20,64.60,83.22,48.49
79.70,79.70,60.16,83.67,48.79
76.25,76.25,59.00,85.23,51.77
77.36,77.36,63.85,83.57,53.98
79.65,79.65,62.56,81.88,55.20
81.08,81.08,61.31,84.77,54.58
78.75,78.75,60.37,84.79,54.51
80.14,80.14,62.35,83.88,54.60
86.87,86.87,65.89,78.20,56.25
84.12,84.12,66.31,82.18,55.04
81.86,81.86,67.08,80.31,51.39
79.23,79.23,68.22,78.96,45.83
76.66,76.66,63.21,81.69,47.10
76.72,76.72,59.74,80.73,47.71
74.97,74.97,57.74,83.00,50.23
75.26,75.26,57.21,80.54,51.27
77.49,77.49,58.20,86.75,52.23
74.53,74.53,66.08,82.74,52.89
75.85,75.85,76.55,78.56,52.49
72.67,72.67,91.58,73.17,50.58
71.08,71.08,92.40,67.47,52.51
69.94,69.94,92.41,66.62,53.26
70.78,70.78,91.10,63.80,53.49
73.23,73.23,92.07,69.64,56.08
75.11,75.11,87.79,70.68,56.05
77.42,77.42,85.48,71.27,58.15
77.25,77.25,86.77,74.62,57.53
77.93,77.93,82.46,76.63,56.28
67.34,67.34,75.97,80.20,54.07
64.27,64.27,72.21,82.09,49.42
66.28,66.28,78.17,82.55,44.26
69.95,69.95,80.04,83.07,44.62
69.77,69.77,77.65,78.17,46.24
75.00,75.00,77.59,79.76,47.68
74.95,74.95,74.38,83.08,46.86
76.49,76.49,72.47,83.68,46.65
78.63,78.63,70.49,81.61,45.96
77.42,77.42,66.63,77.86,47.48
79.02,79.02,63.77,84.65,49.86
80.30,80.30,60.06,81.73,50.83
81.71,81.71,57.55,80.56,53.77
81.22,81.22,54.79,79.13,51.58
83.17,83.17,53.78,84.05,52.79
83.35,83.35,55.45,79.97,52.66
81.87,81.87,54.04,83.02,52.90
79.81,79.81,53.36,81.87,52.14
79.90,79.90,53.90,83.64,49.12
75.80,75.80,54.35,81.75,47.58
77.79,77.79,53.47,81.99,50.15
75.12,75.12,53.70,84.37,51.22
78.54,78.54,53.83,81.42,52.03
78.08,78.08,54.24,83.89,50.39
79.57,79.57,54.50,81.51,51.98
79.31,79.31,59.76,86.81,50.28
84.13,84.13,72.83,82.97,52.69
84.33,84.33,72.45,81.04,52.68
81.34,81.34,73.14,80.05,50.32
79.20,79.20,72.82,83.14,50.18
75.36,75.36,70.21,80.23,49.55
72.81,72.81,59.61,81.68,49.25
76.09,76.09,58.14,81.52,48.82
77.90,77.90,57.49,78.23,49.88
77.49,77.49,55.46,84.22,49.40
74.48,74.48,53.19,79.59,49.68
76.22,76.22,56.50,81.86,48.58
82.01,82.01,61.00,79.58,47.69
81.06,81.06,80.89,79.86,47.47
76.82,76.82,76.29,80.24,47.68
78.25,78.25,70.11,81.05,47.40
77.52,77.52,64.46,80.98,46.66
76.96,76.96,57.09,78.57,47.49
77.62,77.62,54.19,83.09,49.31
75.88,75.88,51.69,79.88,48.32
79.22,79.22,50.58,82.50,47.79
78.85,78.85,58.00,80.29,44.55
79.27,79.27,67.57,83.73,41.79
80.32,80.32,76.70,76.76,37.40
76.79,76.79,90.81,72.26,36.01
74.51,74.51,92.51,61.42,40.13
74.58,74.58,92.13,58.84,43.21
75.74,75.74,91.68,57.89,44.86
73.92,73.92,91.43,62.18,48.82
71.87,71.87,87.92,68.28,46.71
75.45,75.45,87.25,74.21,52.87
80.46,80.46,87.79,73.60,56.48
80.22,80.22,80.64,78.55,56.12
79.36,79.36,76.67,80.92,56.36
79.18,79.18,73.15,80.39,56.48
76.63,76.63,70.12,80.26,52.15
82.24,82.24,63.56,81.26,51.20
81.11,81.11,56.96,79.78,47.78
78.17,78.17,56.35,79.10,44.82
76.37,76.37,56.51,79.20,44.92
76.10,76.10,54.35,80.51,44.39
73.85,73.85,52.28,81.05,43.81
73.27,73.27,50.82,81.44,46.75
71.89,71.89,50.04,82.05,50.91
71.49,71.49,52.29,82.42,53.01
70.90,70.90,56.17,80.34,53.66
71.65,71.65,57.14,80.72,52.00
77.03,77.03,75.29,82.05,49.43
76.16,76.16,85.69,81.54,49.74
77.14,77.14,83.77,82.73,49.81
77.07,77.07,81.26,82.29,48.20
74.97,74.97,78.71,82.51,49.71
74.93,74.93,70.05,82.82,46.07
74.62,74.62,62.08,83.34,46.16
76.55,76.55,62.01,83.85,46.67
76.42,76.42,59.63,83.31,46.99
75.03,75.03,61.43,84.21,46.15
73.42,73.42,71.38,82.46,45.68
73.54,73.54,80.80,77.83,46.77
71.58,71.58,90.55,73.43,46.54
73.02,73.02,92.62,65.22,46.06
74.21,74.21,92.59,64.44,45.00
77.15,77.15,90.59,62.52,46.44
78.65,78.65,90.17,66.97,46.86
76.14,76.14,88.90,67.42,46.12
72.53,72.53,86.05,71.64,48.78
70.41,70.41,85.40,74.38,51.46
68.26,68.26,82.39,77.73,47.13
70.29,70.29,73.23,79.80,44.83
69.75,69.75,73.25,80.33,43.77
67.61,67.61,77.58,80.57,42.33
70.77,70.77,80.33,82.20,42.21
75.05,75.05,78.30,79.03,47.73
75.39,75.39,75.46,84.93,44.84
76.50,76.50,73.46,82.88,45.47
75.08,75.08,72.43,86.28,45.47
75.69,75.69,71.29,83.39,47.13
77.40,77.40,68.15,80.76,50.31
78.70,78.70,64.95,84.95,50.44
80.44,80.44,59.73,83.47,52.52
80.88,80.88,55.79,81.90,53.79
79.97,79.97,54.56,83.99,54.45
82.33,82.33,57.92,82.62,56.03
82.73,82.73,60.30,81.71,54.98
79.54,79.54,59.43,84.66,52.93
76.79,76.79,58.05,81.26,51.92
73.31,73.31,57.07,83.76,53.89
74.79,74.79,55.97,84.23,53.82
76.26,76.26,54.99,83.32,52.12
78.09,78.09,58.07,85.76,54.33
79.59,79.59,60.68,84.45,55.25
79.67,79.67,59.79,83.87,55.53
81.57,81.57,62.40,85.61,56.99
80.70,80.70,63.47,84.76,56.10
85.17,85.17,67.86,84.08,55.88
85.28,85.28,69.42,79.01,54.81
82.38,82.38,70.54,80.35,53.74
80.53,80.53,71.84,82.83,53.83
78.09,78.09,70.52,82.35,54.16
78.00,78.00,58.27,83.26,53.31
77.68,77.68,53.07,81.43,53.90
76.73,76.73,52.77,84.48,52.29
77.30,77.30,52.32,82.46,51.68
77.90,77.90,57.35,83.41,48.90
77.27,77.27,61.65,82.73,50.55
76.80,76.80,66.20,82.74,51.13
76.44,76.44,79.81,82.58,54.60
74.56,74.56,74.66,81.36,53.22
74.51,74.51,69.52,82.25,53.18
73.43,73.43,66.57,79.95,52.52
73.71,73.71,66.83,80.47,54.91
72.69,72.69,66.21,83.83,56.13
72.61,72.61,64.45,82.88,54.77
70.99,70.99,54.48,81.10,53.04
73.70,73.70,60.74,82.53,49.77
76.94,76.94,68.89,80.88,50.09
76.99,76.99,74.39,83.33,47.13
73.89,73.89,91.16,73.38,44.76
73.81,73.81,92.67,64.44,45.67
75.37,75.37,92.43,64.40,47.57
75.05,75.05,90.69,62.57,46.92
74.54,74.54,91.32,66.21,47.42
76.02,76.02,88.43,68.26,48.44
75.82,75.82,87.01,75.03,48.15
75.01,75.01,87.88,75.24,49.60
72.27,72.27,82.27,78.07,47.67
71.30,71.30,74.57,79.55,49.26
69.64,69.64,67.42,80.10,49.00
73.23,73.23,62.36,83.38,51.18
76.85,76.85,78.80,81.25,53.67
78.10,78.10,76.23,82.23,51.88
77.04,77.04,71.79,81.28,49.88
77.22,77.22,66.90,84.72,49.05
75.00,75.00,61.72,82.29,50.11
78.21,78.21,57.85,82.43,49.20
78.96,78.96,53.63,84.40,49.20
80.46,80.46,55.09,85.45,51.13
82.31,82.31,55.04,84.31,49.22
84.85,84.85,57.19,82.82,49.02
83.92,83.92,59.24,85.14,48.58
82.92,82.92,75.77,85.56,48.53
79.70,79.70,81.43,82.54,50.98
79.50,79.50,81.74,77.88,51.14
76.71,76.71,78.20,83.37,51.03
77.33,77.33,75.76,78.72,48.74
77.32,77.32,67.67,80.37,48.73
75.61,75.61,59.46,83.80,46.27
76.31,76.31,55.60,83.34,46.67
73.64,73.64,55.95,83.01,47.69
79.72,79.72,64.19,82.53,47.40
82.87,82.87,70.37,86.92,48.05
83.69,83.69,76.49,76.59,47.98
79.56,79.56,91.11,70.61,46.38
72.50,72.50,92.19,64.14,48.64
73.14,73.14,94.35,63.28,49.52
75.81,75.81,90.66,62.54,49.38
70.61,70.61,88.91,61.22,48.12
72.17,72.17,89.79,67.65,50.91
72.98,72.98,86.09,73.11,48.90
76.25,76.25,84.38,75.17,52.15
80.53,80.53,83.91,76.00,52.55
80.01,80.01,76.75,81.43,46.56
77.77,77.77,75.84,82.37,44.83
73.92,73.92,78.20,79.75,45.40
74.33,74.33,79.52,75.63,46.28
76.31,76.31,77.68,70.10,46.03
77.44,77.44,76.53,72.12,45.92
76.32,76.32,75.44,73.00,42.20
76.20,76.20,73.24,76.57,45.45
74.24,74.24,70.64,73.35,46.13
69.34,69.34,65.71,75.28,48.16
73.16,73.16,61.95,71.59,49.92
78.59,78.59,60.32,76.44,51.81
83.21,83.21,59.68,77.69,50.94
80.98,80.98,61.97,76.72,50.21
76.98,76.98,75.34,74.04,49.10
77.45,77.45,80.72,69.94,50.03
77.44,77.44,75.83,61.88,47.15
76.27,76.27,71.18,61.01,46.85
69.62,69.62,67.53,56.40,47.86
67.07,67.07,63.31,56.51,48.16
65.92,65.92,57.79,53.61,45.99
63.67,63.67,56.01,50.11,49.01
64.81,64.81,54.75,46.60,56.14
70.58,70.58,59.96,46.93,58.21
75.38,75.38,65.28,47.92,53.88
77.01,77.01,68.94,53.66,49.72
81.21,81.21,81.55,52.46,53.67
79.34,79.34,82.31,51.25,52.16
79.77,79.77,80.40,47.09,49.04
78.31,78.31,79.48,42.54,44.82
79.13,79.13,73.52,45.26,46.28
76.64,76.64,59.03,43.10,44.64
78.35,78.35,58.36,44.37,44.72
76.07,76.07,52.55,42.17,45.12
76.94,76.94,49.47,43.32,46.13
74.99,74.99,52.48,41.66,44.98
78.20,78.20,53.90,41.76,43.37
77.94,77.94,66.70,40.48,41.64
77.69,77.69,79.82,39.02,42.81
77.29,77.29,75.73,33.33,43.66
79.79,79.79,69.26,35.14,41.16
77.93,77.93,63.38,33.48,43.44
78.47,78.47,57.91,30.69,40.87
77.83,77.83,52.85,32.45,42.38
77.06,77.06,48.38,33.34,43.06
78.99,78.99,49.62,37.00,43.31
80.37,80.37,57.94,39.75,43.63
79.09,79.09,62.98,45.08,41.62
80.00,80.00,71.34,55.87,38.62
74.70,74.70,91.03,56.25,38.37
73.61,73.61,93.08,61.38,45.58
71.37,71.37,93.83,66.36,51.25
72.41,72.41,90.74,64.58,51.51
68.94,68.94,89.96,68.98,55.08
66.15,66.15,90.04,72.25,54.46
67.30,67.30,85.93,73.45,54.14
65.96,65.96,85.37,77.26,52.72
66.15,66.15,83.51,78.51,51.87
68.05,68.05,77.55,82.40,50.02
76.10,76.10,71.13,83.39,47.62
77.19,77.19,67.13,83.26,48.52
83.44,83.44,65.55,82.78,51.34
81.82,81.82,63.78,82.65,51.24
78.36,78.36,62.68,82.91,52.37
77.67,77.67,62.06,83.35,52.50
75.46,75.46,59.31,83.65,51.22
68.05,68.05,56.48,83.32,52.47
65.60,65.60,53.99,82.03,51.54
64.16,64.16,51.41,82.39,52.36
66.68,66.68,53.05,81.22,54.06
68.29,68.29,55.15,82.32,53.65
67.64,67.64,56.76,82.34,53.89
81.97,81.97,72.06,83.06,49.96
85.37,85.37,75.22,80.04,48.84
83.15,83.15,76.32,78.55,46.40
80.69,80.69,76.01,79.58,46.39
77.79,77.79,73.92,79.54,47.46
78.16,78.16,65.19,78.46,46.64
76.94,76.94,56.52,79.41,48.16
74.99,74.99,53.94,79.99,49.10
73.60,73.60,54.28,80.47,47.56
79.63,79.63,59.21,80.83,48.09
78.56,78.56,74.88,79.27,47.45
77.26,77.26,79.78,72.39,46.48
73.68,73.68,90.65,71.71,46.23
75.23,75.23,92.25,61.08,48.36
73.81,73.81,93.79,61.26,49.55
76.21,76.21,91.60,61.42,48.39
75.60,75.60,88.53,63.31,48.99
76.57,76.57,88.05,66.00,48.42
76.85,76.85,87.28,71.44,49.25
76.02,76.02,83.05,74.27,49.41
77.90,77.90,80.84,77.70,50.72
75.34,75.34,76.53,79.02,53.54
72.83,72.83,76.72,78.07,56.80
72.73,72.73,78.16,75.95,54.93
76.86,76.86,79.35,77.02,50.51
73.86,73.86,77.36,84.15,49.68
71.80,71.80,76.62,78.07,49.94
72.20,72.20,75.12,79.36,52.83
71.73,71.73,73.26,82.73,55.65
74.17,74.17,70.81,79.81,58.52
73.85,73.85,62.76,82.66,55.93
73.88,73.88,61.69,81.07,59.67
77.64,77.64,58.79,81.48,59.22
79.50,79.50,57.19,86.17,56.58
79.16,79.16,62.26,81.70,55.39
75.00,75.00,77.57,81.16,56.52
75.76,75.76,81.60,76.78,54.92
76.47,76.47,78.17,78.54,53.64
76.45,76.45,72.01,85.68,53.70
74.45,74.45,69.27,79.25,53.20
75.42,75.42,63.08,80.80,55.68
74.87,74.87,58.57,82.90,53.66
77.23,77.23,54.86,83.12,56.98
78.61,78.61,54.44,83.96,56.82
77.31,77.31,53.33,81.24,56.07
77.32,77.32,51.33,83.10,54.40
77.88,77.88,59.54,83.56,56.59
85.71,85.71,71.04,79.61,56.70
84.52,84.52,71.76,79.82,56.48
81.18,81.18,71.54,80.58,54.42
79.69,79.69,72.32,79.67,54.20
77.49,77.49,68.05,79.75,54.21
76.41,76.41,57.12,82.27,54.48
76.55,76.55,53.92,79.75,56.70
76.29,76.29,52.93,82.62,57.86
74.71,74.71,51.79,85.69,57.83
74.77,74.77,53.82,83.33,59.09
75.48,75.48,58.93,83.23,57.68
76.54,76.54,70.55,81.48,57.85
71.98,71.98,78.67,81.00,57.56
71.44,71.44,73.70,83.86,57.66
72.16,72.16,69.95,83.51,57.79
68.60,68.60,66.76,80.43,56.24
70.29,70.29,65.74,83.45,61.17
70.80,70.80,59.38,83.50,60.18
73.06,73.06,55.67,80.41,65.40
72.31,72.31,57.97,84.25,61.75
74.49,74.49,64.76,82.41,57.27
77.58,77.58,73.01,86.82,52.39
76.49,76.49,82.06,81.88,48.54
73.44,73.44,90.74,73.67,46.45
74.32,74.32,92.02,65.22,47.58
73.49,73.49,94.47,63.17,49.75
72.02,72.02,90.62,63.34,47.41
72.46,72.46,88.52,66.55,47.60
73.42,73.42,90.24,70.78,49.75
70.63,70.63,86.79,75.19,51.10
69.08,69.08,84.35,75.35,51.45
68.83,68.83,82.11,75.82,50.81
70.37,70.37,75.17,80.99,53.15
75.31,75.31,70.98,84.14,53.33
76.96,76.96,71.42,80.36,53.33
77.43,77.43,81.72,76.89,53.53
75.52,75.52,78.28,84.35,55.14
78.64,78.64,73.85,79.94,53.36
80.18,80.18,69.19,80.19,53.70
76.11,76.11,62.73,83.16,53.31
75.99,75.99,57.06,85.36,55.63
75.37,75.37,52.70,81.05,57.04
75.18,75.18,52.43,82.47,56.30
78.64,78.64,54.94,85.44,55.38
78.86,78.86,57.40,82.03,55.13
76.35,76.35,62.68,81.79,55.65
78.95,78.95,80.40,79.88,56.40
78.65,78.65,83.94,81.32,56.32
76.45,76.45,81.99,77.67,57.36
74.57,74.57,80.18,82.21,54.77
73.99,73.99,75.51,81.58,56.18
75.05,75.05,67.09,82.08,54.96
74.66,74.66,59.97,81.14,54.44
74.06,74.06,57.50,81.98,56.81
73.35,73.35,58.09,83.39,55.01
73.30,73.30,63.97,80.90,53.32
73.74,73.74,71.18,81.84,51.94
74.12,74.12,81.79,78.80,49.93
72.29,72.29,91.16,72.19,47.83
75.12,75.12,92.20,62.25,50.93
77.25,77.25,91.73,60.90,52.55
78.78,78.78,92.47,66.36,56.00
79.86,79.86,88.63,61.04,55.51
79.82,79.82,86.72,69.14,56.41
81.26,81.26,88.10,68.14,58.22
82.17,82.17,82.83,72.36,56.87
80.35,80.35,77.99,77.16,55.04
79.34,79.34,73.72,79.41,53.80
77.10,77.10,76.37,81.27,52.62
72.50,72.50,78.14,81.09,48.97
71.86,71.86,77.79,77.60,51.58
74.63,74.63,76.74,78.16,53.89
74.14,74.14,74.18,79.84,47.63
73.24,73.24,70.78,84.64,48.85
74.11,74.11,69.34,79.75,50.96
73.07,73.07,65.62,80.08,53.25
66.38,66.38,61.20,83.79,54.21
67.16,67.16,58.45,84.23,55.04
66.24,66.24,58.56,82.21,53.57
68.15,68.15,58.87,80.16,51.53
76.02,76.02,65.26,86.18,51.49
78.20,78.20,77.89,81.44,52.66
77.45,77.45,80.21,79.59,49.05
75.50,75.50,75.86,78.35,47.91
76.38,76.38,71.12,84.54,51.91
78.39,78.39,64.89,80.94,54.14
74.04,74.04,64.15,81.48,55.02
78.51,78.51,64.22,84.48,55.35
79.11,79.11,60.91,85.33,56.02
75.37,75.37,57.08,83.44,61.04
68.11,68.11,52.25,80.98,61.25
64.63,64.63,53.85,84.51,58.40
74.41,74.41,70.51,84.58,54.76
80.58,80.58,83.51,80.23,55.65
76.20,76.20,84.27,80.47,55.01
75.67,75.67,82.39,82.00,54.68
76.40,76.40,79.88,79.43,55.68
76.79,76.79,72.77,80.01,54.44
77.27,77.27,61.47,84.11,53.91
76.50,76.50,60.34,81.86,55.23
78.97,78.97,56.75,83.78,53.60
80.20,80.20,55.84,81.67,53.32
81.32,81.32,56.23,85.70,54.35
80.38,80.38,57.65,79.34,55.39
75.85,75.85,71.35,82.29,53.56
74.61,74.61,79.03,83.05,55.50
76.21,76.21,75.30,82.12,52.80
77.77,77.77,70.40,81.70,55.43
75.70,75.70,64.00,81.58,54.24
75.64,75.64,56.22,86.03,53.62
74.84,74.84,50.86,83.05,52.75
77.37,77.37,49.98,83.77,51.83
79.98,79.98,55.78,82.73,52.14
77.80,77.80,63.99,86.08,51.14
76.97,76.97,71.52,80.34,50.21
76.15,76.15,81.87,79.44,50.74
73.29,73.29,90.98,73.13,48.99
71.46,71.46,92.60,64.35,51.10
69.06,69.06,93.30,65.60,54.15
67.59,67.59,92.72,64.73,55.51
66.41,66.41,89.43,67.32,53.71
67.33,67.33,88.76,69.43,55.96
69.56,69.56,88.75,73.21,56.11
71.19,71.19,84.92,75.40,55.64
73.82,73.82,81.42,78.11,52.87
77.12,77.12,76.95,81.77,53.21
78.90,78.90,65.92,81.39,52.09
78.43,78.43,68.93,83.65,53.34
80.61,80.61,77.58,81.19,50.28
78.06,78.06,74.31,81.18,49.28
76.82,76.82,71.38,80.36,51.18
71.24,71.24,66.02,81.72,52.13
69.75,69.75,61.61,80.78,53.37
66.11,66.11,56.72,81.45,52.59
67.67,67.67,51.78,80.71,54.67
67.72,67.72,50.12,82.94,56.27
69.71,69.71,51.71,81.95,53.90
74.95,74.95,58.31,82.04,55.79
77.09,77.09,67.07,81.80,55.55
77.60,77.60,82.24,80.15,51.93
76.99,76.99,85.26,77.41,52.72
76.58,76.58,83.53,79.39,52.46
74.60,74.60,81.76,79.17,51.72
74.33,74.33,77.41,79.30,50.24
78.60,78.60,65.26,79.98,51.78
79.99,79.99,63.64,79.94,50.30
78.57,78.57,62.23,79.35,52.01
74.78,74.78,59.63,79.56,52.24
79.26,79.26,62.19,80.77,52.76
80.36,80.36,73.84,80.41,50.21
76.19,76.19,83.20,77.45,51.75
73.72,73.72,91.65,73.95,53.86
73.85,73.85,92.84,66.07,52.77
73.00,73.00,91.81,68.01,52.59
74.82,74.82,91.78,68.55,51.59
74.91,74.91,89.52,65.08,54.05
73.32,73.32,86.54,67.58,53.40
77.24,77.24,86.41,67.60,54.76
78.09,78.09,83.85,73.66,54.89
75.66,75.66,78.32,73.98,52.74
71.77,71.77,75.99,77.75,52.84
71.20,71.20,77.15,76.78,53.31
67.87,67.87,78.85,76.97,49.74
70.62,70.62,80.07,81.41,55.41
71.67,71.67,76.45,79.37,54.37
72.63,72.63,73.90,79.48,53.59
74.38,74.38,73.18,78.80,50.07
73.95,73.95,71.75,84.23,52.13
72.47,72.47,69.80,80.05,56.52
69.09,69.09,63.11,82.20,57.18
67.74,67.74,62.28,84.45,58.42
69.91,69.91,62.01,80.28,60.25
74.36,74.36,61.48,82.75,57.53
76.40,76.40,57.72,82.47,53.24
83.20,83.20,63.00,80.92,54.21
82.82,82.82,61.90,82.05,56.55
79.70,79.70,57.52,80.70,55.99
81.81,81.81,52.71,80.60,58.22
80.61,80.61,47.28,83.92,59.47
79.81,79.81,46.75,83.10,59.26
80.32,80.32,49.60,83.93,59.64
77.57,77.57,51.72,81.01,59.61
74.18,74.18,57.54,80.63,56.31
71.18,71.18,63.41,83.63,55.95
73.08,73.08,65.90,82.59,56.14
76.37,76.37,75.72,80.59,56.47
73.83,73.83,87.25,79.01,56.47
73.48,73.48,85.58,80.71,55.87
74.63,74.63,82.26,80.81,56.54
75.43,75.43,79.68,79.87,57.53
76.52,76.52,70.31,76.42,53.68
75.46,75.46,60.98,79.65,53.62
75.83,75.83,55.70,84.57,54.11
74.50,74.50,51.42,83.31,54.20
75.70,75.70,52.38,80.59,54.81
75.12,75.12,61.06,82.65,55.94
75.08,75.08,61.59,79.68,55.88
73.41,73.41,75.14,82.60,57.91
70.42,70.42,78.03,83.06,57.41
72.04,72.04,74.21,80.22,56.99
67.81,67.81,68.22,85.20,56.30
69.66,69.66,63.73,83.67,55.97
69.11,69.11,61.74,81.87,56.26
72.96,72.96,65.68,85.38,57.59
75.87,75.87,59.19,82.92,59.01
75.66,75.66,63.40,87.28,56.86
76.31,76.31,68.65,84.53,56.78
76.28,76.28,73.51,82.55,58.16
75.89,75.89,84.23,76.82,58.69
73.74,73.74,92.38,71.02,57.39
73.46,73.46,93.14,63.96,56.28
72.97,72.97,92.05,65.27,55.34
74.35,74.35,92.91,64.90,56.68
73.61,73.61,88.93,68.63,56.39
74.15,74.15,87.09,68.56,56.90
70.74,70.74,87.92,74.93,57.71
70.65,70.65,81.91,74.55,56.75
59.29,59.29,75.63,73.76,49.21
63.64,63.64,64.96,73.99,55.17
71.95,71.95,67.92,83.01,60.40
71.99,71.99,77.20,85.23,63.68
73.77,73.77,81.66,80.83,63.01
73.58,73.58,77.91,77.79,62.46
71.37,71.37,77.04,83.89,62.12
72.65,72.65,80.08,79.39,62.08
72.62,72.62,79.89,79.59,62.49
73.22,73.22,79.01,80.31,63.27
74.52,74.52,79.67,81.86,64.77
73.65,73.65,77.55,78.39,67.18
74.22,74.22,76.61,80.39,69.82
74.22,74.22,76.71,82.89,71.99
73.79,73.79,78.05,80.36,69.71
72.74,72.74,83.29,81.24,66.51
71.64,71.64,85.85,78.24,65.65
73.63,73.63,83.61,83.16,65.05
77.18,77.18,81.69,77.82,61.44
73.37,73.37,77.86,80.37,59.98
72.44,72.44,75.81,81.21,61.03
74.32,74.32,73.33,82.75,61.42
71.37,71.37,72.11,82.29,60.27
70.43,70.43,69.87,81.26,60.21
70.12,70.12,69.78,84.19,60.97
70.88,70.88,68.73,80.23,63.08
72.32,72.32,68.35,82.24,63.40
77.07,77.07,77.52,78.09,64.52
76.14,76.14,74.72,83.16,64.45
75.84,75.84,75.04,76.57,66.06
75.98,75.98,74.34,79.13,65.54
76.76,76.76,73.25,81.82,65.37
77.59,77.59,71.02,79.85,66.51
77.52,77.52,69.40,80.51,67.33
76.60,76.60,68.24,79.14,67.45
76.00,76.00,65.81,83.63,65.38
76.98,76.98,70.18,81.68,63.41
74.42,74.42,76.72,78.34,64.03
70.14,70.14,78.05,76.50,61.47
69.47,69.47,78.32,73.04,62.96
71.83,71.83,76.73,74.84,62.98
75.77,75.77,75.17,71.29,63.44
73.73,73.73,73.29,73.19,64.61
74.91,74.91,70.45,71.79,67.42
70.60,70.60,66.00,72.07,68.00
68.98,68.98,61.79,69.82,64.68
68.08,68.08,58.34,72.18,67.07
71.88,71.88,57.01,75.08,68.06
72.02,72.02,59.24,72.77,65.57
74.05,74.05,61.32,70.03,65.66
81.01,81.01,73.04,71.06,65.09
80.34,80.34,71.49,55.89,62.72
78.73,78.73,67.90,54.26,61.04
77.98,77.98,63.59,52.18,61.59
76.79,76.79,57.25,59.01,60.63
75.70,75.70,60.42,51.03,65.39
77.53,77.53,63.92,53.34,66.88
79.67,79.67,62.11,53.85,68.04
80.53,80.53,62.94,50.57,66.54
78.99,78.99,63.83,53.86,66.42
80.34,80.34,69.37,59.71,65.70
81.48,81.48,79.56,56.55,65.33
77.13,77.13,86.47,56.37,64.16
77.17,77.17,84.32,52.19,61.44
75.17,75.17,83.19,43.25,62.69
78.10,78.10,79.38,39.07,61.11
76.70,76.70,73.94,41.92,60.85
74.29,74.29,71.80,42.08,60.04
74.87,74.87,71.41,37.95,58.76
77.27,77.27,69.98,28.00,59.44
79.55,79.55,69.08,30.12,60.80
79.29,79.29,67.95,36.04,59.85
78.19,78.19,68.58,25.21,58.99
78.22,78.22,76.74,24.40,60.63
76.00,76.00,77.33,21.24,58.90
76.95,76.95,72.21,19.25,59.01
76.85,76.85,68.07,16.09,57.91
78.49,78.49,64.30,14.31,59.12
75.75,75.75,61.71,9.41,60.92
74.92,74.92,59.92,9.84,60.49
73.52,73.52,57.22,28.11,60.43
68.58,68.58,55.80,34.50,61.28
72.71,72.71,60.29,41.53,63.65
69.30,69.30,61.79,48.56,61.56
67.90,67.90,79.68,60.52,60.75
65.61,65.61,94.28,59.07,58.07
69.64,69.64,93.72,65.14,62.17
69.29,69.29,91.65,63.78,62.34
71.63,71.63,90.97,63.22,62.92
69.92,69.92,90.60,65.81,63.32
67.87,67.87,87.24,70.95,64.94
66.50,66.50,86.60,70.76,63.03
68.16,68.16,86.12,76.94,62.23
63.70,63.70,78.13,76.61,62.09
64.54,64.54,73.30,80.65,63.09
67.29,67.29,69.47,81.85,61.85
74.55,74.55,75.44,81.87,65.32
77.15,77.15,75.96,77.14,61.99
77.58,77.58,71.12,79.31,62.85
76.91,76.91,71.03,80.00,62.91
78.83,78.83,71.64,79.74,62.60
80.38,80.38,70.21,80.99,62.72
81.48,81.48,70.48,81.82,62.59
80.96,80.96,68.85,81.10,62.17
79.41,79.41,65.21,82.22,62.86
78.90,78.90,65.84,82.49,63.43
79.26,79.26,66.17,81.65,63.40
79.84,79.84,68.05,82.29,62.03
83.32,83.32,76.19,81.23,63.54
80.39,80.39,77.99,79.99,62.35
76.82,76.82,78.71,80.71,61.89
75.24,75.24,78.28,80.71,60.00
72.73,72.73,73.52,81.58,59.68
70.90,70.90,72.03,82.08,63.19
69.62,69.62,69.82,82.27,65.05
67.07,67.07,70.55,82.77,63.69
68.14,68.14,66.91,83.07,64.21
68.40,68.40,66.76,83.31,67.28
70.91,70.91,65.95,84.06,65.84
75.05,75.05,65.21,84.22,64.69
81.71,81.71,67.23,80.70,65.34
80.66,80.66,61.79,80.68,64.76
80.75,80.75,58.33,80.61,64.93
80.32,80.32,55.05,81.63,64.28
79.38,79.38,52.94,81.75,64.25
79.61,79.61,52.71,81.82,64.32
79.74,79.74,52.46,80.95,65.25
79.44,79.44,51.24,82.03,66.30
80.73,80.73,59.64,83.02,64.28
78.20,78.20,68.54,80.91,61.88
72.28,72.28,76.93,82.01,63.23
72.20,72.20,78.25,79.72,61.89
71.37,71.37,78.45,81.91,65.13
72.40,72.40,76.88,80.87,63.24
72.11,72.11,73.56,81.18,61.38
72.97,72.97,69.99,85.37,62.79
71.11,71.11,66.33,82.85,65.27
68.36,68.36,60.75,82.69,66.68
66.57,66.57,53.58,85.13,65.49
62.92,62.92,50.22,84.08,66.57
64.86,64.86,50.47,83.83,65.11
68.37,68.37,57.54,83.62,65.63
75.12,75.12,63.30,86.78,65.81
78.57,78.57,77.16,81.89,62.11
76.51,76.51,74.36,81.47,63.80
72.27,72.27,69.18,80.24,62.70
69.28,69.28,66.06,82.96,62.82
65.50,65.50,62.06,84.07,63.98
69.03,69.03,69.14,83.49,62.87
69.38,69.38,73.28,81.79,64.22
73.65,73.65,73.69,82.09,63.75
77.37,77.37,73.47,83.48,62.00
78.41,78.41,71.54,84.08,61.73
77.11,77.11,73.10,84.08,63.47
81.90,81.90,77.58,80.69,61.88
81.56,81.56,81.45,80.39,61.81
79.44,79.44,79.54,79.15,62.34
77.51,77.51,77.76,82.36,60.15
78.16,78.16,75.08,80.46,59.85
76.31,76.31,70.96,79.03,60.24
77.78,77.78,69.79,83.31,60.17
74.61,74.61,69.23,79.41,63.50
79.12,79.12,69.47,82.67,65.70
77.40,77.40,68.05,79.21,66.45
75.23,75.23,68.22,79.60,65.01
78.33,78.33,67.62,83.91,62.96
77.21,77.21,73.37,79.04,65.21
75.89,75.89,72.78,80.22,63.60
78.79,78.79,67.85,77.65,63.91
77.59,77.59,65.01,79.22,65.74
73.02,73.02,63.58,83.31,64.99
75.99,75.99,61.91,84.06,66.42
75.11,75.11,59.03,81.54,66.49
72.29,72.29,57.58,83.53,64.73
71.93,71.93,58.57,80.68,62.82
70.86,70.86,64.79,82.93,57.52
71.72,71.72,72.77,82.81,59.66
72.48,72.48,87.58,75.77,60.44
72.23,72.23,91.56,70.11,57.84
70.93,70.93,94.57,65.55,55.12
72.51,72.51,91.83,62.59,57.69
72.80,72.80,89.87,65.55,57.39
69.76,69.76,90.60,68.62,57.91
66.56,66.56,87.19,67.88,57.67
62.85,62.85,85.93,73.97,57.34
64.62,64.62,85.78,75.22,60.39
65.03,65.03,78.05,79.26,62.20
65.02,65.02,71.21,84.04,61.13
71.02,71.02,70.04,81.84,62.86
76.50,76.50,72.24,79.43,60.23
80.79,80.79,72.77,80.04,59.54
79.15,79.15,65.80,84.57,59.17
81.27,81.27,63.69,82.64,57.20
80.91,80.91,58.25,80.61,58.86
81.63,81.63,54.57,83.73,59.01
82.36,82.36,54.21,81.02,60.46
80.47,80.47,51.33,79.94,61.00
79.43,79.43,52.06,82.65,60.05
79.72,79.72,54.85,80.37,63.03
80.23,80.23,59.26,81.17,61.45
79.76,79.76,65.86,80.37,61.37
83.28,83.28,75.34,83.81,60.69
81.28,81.28,78.37,78.25,60.89
78.98,78.98,78.04,81.98,59.02
77.59,77.59,77.16,79.88,58.90
77.99,77.99,75.80,83.31,58.30
74.02,74.02,72.35,78.06,57.29
73.61,73.61,70.76,78.60,59.02
68.51,68.51,69.44,84.77,59.33
68.55,68.55,67.05,82.77,60.70
71.43,71.43,65.07,82.05,61.38
74.81,74.81,62.81,79.91,60.09
78.79,78.79,61.64,85.56,61.63
82.96,82.96,63.82,79.70,59.76
81.43,81.43,57.59,81.74,59.72
80.50,80.50,52.44,82.33,62.15
80.34,80.34,47.96,84.67,62.55
80.87,80.87,46.48,82.48,63.53
77.71,77.71,51.00,82.81,65.32
70.58,70.58,42.07,86.27,63.00
68.95,68.95,52.12,85.04,60.61
67.49,67.49,60.31,81.67,57.44
73.60,73.60,71.74,80.29,56.33
74.86,74.86,78.23,83.79,55.12
75.81,75.81,77.90,80.58,54.67
74.30,74.30,77.86,77.48,55.96
76.96,76.96,75.10,75.11,57.01
78.55,78.55,73.39,84.42,59.61
77.99,77.99,69.99,78.63,60.31
79.31,79.31,66.56,79.12,61.30
77.04,77.04,61.71,82.54,59.67
79.07,79.07,54.92,84.23,58.69
77.40,77.40,49.56,79.78,58.83
72.87,72.87,46.93,80.43,58.75
79.85,79.85,46.75,85.55,59.03
82.88,82.88,48.27,81.18,60.02
84.73,84.73,61.45,80.73,60.84
80.34,80.34,57.16,78.82,60.56
76.74,76.74,51.92,83.26,59.47
72.93,72.93,52.01,80.60,58.21
70.94,70.94,51.80,80.55,60.21
76.16,76.16,59.02,83.48,61.69
75.90,75.90,62.07,81.21,63.34
74.23,74.23,60.76,80.18,63.42
74.53,74.53,63.21,81.70,61.77
73.46,73.46,62.82,84.28,61.49
75.48,75.48,67.19,79.86,62.43
80.35,80.35,75.80,83.38,61.94
79.49,79.49,81.42,77.54,58.61
76.59,76.59,80.56,79.51,60.83
76.40,76.40,78.30,78.12,57.84
75.99,75.99,77.19,79.83,57.35
78.52,78.52,71.03,79.58,58.23
74.93,74.93,70.04,78.37,60.50
74.10,74.10,70.30,82.11,58.76
82.58,82.58,67.55,80.88,57.20
75.04,75.04,65.25,81.68,60.29
74.67,74.67,59.51,78.56,61.92
75.84,75.84,58.09,80.55,62.67
80.20,80.20,58.17,78.96,63.38
80.83,80.83,55.94,83.18,61.61
79.21,79.21,52.63,77.34,60.86
77.39,77.39,52.81,80.76,59.88
70.07,70.07,51.41,81.19,58.01
74.35,74.35,62.10,83.24,60.29
78.96,78.96,63.02,81.69,57.98
78.18,78.18,61.32,78.65,56.60
77.84,77.84,60.02,84.22,54.57
78.12,78.12,65.14,81.40,55.56
75.04,75.04,76.57,77.41,53.44
76.89,76.89,87.98,76.56,50.71
75.14,75.14,93.07,59.11,48.26
74.46,74.46,94.01,64.21,49.41
75.83,75.83,93.36,57.97,51.62
74.99,74.99,89.87,62.79,54.16
75.66,75.66,89.13,62.89,54.60
74.06,74.06,88.47,66.93,54.82
73.26,73.26,84.62,71.40,53.44
76.27,76.27,83.12,74.50,55.08
77.68,77.68,79.06,78.58,54.81
76.60,76.60,72.62,80.66,57.09
78.58,78.58,73.39,79.97,54.59
78.37,78.37,75.34,82.80,58.46
77.29,77.29,75.92,79.83,56.00
75.83,75.83,70.41,77.90,57.93
76.53,76.53,68.97,80.05,56.14
75.52,75.52,66.00,75.99,58.08
74.08,74.08,64.72,78.49,58.78
78.33,78.33,66.15,79.37,59.64
73.70,73.70,63.32,81.24,60.01
71.02,71.02,63.78,80.80,59.18
71.57,71.57,65.34,84.09,59.31
70.83,70.83,66.05,83.03,58.70
75.72,75.72,67.43,84.60,61.45
84.48,84.48,74.51,81.51,61.00
82.31,82.31,75.02,82.03,60.73
80.19,80.19,76.59,82.20,58.65
79.58,79.58,75.45,81.44,59.72
79.47,79.47,72.85,80.33,58.20
75.05,75.05,69.43,81.38,60.07
79.45,79.45,68.97,79.74,59.99
74.18,74.18,67.19,81.51,59.25
71.75,71.75,64.50,81.69,59.15
72.77,72.77,61.95,81.36,59.97
76.12,76.12,61.35,82.09,61.32
78.35,78.35,63.42,81.04,61.03
80.86,80.86,70.25,81.05,60.25
78.31,78.31,66.75,80.75,59.86
75.56,75.56,64.92,81.37,59.56
73.52,73.52,60.22,81.08,59.75
74.70,74.70,60.74,83.28,61.37
72.31,72.31,58.93,83.80,62.21
72.05,72.05,59.43,81.81,63.17
72.60,72.60,59.62,81.28,62.51
75.23,75.23,62.03,81.39,59.73
71.22,71.22,68.23,82.08,58.59
72.32,72.32,76.81,81.22,60.24
69.76,69.76,76.87,79.63,58.28
75.33,75.33,76.97,80.33,57.89
78.11,78.11,75.75,85.98,57.46
77.82,77.82,73.66,79.60,58.56
78.14,78.14,70.36,85.13,60.08
81.86,81.86,65.15,85.29,61.13
80.55,80.55,58.79,82.60,60.71
74.16,74.16,53.26,84.99,59.61
75.02,75.02,53.49,83.69,61.04
80.88,80.88,55.49,83.70,62.06
79.82,79.82,55.80,85.86,62.38
81.63,81.63,56.92,81.89,63.63
84.18,84.18,58.51,81.74,62.46
80.56,80.56,54.99,82.91,62.14
78.55,78.55,53.46,82.79,61.65
76.53,76.53,55.76,84.60,63.17
74.80,74.80,56.05,82.65,62.66
78.62,78.62,59.18,82.40,63.66
79.65,79.65,59.69,83.65,66.04
76.99,76.99,57.72,85.43,65.87
76.72,76.72,58.28,85.06,65.52
77.03,77.03,58.36,81.10,66.26
77.18,77.18,63.89,84.45,66.84
83.59,83.59,69.39,81.93,66.03
85.04,85.04,72.70,82.49,64.75
81.19,81.19,74.47,81.93,63.63
79.43,79.43,75.55,79.61,64.73
77.41,77.41,74.96,83.61,63.82
74.42,74.42,71.57,79.11,64.50
79.08,79.08,69.51,82.76,63.39
76.26,76.26,68.84,78.60,63.75
76.48,76.48,68.59,77.98,63.29
79.23,79.23,67.28,84.90,64.02
79.44,79.44,67.72,80.03,65.33
76.64,76.64,67.25,80.85,64.58
77.92,77.92,74.61,82.37,64.35
78.79,78.79,71.98,80.31,62.65
80.09,80.09,67.24,82.87,63.48
80.44,80.44,64.78,82.40,62.85
76.03,76.03,61.65,79.92,61.66
71.00,71.00,61.06,80.71,62.73
76.47,76.47,61.53,78.58,62.57
72.66,72.66,61.02,82.40,62.97
68.53,68.53,60.41,81.43,63.01
72.38,72.38,68.28,81.75,63.71
72.42,72.42,73.25,83.07,64.15
75.66,75.66,88.58,76.22,62.15
75.03,75.03,91.74,64.16,61.59
73.38,73.38,91.84,62.59,61.41
75.03,75.03,93.13,62.94,62.35
75.11,75.11,88.96,62.87,61.76
73.57,73.57,87.32,66.31,63.55
74.17,74.17,88.16,69.99,62.49
71.56,71.56,85.20,72.05,63.00
71.32,71.32,82.14,73.29,59.24
71.75,71.75,79.16,80.09,60.23
70.08,70.08,69.10,81.24,59.02
72.84,72.84,58.17,85.01,60.97
81.55,81.55,63.77,82.67,63.76
81.66,81.66,63.58,79.62,63.63
79.05,79.05,63.78,82.67,62.86
78.21,78.21,64.36,84.55,63.20
77.05,77.05,69.39,84.25,66.27
79.45,79.45,70.50,80.89,64.80
80.57,80.57,68.04,84.43,65.58
80.45,80.45,67.50,81.13,66.07
80.02,80.02,65.47,79.99,66.58
79.68,79.68,66.50,84.60,66.68
79.50,79.50,67.02,81.84,66.45
81.09,81.09,69.64,81.20,69.49
84.00,84.00,72.06,80.68,68.28
81.22,81.22,73.80,84.77,67.34
79.22,79.22,74.84,79.28,65.74
80.73,80.73,73.92,81.61,64.88
76.40,76.40,67.53,82.80,63.03
77.85,77.85,59.71,83.29,62.52
70.23,70.23,54.14,81.22,61.28
71.47,71.47,52.28,80.74,63.03
70.52,70.52,56.73,85.14,61.23
70.46,70.46,69.64,83.94,61.72
69.46,69.46,74.19,81.81,63.04
69.69,69.69,90.72,75.72,63.31
69.66,69.66,92.30,68.74,63.23
67.50,67.50,91.84,66.07,65.18
69.32,69.32,90.79,63.64,66.41
72.53,72.53,91.02,62.65,67.96
75.63,75.63,87.27,68.28,67.58
77.20,77.20,85.83,67.64,67.45
78.06,78.06,86.97,73.44,68.99
78.48,78.48,80.44,80.95,68.65
76.68,76.68,76.73,81.69,67.06
73.27,73.27,77.87,81.11,67.42
71.23,71.23,79.03,75.92,64.04
67.16,67.16,79.80,77.63,62.19
68.34,68.34,78.62,74.67,63.06
72.24,72.24,77.48,72.80,65.02
72.25,72.25,75.64,74.01,65.20
70.18,70.18,72.78,76.03,64.92
69.76,69.76,69.05,72.14,67.55
66.24,66.24,64.37,76.52,65.74
70.35,70.35,58.88,75.82,65.18
68.16,68.16,56.81,78.38,68.17
73.04,73.04,53.13,76.81,66.69
70.86,70.86,57.03,75.56,66.68
75.89,75.89,63.44,79.19,66.62
81.71,81.71,71.82,69.82,64.01
80.58,80.58,68.98,63.64,64.39
78.97,78.97,64.91,64.21,62.79
76.82,76.82,58.60,61.63,61.47
75.54,75.54,49.06,62.66,61.38
73.75,73.75,44.31,64.47,59.92
76.31,76.31,39.16,63.79,60.98
75.14,75.14,39.73,66.86,62.91
75.18,75.18,49.49,61.06,61.96
81.69,81.69,57.73,61.98,62.36
80.11,80.11,66.65,63.04,64.17
77.22,77.22,82.46,58.29,66.91
77.98,77.98,84.00,48.65,67.02
78.45,78.45,82.72,43.05,64.63
77.20,77.20,80.36,54.37,64.36
77.46,77.46,77.78,51.65,62.53
78.70,78.70,64.67,47.99,61.61
78.27,78.27,58.11,42.85,60.02
78.04,78.04,51.05,48.03,61.06
78.16,78.16,47.22,38.05,61.13
77.83,77.83,45.31,36.79,61.01
76.69,76.69,52.04,40.79,58.90
79.15,79.15,59.87,35.10,61.54
76.93,76.93,79.95,41.34,59.17
77.16,77.16,75.83,31.39,59.55
76.54,76.54,69.73,29.43,59.86
77.65,77.65,61.83,31.51,59.21
77.68,77.68,51.47,39.13,59.18
76.92,76.92,44.39,36.82,61.24
72.80,72.80,42.01,22.63,60.79
69.87,69.87,49.31,23.13,61.75
71.05,71.05,50.37,29.68,62.09
69.20,69.20,54.51,39.57,58.72
70.13,70.13,59.81,49.03,59.38
72.56,72.56,91.80,60.21,64.08
70.43,70.43,93.87,61.72,63.28
68.36,68.36,92.50,64.94,64.85
67.59,67.59,92.41,64.67,65.68
68.67,68.67,91.05,63.49,66.35
65.89,65.89,87.89,65.49,66.09
64.86,64.86,87.79,71.27,64.93
63.28,63.28,87.11,72.42,64.30
65.23,65.23,82.09,78.42,62.80
64.93,64.93,79.62,81.23,62.56
69.18,69.18,75.60,81.77,64.32
73.32,73.32,69.18,83.23,64.43
79.94,79.94,75.70,81.73,62.47
80.44,80.44,74.01,80.96,61.75
77.97,77.97,70.31,82.01,62.95
80.13,80.13,71.11,81.95,63.12
79.55,79.55,67.29,82.72,63.21
80.04,80.04,65.76,80.70,63.45
80.25,80.25,63.09,82.03,62.84
80.33,80.33,61.41,79.72,62.23
79.97,79.97,61.16,81.58,62.72
80.69,80.69,61.14,80.48,62.56
80.27,80.27,64.20,82.10,64.27
82.64,82.64,68.17,80.44,67.97
82.79,82.79,72.24,79.33,66.39
81.24,81.24,73.92,79.40,66.70
77.55,77.55,73.56,80.35,64.05
76.14,76.14,71.55,79.53,62.11
71.89,71.89,65.51,79.25,62.81
68.97,68.97,56.04,79.87,62.70
67.01,67.01,49.45,81.47,63.58
69.65,69.65,46.66,82.04,63.03
71.74,71.74,55.18,81.91,64.86
70.99,70.99,64.92,79.22,62.72
77.47,77.47,79.53,75.53,62.91
77.23,77.23,90.94,69.60,60.83
77.25,77.25,92.92,62.48,61.91
77.73,77.73,92.37,61.34,62.85
77.34,77.34,90.59,63.31,62.08
78.35,78.35,90.51,60.82,63.30
78.49,78.49,88.44,61.32,64.23
79.68,79.68,85.96,66.66,62.47
79.07,79.07,85.67,70.66,62.84
80.20,80.20,81.00,74.85,64.01
79.26,79.26,76.18,74.91,63.73
75.34,75.34,77.56,75.28,65.05
72.11,72.11,77.65,77.40,62.29
70.19,70.19,78.31,79.71,63.74
71.55,71.55,78.49,81.97,63.81
69.37,69.37,76.69,77.25,60.95
72.23,72.23,74.38,81.93,62.37
71.14,71.14,72.32,78.66,63.72
68.89,68.89,67.93,81.79,65.96
66.00,66.00,60.89,86.18,64.07
64.19,64.19,56.61,83.53,66.17
61.28,61.28,53.35,83.73,65.25
62.69,62.69,56.78,83.41,67.27
65.13,65.13,62.19,84.73,68.19
73.54,73.54,68.13,81.05,67.51
79.48,79.48,72.88,78.61,63.36
76.69,76.69,69.18,75.73,63.15
73.41,73.41,64.53,81.49,64.34
69.47,69.47,57.23,82.65,64.13
66.59,66.59,49.46,82.21,64.53
63.98,63.98,45.71,80.23,62.57
63.71,63.71,53.19,83.34,63.18
69.03,69.03,66.45,80.76,63.66
72.39,72.39,77.73,81.94,63.30
74.54,74.54,77.64,82.79,58.54
74.35,74.35,78.14,79.55,60.22
81.45,81.45,77.18,82.96,60.34
80.84,80.84,75.53,79.77,62.70
79.81,79.81,74.26,79.39,63.92
79.87,79.87,71.98,79.61,62.31
80.41,80.41,69.13,80.58,61.04
75.87,75.87,58.49,82.89,63.81
80.52,80.52,51.95,83.27,63.73
78.74,78.74,45.77,80.25,63.63
76.39,76.39,43.42,83.56,62.82
75.67,75.67,49.67,81.41,64.34
77.76,77.76,54.78,81.10,62.02
79.91,79.91,63.18,84.10,62.97
79.77,79.77,79.46,80.48,62.56
81.33,81.33,75.12,84.58,63.73
79.57,79.57,69.96,82.59,63.27
74.71,74.71,62.76,80.90,64.16
74.80,74.80,54.47,82.36,65.24
74.46,74.46,46.36,81.83,65.35
71.70,71.70,41.11,84.22,66.47
69.92,69.92,45.11,81.84,62.39
68.02,68.02,58.57,83.12,61.43
72.28,72.28,69.05,84.13,59.82
74.03,74.03,77.91,84.45,63.01
72.68,72.68,91.75,74.56,59.44
72.41,72.41,92.47,70.52,58.91
73.26,73.26,92.20,61.34,59.03
72.86,72.86,91.06,63.40,58.83
70.08,70.08,91.63,64.55,58.52
67.53,67.53,88.05,66.66,56.72
63.22,63.22,86.72,73.35,57.09
63.29,63.29,87.50,74.82,59.32
62.89,62.89,81.73,77.02,60.31
66.73,66.73,76.11,81.20,62.05
72.29,72.29,74.66,83.63,62.51
75.53,75.53,68.31,82.70,62.87
81.14,81.14,71.87,82.97,61.06
80.55,80.55,68.42,82.07,60.77
80.81,80.81,63.65,78.52,58.65
81.27,81.27,61.47,79.44,60.26
80.38,80.38,55.69,85.20,60.82
79.40,79.40,54.06,80.97,61.20
82.23,82.23,56.41,85.04,60.71
83.11,83.11,56.96,80.93,61.64
81.53,81.53,56.96,83.71,61.73
81.92,81.92,57.33,79.99,60.81
80.08,80.08,63.21,82.59,61.30
80.98,80.98,71.78,80.47,64.61
81.89,81.89,75.61,79.11,63.68
78.93,78.93,76.84,81.48,62.25
75.54,75.54,76.74,79.58,59.60
75.90,75.90,74.04,81.82,59.90
78.61,78.61,65.55,78.64,59.79
73.84,73.84,56.88,82.17,59.55
66.57,66.57,52.12,81.48,59.98
66.44,66.44,50.71,83.62,61.03
70.73,70.73,63.15,80.80,59.50
73.05,73.05,71.08,80.08,59.38
74.51,74.51,79.59,81.73,60.31
68.67,68.67,90.46,71.29,57.92
70.74,70.74,92.19,67.00,56.80
74.20,74.20,93.90,62.13,59.77
75.33,75.33,90.33,60.65,59.59
76.51,76.51,89.48,65.87,62.16
67.12,67.12,89.91,69.75,61.87
61.32,61.32,86.14,74.47,63.32
65.26,65.26,84.80,77.10,62.78
76.03,76.03,83.46,78.56,60.68
75.76,75.76,76.02,80.27,58.19
74.78,74.78,76.32,82.00,54.34
72.15,72.15,77.98,80.55,53.80
73.94,73.94,78.73,79.12,57.15
72.56,72.56,77.38,79.30,56.42
74.58,74.58,76.44,83.64,57.67
76.75,76.75,74.47,80.54,58.47
76.49,76.49,72.42,80.53,58.00
76.54,76.54,68.69,78.88,57.24
77.14,77.14,61.23,85.50,58.01
78.88,78.88,55.63,81.44,57.82
78.78,78.78,50.84,82.91,57.66
81.52,81.52,49.50,84.04,58.01
83.62,83.62,54.07,86.22,58.74
81.09,81.09,68.77,83.16,60.68
77.70,77.70,75.48,79.27,59.69
74.44,74.44,71.07,83.24,60.47
72.16,72.16,66.05,82.54,57.38
70.95,70.95,60.05,81.76,59.11
66.84,66.84,54.24,79.14,61.06
65.88,65.88,46.55,83.94,61.31
70.21,70.21,43.28,82.63,60.69
65.49,65.49,45.47,82.95,60.53
66.49,66.49,50.17,85.35,58.28
75.02,75.02,63.43,84.23,59.15
77.53,77.53,73.23,84.78,58.85
78.99,78.99,81.32,78.90,57.76
77.55,77.55,80.15,82.24,61.05
77.47,77.47,78.51,79.29,60.26
76.58,76.58,76.66,82.15,60.22
77.05,77.05,72.79,83.57,58.60
76.18,76.18,61.12,82.66,58.39
78.81,78.81,57.96,81.02,62.16
80.73,80.73,53.70,81.22,59.71
81.41,81.41,47.37,85.20,58.83
72.45,72.45,50.90,82.96,62.80
76.02,76.02,62.12,82.08,62.10
80.83,80.83,67.26,81.02,63.57
81.65,81.65,67.01,84.91,63.32
77.69,77.69,60.24,79.88,63.95
72.38,72.38,54.37,83.13,64.06
69.50,69.50,54.59,84.45,62.85
75.22,75.22,63.06,85.47,63.09
76.25,76.25,58.78,81.57,63.98
77.31,77.31,48.99,82.36,61.22
74.32,74.32,48.31,84.95,60.24
74.42,74.42,59.86,83.77,58.45
78.57,78.57,71.63,80.26,54.67
76.41,76.41,75.77,80.22,52.57
74.27,74.27,90.66,76.74,51.75
75.21,75.21,93.15,70.95,49.18
74.40,74.40,92.77,59.70,50.51
70.18,70.18,91.11,63.26,51.53
74.86,74.86,90.18,66.48,53.67
69.95,69.95,89.16,67.51,54.53
71.17,71.17,86.02,71.31,58.58
72.00,72.00,85.45,74.86,59.16
68.99,68.99,82.12,77.36,56.05
75.18,75.18,75.31,82.06,58.72
77.03,77.03,65.86,81.85,58.71
79.87,79.87,63.77,82.13,60.38
80.13,80.13,78.90,81.08,57.28
76.70,76.70,75.69,79.67,53.51
72.90,72.90,72.19,81.56,54.96
70.95,70.95,69.42,81.98,58.80
70.76,70.76,68.06,80.23,58.30
69.80,69.80,65.76,81.28,58.49
69.56,69.56,63.89,81.07,58.64
70.89,70.89,63.47,82.00,58.79
72.34,72.34,63.91,82.15,58.69
71.71,71.71,70.63,82.41,56.85
71.13,71.13,71.83,81.62,57.16
77.39,77.39,80.59,80.51,62.92
77.54,77.54,81.13,79.27,60.19
76.18,76.18,80.95,79.08,63.33
74.52,74.52,78.29,77.66,56.61
72.95,72.95,76.26,78.19,57.52
72.70,72.70,67.22,80.25,55.52
75.38,75.38,61.04,81.01,57.71
72.61,72.61,56.59,79.51,56.44
70.81,70.81,54.08,80.67,58.45
73.08,73.08,62.59,81.64,56.56
75.16,75.16,69.90,79.20,56.88
76.69,76.69,76.79,77.60,57.27
73.43,73.43,90.79,72.78,55.36
74.17,74.17,92.30,62.22,52.87
74.10,74.10,93.86,61.25,54.82
73.78,73.78,90.91,60.02,54.72
75.73,75.73,88.54,63.40,57.37
74.31,74.31,89.60,66.46,58.79
74.77,74.77,86.81,68.27,59.59
74.43,74.43,83.21,67.96,59.07
74.45,74.45,83.35,71.30,60.78
72.17,72.17,77.24,76.18,61.60
73.65,73.65,74.51,78.61,60.87
73.58,73.58,75.78,78.34,58.31
76.09,76.09,78.73,78.42,57.97
74.34,74.34,77.42,81.87,57.76
72.38,72.38,74.92,75.84,55.68
74.33,74.33,72.11,75.41,58.32
76.46,76.46,68.70,85.80,57.67
79.02,79.02,65.49,81.86,59.13
82.38,82.38,64.67,80.06,61.50
78.04,78.04,64.90,84.41,62.66
79.37,79.37,63.36,83.71,62.86
79.41,79.41,61.40,83.92,61.63
79.05,79.05,61.00,81.77,60.44
81.69,81.69,63.03,81.56,60.45
81.44,81.44,63.78,82.00,60.04
79.62,79.62,60.57,80.33,57.54
79.51,79.51,56.99,80.21,57.41
77.41,77.41,53.59,80.13,61.80
75.21,75.21,52.49,83.45,59.31
77.07,77.07,52.98,81.92,58.93
77.29,77.29,53.58,80.22,59.35
72.64,72.64,56.51,80.56,58.45
71.00,71.00,63.56,81.41,57.14
71.91,71.91,69.04,85.99,56.46
75.65,75.65,76.02,82.89,58.22
78.75,78.75,81.82,79.13,58.68
77.66,77.66,80.67,81.58,61.24
80.16,80.16,78.76,80.21,59.60
80.25,80.25,77.64,83.39,59.63
79.83,79.83,72.49,81.38,61.22
74.79,74.79,60.32,81.85,60.06
74.63,74.63,55.26,83.78,60.19
79.78,79.78,55.39,82.93,63.34
80.54,80.54,57.26,82.14,62.76
77.65,77.65,63.68,84.63,62.52
78.60,78.60,67.82,81.89,62.12
80.81,80.81,71.74,86.32,61.35
79.72,79.72,75.36,81.75,59.85
76.61,76.61,72.65,82.19,56.77
78.43,78.43,68.30,83.39,60.19
76.78,76.78,64.33,83.00,59.36
78.42,78.42,60.73,85.64,61.67
80.33,80.33,56.29,85.33,65.62
80.08,80.08,56.27,80.77,63.19
71.03,71.03,59.32,85.23,59.20
69.00,69.00,67.96,83.50,58.72
74.95,74.95,77.14,83.23,54.95
73.79,73.79,80.78,79.44,50.90
75.77,75.77,91.53,69.04,50.69
73.98,73.98,93.24,58.81,52.64
73.16,73.16,95.19,57.65,57.31
75.48,75.48,91.45,60.12,62.42
75.91,75.91,89.08,55.97,62.92
76.32,76.32,90.24,54.56,63.59
69.71,69.71,86.13,55.02,61.66
71.65,71.65,84.88,58.82,62.20
69.74,69.74,82.96,56.91,60.53
69.19,69.19,76.83,53.26,64.40
72.13,72.13,76.48,53.06,65.05
72.83,72.83,70.93,62.75,65.09
77.16,77.16,68.83,66.76,65.58
79.19,79.19,62.95,64.26,66.80
78.14,78.14,58.49,59.73,64.72
79.02,79.02,52.81,61.62,66.83
79.77,79.77,48.47,60.30,66.14
79.60,79.60,50.45,59.36,66.13
78.14,78.14,53.88,62.04,68.88
79.57,79.57,56.16,63.66,71.26
77.05,77.05,54.78,63.81,71.35
78.93,78.93,52.99,63.47,71.03
79.64,79.64,54.10,62.83,70.12
79.62,79.62,53.88,62.37,66.52
79.81,79.81,53.02,60.52,65.06
79.23,79.23,53.90,61.39,63.52
80.75,80.75,53.05,60.58,62.77
79.62,79.62,51.52,63.34,62.03
72.35,72.35,49.79,58.51,59.68
69.18,69.18,44.73,63.70,61.93
67.74,67.74,46.16,62.17,61.37
67.99,67.99,49.80,62.97,60.91
66.05,66.05,57.82,61.63,59.17
64.35,64.35,66.30,58.80,59.43
72.09,72.09,80.62,54.78,57.11
73.81,73.81,93.96,56.52,54.64
72.69,72.69,94.17,56.60,57.39
74.75,74.75,94.28,59.73,58.96
69.55,69.55,93.40,59.93,60.12
68.93,68.93,90.95,61.55,61.66
73.85,73.85,90.85,62.18,62.20
76.97,76.97,87.33,65.19,65.12
78.61,78.61,84.07,63.57,65.34
79.78,79.78,81.82,64.40,63.97
79.54,79.54,82.90,61.02,63.95
79.22,79.22,77.29,61.73,62.98
75.06,75.06,78.77,64.89,62.77
71.40,71.40,79.03,63.40,63.40
72.82,72.82,77.43,52.07,61.57
74.04,74.04,76.16,52.70,62.90
72.37,72.37,73.39,51.58,64.11
72.97,72.97,71.20,50.44,65.80
78.34,78.34,70.14,56.05,66.33
79.49,79.49,64.52,56.11,64.51
80.43,80.43,61.52,58.92,65.80
82.64,82.64,58.35,56.16,65.00
78.40,78.40,58.59,61.89,65.16
72.99,72.99,58.51,65.37,65.21
75.30,75.30,59.92,67.97,67.81
78.54,78.54,63.80,67.11,64.76
79.34,79.34,64.42,60.28,61.38
79.95,79.95,60.53,49.30,54.63
77.23,77.23,56.80,44.64,55.80
79.02,79.02,51.94,45.81,59.45
83.17,83.17,44.66,47.00,56.55
83.00,83.00,44.64,44.76,55.17
83.42,83.42,49.71,35.26,57.17
85.30,85.30,58.29,37.25,58.18
85.94,85.94,63.45,41.73,56.89
84.60,84.60,74.38,41.85,56.52
83.49,83.49,85.52,41.28,54.54
80.94,80.94,83.14,39.38,50.50
78.48,78.48,81.83,37.83,51.14
75.73,75.73,80.34,35.98,49.79
77.95,77.95,75.22,39.20,51.17
77.50,77.50,66.22,38.13,53.16
77.08,77.08,62.93,37.05,53.85
76.69,76.69,56.44,36.45,54.90
74.27,74.27,52.02,36.01,54.17
73.07,73.07,49.84,36.70,55.87
75.82,75.82,44.07,38.09,57.31
77.40,77.40,39.55,38.49,58.52
79.85,79.85,39.55,37.65,58.46
79.00,79.00,38.24,37.96,58.99
78.55,78.55,38.07,35.98,59.54
75.78,75.78,36.33,34.88,59.93
73.38,73.38,34.39,36.92,59.23
72.91,72.91,32.14,38.74,60.27
72.89,72.89,32.96,37.85,60.78
72.92,72.92,33.85,31.97,60.59
70.91,70.91,35.33,30.24,58.05
72.62,72.62,44.21,26.23,57.09
79.70,79.70,55.05,27.91,51.57
79.93,79.93,56.27,27.28,50.88
83.04,83.04,57.89,27.84,56.90
79.75,79.75,58.18,27.79,61.45
74.32,74.32,57.35,29.19,62.53
77.13,77.13,59.79,30.06,65.78
80.51,80.51,58.69,30.13,65.92
80.68,80.68,50.88,29.10,70.68
82.65,82.65,49.15,28.55,69.73
81.96,81.96,47.98,27.29,71.95
81.77,81.77,52.48,27.39,71.14
80.48,80.48,47.01,28.73,71.98
81.98,81.98,47.69,24.37,72.00
80.42,80.42,55.55,26.05,72.74
79.62,79.62,54.39,27.46,72.03
79.58,79.58,54.12,25.42,72.15
83.28,83.28,47.42,30.25,71.15
85.51,85.51,42.76,30.34,70.52
85.47,85.47,36.61,31.98,68.41
85.98,85.98,34.61,31.76,71.58
87.75,87.75,34.98,26.48,71.53
88.41,88.41,37.79,26.77,70.84
87.11,87.11,42.10,28.56,73.03
86.54,86.54,48.61,29.81,74.36
86.43,86.43,51.88,31.27,74.47
85.15,85.15,49.67,30.24,73.11
84.83,84.83,44.84,30.31,73.88
83.87,83.87,43.85,27.10,74.31
84.17,84.17,42.99,28.17,71.81
85.17,85.17,42.06,30.60,72.30
86.01,86.01,43.23,29.07,70.74
84.54,84.54,43.03,28.82,70.16
83.73,83.73,47.85,29.98,71.69
80.87,80.87,48.20,30.42,71.35
83.31,83.31,50.89,27.58,72.79
85.43,85.43,58.20,38.24,71.84
83.68,83.68,72.97,37.59,70.41
80.78,80.78,69.45,28.70,69.52
80.12,80.12,64.97,29.50,68.75
84.16,84.16,68.34,36.20,68.90
81.82,81.82,62.99,36.47,69.22
81.38,81.38,59.76,34.69,67.36
84.17,84.17,64.58,37.72,65.73
81.94,81.94,59.81,32.77,68.00
82.00,82.00,62.69,31.32,66.24
83.38,83.38,69.41,26.72,65.45
78.14,78.14,71.96,17.90,64.17
73.43,73.43,77.48,21.81,62.63
71.63,71.63,79.47,27.41,65.02
72.07,72.07,78.48,25.40,64.86
69.73,69.73,77.38,32.64,66.15
73.88,73.88,76.37,39.69,68.30
72.03,72.03,74.91,38.68,67.29
78.39,78.39,73.44,38.17,68.91
79.23,79.23,66.93,38.55,68.01
80.73,80.73,63.70,42.69,72.81
81.52,81.52,62.43,39.14,72.06
81.69,81.69,59.02,35.01,72.96
79.32,79.32,59.25,39.25,72.75
77.54,77.54,57.16,32.90,70.68
77.51,77.51,56.94,39.64,71.83
74.55,74.55,56.39,40.16,73.49
74.62,74.62,53.20,40.99,72.25
77.10,77.10,50.95,45.25,71.67
73.71,73.71,48.14,43.53,71.96
69.32,69.32,45.96,34.99,68.03
68.31,68.31,45.55,35.25,71.01
75.85,75.85,46.36,35.98,66.47
74.42,74.42,48.40,36.93,72.37
72.10,72.10,54.68,35.34,66.79
75.06,75.06,67.02,33.10,72.28
80.32,80.32,66.36,31.85,67.86
79.56,79.56,60.45,36.91,71.07
79.35,79.35,56.67,44.51,74.38
80.46,80.46,52.25,44.00,74.27
78.13,78.13,48.02,45.96,73.47
76.04,76.04,46.19,45.42,72.00
79.60,79.60,45.03,44.39,73.19
82.67,82.67,43.11,48.42,73.20
81.88,81.88,42.15,47.62,72.87
81.61,81.61,39.86,48.15,71.91
81.66,81.66,41.60,48.75,70.27
83.30,83.30,44.12,49.69,71.31
81.82,81.82,48.48,52.12,70.70
79.48,79.48,48.70,52.14,71.00
79.92,79.92,48.18,59.45,72.56
79.94,79.94,47.38,55.78,71.58
84.13,84.13,41.16,59.13,75.26
81.84,81.84,38.02,57.51,72.87
69.69,69.69,34.87,51.61,74.11
73.36,73.36,46.69,52.10,72.24
77.83,77.83,65.96,48.33,67.53
80.75,80.75,72.91,38.54,61.31
79.38,79.38,82.71,31.67,57.58
75.98,75.98,92.84,26.77,54.62
74.29,74.29,92.65,40.66,55.27
74.89,74.89,92.52,45.06,60.14
76.29,76.29,93.21,50.38,58.28
70.59,70.59,88.79,49.58,57.11
71.63,71.63,87.86,52.28,59.92
80.39,80.39,88.13,56.86,59.82
79.90,79.90,83.06,62.55,63.14
79.54,79.54,79.42,61.91,64.12
80.78,80.78,77.52,58.36,64.10
83.71,83.71,69.65,54.16,66.54
81.24,81.24,67.11,47.64,65.09
80.46,80.46,62.39,49.98,66.73
79.66,79.66,63.13,50.26,66.84
76.97,76.97,58.86,51.24,66.96
73.98,73.98,56.94,54.64,66.49
70.42,70.42,47.31,58.25,68.45
69.64,69.64,44.29,59.62,68.18
75.58,75.58,46.13,56.75,70.88
80.65,80.65,49.03,59.39,72.91
81.10,81.10,45.32,59.18,73.35
82.52,82.52,45.04,60.58,72.21
82.48,82.48,57.91,60.65,71.52
80.20,80.20,63.15,58.97,66.45
79.03,79.03,64.07,62.57,67.54
78.81,78.81,62.48,59.92,64.35
81.99,81.99,57.70,61.46,64.87
77.70,77.70,53.66,61.21,64.13
75.66,75.66,48.39,63.15,61.97
72.81,72.81,40.85,60.45,63.76
74.16,74.16,37.70,60.62,62.69
74.17,74.17,48.02,59.33,63.69
75.40,75.40,59.76,55.47,62.41
77.83,77.83,64.26,51.28,61.41
78.24,78.24,84.41,48.11,58.38
75.03,75.03,94.63,45.29,56.68
77.13,77.13,94.08,47.89,63.49
74.56,74.56,92.94,47.01,65.15
71.62,71.62,93.40,53.30,64.22
71.56,71.56,91.71,57.59,64.83
72.61,72.61,88.20,62.26,65.16
72.82,72.82,88.01,61.08,65.95
72.29,72.29,84.64,60.31,68.26
74.18,74.18,83.03,59.70,67.80
73.58,73.58,81.27,54.57,67.62
72.27,72.27,79.21,48.58,65.87
69.92,69.92,78.57,49.86,68.60
71.83,71.83,79.39,46.71,63.71
77.66,77.66,78.20,42.81,59.07
75.56,75.56,77.18,50.52,59.53
73.79,73.79,75.37,54.72,65.76
79.11,79.11,73.34,52.05,66.05
74.47,74.47,70.00,57.31,64.67
76.23,76.23,65.21,57.23,61.44
74.42,74.42,59.88,52.80,63.93
75.81,75.81,53.69,49.98,65.25
77.50,77.50,49.76,53.69,63.03
76.29,76.29,42.47,53.76,62.06
80.87,80.87,41.47,52.47,60.91
81.40,81.40,46.20,50.91,57.72
80.95,80.95,49.30,44.86,53.74
81.50,81.50,42.65,38.16,53.64
78.14,78.14,38.60,40.39,51.86
77.54,77.54,37.90,43.08,53.48
77.95,77.95,35.26,43.61,54.33
77.72,77.72,35.65,41.38,52.00
78.47,78.47,47.68,40.40,53.81
76.60,76.60,56.96,39.12,51.74
76.77,76.77,61.75,40.33,55.49
78.15,78.15,79.35,47.04,54.13
77.87,77.87,85.29,45.59,55.89
77.55,77.55,83.02,40.50,53.50
78.21,78.21,81.15,47.57,54.51
78.02,78.02,80.16,42.44,52.43
78.49,78.49,72.60,44.96,53.79
78.51,78.51,63.99,44.29,53.10
77.80,77.80,59.04,40.79,50.45
79.11,79.11,52.80,42.25,50.89
77.47,77.47,46.72,42.11,50.82
77.59,77.59,37.12,41.96,48.33
77.02,77.02,32.75,42.57,48.79
76.28,76.28,30.87,43.52,51.43
75.59,75.59,31.67,45.84,50.91
75.33,75.33,33.77,47.11,52.49
75.13,75.13,29.32,44.80,50.13
75.80,75.80,26.07,45.98,49.10
74.87,74.87,23.82,47.18,49.43
72.17,72.17,23.48,48.36,49.78
74.41,74.41,24.54,48.51,46.70
77.06,77.06,29.54,46.75,48.79
78.04,78.04,26.50,42.42,48.73
77.01,77.01,32.83,42.02,49.93
73.31,73.31,40.44,35.53,49.87
76.90,76.90,47.04,36.64,54.30
81.62,81.62,49.35,32.56,63.49
79.44,79.44,47.84,33.14,65.29
79.85,79.85,45.92,36.04,63.68
76.17,76.17,40.27,31.16,69.44
73.63,73.63,32.32,33.73,69.16
81.61,81.61,43.58,35.76,69.59
82.49,82.49,34.19,39.97,70.47
82.59,82.59,30.67,39.62,72.34
82.54,82.54,33.08,40.71,72.79
81.49,81.49,49.79,39.69,71.97
81.69,81.69,47.09,41.82,72.38
79.43,79.43,49.51,36.00,74.26
77.88,77.88,46.24,38.43,71.81
74.12,74.12,32.59,39.21,72.72
81.88,81.88,23.13,33.53,72.25
79.82,79.82,24.08,22.07,71.38
83.50,83.50,18.42,35.12,70.46
82.14,82.14,17.77,32.04,73.16
82.11,82.11,15.50,33.45,72.32
84.76,84.76,18.42,27.15,72.67
83.94,83.94,23.70,28.20,74.28
81.14,81.14,31.92,31.03,74.62
80.49,80.49,39.57,23.58,74.28
83.18,83.18,38.56,32.26,72.45
81.19,81.19,37.84,29.41,73.84
81.16,81.16,34.17,26.53,74.52
81.36,81.36,28.47,24.00,72.81
82.43,82.43,26.31,21.38,71.75
85.28,85.28,26.61,24.10,73.19
85.89,85.89,23.61,18.19,70.43
86.23,86.23,22.66,29.84,70.52
85.55,85.55,30.43,27.38,71.48
85.36,85.36,39.76,35.16,72.19
86.71,86.71,49.19,42.61,71.11
84.58,84.58,58.87,36.10,68.52
82.25,82.25,52.60,30.29,69.41
81.03,81.03,45.06,30.53,68.17
84.42,84.42,48.57,35.10,67.78
81.17,81.17,43.22,37.17,67.65
81.79,81.79,39.82,27.59,63.10
84.67,84.67,40.92,29.72,64.56
81.82,81.82,38.83,27.04,66.60
83.05,83.05,40.64,28.72,67.66
83.72,83.72,47.91,23.54,67.48
82.04,82.04,55.72,24.04,67.00
79.65,79.65,59.81,14.70,68.34
79.71,79.71,61.58,15.52,68.19
78.75,78.75,57.10,28.39,65.83
79.02,79.02,58.53,30.09,68.71
75.54,75.54,57.00,28.22,67.63
76.73,76.73,57.72,21.92,69.37
78.83,78.83,58.25,26.54,69.83
82.44,82.44,57.63,16.58,72.19
82.58,82.58,55.26,29.16,73.99
80.99,80.99,53.85,32.15,73.20
80.08,80.08,57.53,26.54,73.60
81.83,81.83,57.78,22.51,73.81
80.79,80.79,56.65,30.05,71.40
80.18,80.18,56.47,31.68,73.22
78.55,78.55,58.74,26.31,73.96
76.95,76.95,60.70,30.86,72.26
79.04,79.04,59.77,24.99,71.41
76.99,76.99,59.50,33.55,71.94
76.85,76.85,57.81,21.32,70.07
80.02,80.02,56.64,21.93,71.85
75.51,75.51,55.47,25.93,70.24
75.78,75.78,55.07,29.14,72.07
73.23,73.23,56.61,27.09,68.56
72.95,72.95,55.82,25.51,69.45
76.35,76.35,61.25,22.44,65.15
79.50,79.50,60.53,28.49,70.60
77.60,77.60,54.24,20.62,71.46
81.08,81.08,48.59,22.03,72.18
79.98,79.98,44.62,19.22,71.91
78.24,78.24,44.61,22.62,72.31
78.72,78.72,44.27,12.31,74.62
76.23,76.23,43.48,18.84,73.42
78.93,78.93,39.98,24.95,73.72
80.11,80.11,33.96,22.66,70.96
77.43,77.43,28.80,14.80,71.22
74.10,74.10,30.68,13.43,67.42
77.68,77.68,31.00,4.17,70.26
78.33,78.33,31.49,3.04,66.50
76.60,76.60,33.44,5.11,72.19
77.45,77.45,30.94,0.50,72.57
77.85,77.85,31.43,10.65,72.41
78.55,78.55,32.63,15.87,72.11
76.60,76.60,25.83,8.71,70.76
80.39,80.39,24.40,9.20,73.04
79.23,79.23,23.82,13.03,70.85
77.68,77.68,23.49,13.99,71.54
79.00,79.00,20.95,7.16,69.86
78.53,78.53,15.91,6.92,68.11
77.76,77.76,18.89,6.02,69.63
74.52,74.52,22.20,1.19,73.53
67.51,67.51,20.14,3.82,70.15
69.22,69.22,23.54,8.94,70.93
66.35,66.35,26.75,11.59,69.88
65.70,65.70,30.67,13.30,73.08
65.86,65.86,34.07,15.57,74.18
63.77,63.77,29.71,16.81,71.15
64.05,64.05,33.53,11.80,67.93
62.96,62.96,31.82,16.52,68.58
63.82,63.82,29.36,15.43,66.74
64.63,64.63,33.88,5.67,68.13
73.58,73.58,40.68,1.74,69.33
79.20,79.20,42.38,1.36,72.06
77.73,77.73,43.81,9.42,69.64
78.26,78.26,42.85,14.11,72.04
79.15,79.15,38.21,13.29,70.57
79.00,79.00,34.06,11.61,74.08
79.01,79.01,36.10,12.64,74.19
78.26,78.26,32.35,11.54,75.02
76.79,76.79,30.17,8.19,73.06
75.95,75.95,35.34,12.37,70.90
76.58,76.58,35.01,11.03,68.03
76.01,76.01,36.95,8.90,67.89
79.00,79.00,38.11,5.38,66.97
82.73,82.73,39.87,4.12,65.40
81.63,81.63,38.95,2.83,65.44
79.03,79.03,37.58,9.66,66.99
71.98,71.98,35.10,3.44,64.43
70.71,70.71,33.40,3.70,65.88
72.98,72.98,32.28,8.13,65.76
74.41,74.41,28.79,9.23,67.02
66.25,66.25,29.45,7.26,67.72
78.42,78.42,39.80,10.75,68.10
84.80,84.80,37.57,8.21,68.44
83.14,83.14,44.40,17.43,67.56
84.32,84.32,51.12,15.47,69.59
84.48,84.48,46.86,18.36,69.66
83.67,83.67,52.28,9.55,69.96
83.98,83.98,51.23,9.14,70.70
84.31,84.31,50.63,6.27,71.61
84.42,84.42,52.37,7.31,70.76
84.11,84.11,57.64,5.48,69.88
84.04,84.04,63.68,3.08,69.17
81.23,81.23,72.81,0.21,67.98
74.22,74.22,76.47,0.03,67.16
70.58,70.58,77.46,1.09,67.40
70.06,70.06,76.91,2.15,67.91
72.94,72.94,76.64,5.81,69.85
71.54,71.54,75.05,6.18,69.22
72.20,72.20,74.20,4.39,69.20
71.74,71.74,71.87,9.07,67.08
70.88,70.88,68.55,11.58,68.05
72.33,72.33,67.32,13.42,66.81
71.84,71.84,65.41,11.12,66.70
70.61,70.61,63.46,7.03,67.21
72.56,72.56,61.58,8.40,69.28
77.38,77.38,60.76,10.86,70.51
72.78,72.78,60.32,20.32,62.19
64.30,64.30,57.76,25.38,56.95
63.92,63.92,56.83,24.20,56.28
62.83,62.83,55.77,26.59,58.57
62.80,62.80,54.50,37.91,59.65
62.90,62.90,52.44,38.91,55.73
65.38,65.38,49.76,33.59,59.20
71.57,71.57,47.56,35.57,60.75
75.38,75.38,48.82,38.96,58.48
78.98,78.98,56.46,31.34,56.42
84.49,84.49,68.72,38.62,60.90
85.73,85.73,72.75,41.43,59.36
82.49,82.49,69.56,33.01,57.31
81.14,81.14,68.64,38.59,53.33
80.32,80.32,63.61,32.93,53.75
79.09,79.09,58.84,30.19,53.82
73.74,73.74,53.32,34.23,52.66
68.46,68.46,50.85,31.12,51.88
74.28,74.28,48.73,33.59,51.39
76.15,76.15,44.87,29.06,54.27
71.28,71.28,43.60,29.75,53.43
77.22,77.22,39.94,31.43,50.93
82.08,82.08,42.16,31.13,49.68
82.61,82.61,52.94,36.18,53.92
81.50,81.50,50.86,30.05,55.25
79.18,79.18,43.88,33.38,54.92
78.55,78.55,42.02,35.76,55.86
78.89,78.89,34.23,30.49,54.36
77.83,77.83,38.14,28.99,53.36
78.13,78.13,39.31,24.82,50.53
77.47,77.47,36.35,29.52,49.22
78.58,78.58,38.16,30.23,50.98
77.83,77.83,37.58,26.78,52.86
75.89,75.89,35.70,22.97,56.48
75.76,75.76,35.88,15.90,62.78
75.92,75.92,36.61,5.83,73.23
73.90,73.90,35.33,0.74,73.47
70.41,70.41,34.67,-0.00,74.17
67.26,67.26,30.56,0.79,74.30
63.39,63.39,31.48,1.37,72.70
62.24,62.24,33.43,0.02,72.80
69.68,69.68,29.59,2.03,71.11
63.39,63.39,25.24,4.71,73.96
73.05,73.05,25.43,2.72,73.66
82.56,82.56,30.33,3.86,72.96
81.51,81.51,28.65,1.37,72.86
81.31,81.31,27.61,0.08,76.27
81.05,81.05,27.68,0.01,73.42
77.61,77.61,37.08,1.07,73.88
82.09,82.09,48.83,1.61,73.09
81.75,81.75,39.42,2.56,73.30
80.81,80.81,35.94,12.86,73.19
81.24,81.24,33.67,13.14,72.86
81.66,81.66,36.33,12.42,72.84
81.67,81.67,33.30,3.01,76.92
77.45,77.45,39.08,1.46,77.32
69.39,69.39,42.73,4.21,75.80
65.59,65.59,28.07,7.27,73.80
68.65,68.65,25.72,2.32,73.62
77.21,77.21,27.31,10.25,73.67
80.17,80.17,29.02,15.96,71.92
79.11,79.11,27.32,19.23,73.26
79.74,79.74,27.72,24.51,72.37
81.36,81.36,28.42,7.08,73.80
81.36,81.36,25.30,11.11,71.40
77.81,77.81,25.59,4.31,71.46
76.56,76.56,31.77,5.36,73.73
79.59,79.59,39.66,7.29,72.79
81.28,81.28,48.73,21.80,74.22
83.85,83.85,53.46,8.96,70.64
80.51,80.51,47.07,15.84,71.16
81.40,81.40,45.04,15.14,70.32
83.92,83.92,41.92,16.21,71.65
79.41,79.41,41.59,13.52,70.29
83.07,83.07,43.16,15.76,68.60
82.58,82.58,44.76,15.63,68.81
79.34,79.34,39.15,9.92,68.69
83.63,83.63,36.86,5.12,69.04
84.82,84.82,42.64,3.52,68.57
80.18,80.18,50.69,2.24,71.63
77.65,77.65,54.69,2.49,71.96
79.33,79.33,59.02,1.34,73.10
80.17,80.17,57.18,0.18,70.61
80.27,80.27,56.25,0.03,73.21
79.55,79.55,54.82,0.00,72.25
78.85,78.85,53.49,0.01,71.73
79.78,79.78,53.75,0.03,70.25
77.83,77.83,52.18,1.30,74.86
77.82,77.82,52.85,0.92,72.00
78.67,78.67,50.25,1.33,73.51
77.57,77.57,51.71,0.29,71.73
80.22,80.22,52.43,0.03,73.81
85.24,85.24,50.61,0.08,71.35
84.00,84.00,49.29,0.18,73.09
81.12,81.12,42.67,0.22,71.20
79.13,79.13,39.54,0.07,73.98
77.43,77.43,41.65,0.31,73.26
76.86,76.86,36.73,0.04,71.26
77.21,77.21,34.44,1.42,72.23
76.36,76.36,34.70,1.39,71.91
81.91,81.91,44.00,1.89,73.74
83.65,83.65,47.40,6.82,72.93
82.54,82.54,37.61,3.54,70.72
81.05,81.05,35.61,6.49,73.69
77.39,77.39,32.48,1.09,73.96
72.54,72.54,32.05,0.01,73.87
69.14,69.14,34.34,0.27,74.09
67.46,67.46,36.75,0.12,73.78
68.75,68.75,35.45,0.34,75.19
83.76,83.76,45.32,3.00,72.70
83.52,83.52,53.34,2.86,74.06
82.57,82.57,38.87,0.26,72.51
79.39,79.39,24.17,5.28,72.85
79.92,79.92,23.83,12.89,72.24
81.47,81.47,31.94,15.00,70.82
82.71,82.71,44.11,11.55,69.86
81.90,81.90,49.79,7.55,71.93
82.85,82.85,55.74,2.61,70.41
85.81,85.81,54.99,5.16,72.73
83.99,83.99,54.42,4.13,71.27
83.07,83.07,52.31,0.75,72.29
80.96,80.96,46.93,0.24,71.97
80.37,80.37,44.17,1.65,72.24
79.78,79.78,39.88,0.94,73.83
79.53,79.53,36.05,0.06,74.66
78.76,78.76,35.02,-0.00,74.17
80.70,80.70,31.62,-0.00,73.46
79.45,79.45,27.30,-0.00,76.60
80.96,80.96,22.59,-0.00,76.26
81.67,81.67,24.26,0.00,73.07
79.63,79.63,22.41,0.13,69.58
80.95,80.95,24.16,0.26,71.73
82.28,82.28,27.44,2.60,70.66
81.81,81.81,25.79,1.36,71.58
83.34,83.34,26.72,3.06,74.91
83.60,83.60,23.10,4.83,70.34
85.00,85.00,19.21,5.16,70.68
82.63,82.63,20.26,6.70,69.13
81.86,81.86,25.76,4.54,69.62
78.76,78.76,24.85,5.14,70.72
81.66,81.66,23.07,7.35,71.40
82.61,82.61,24.73,7.25,67.57
84.03,84.03,30.58,6.41,68.91
85.51,85.51,25.31,9.48,70.08
84.90,84.90,27.38,9.48,70.85
86.41,86.41,28.76,16.84,73.88
87.78,87.78,28.40,16.35,73.74
88.31,88.31,25.58,10.11,73.27
88.24,88.24,24.78,9.33,72.89
87.69,87.69,24.98,11.96,70.67
86.56,86.56,27.56,6.94,72.73
85.48,85.48,29.61,2.02,71.05
82.80,82.80,28.73,1.77,74.31
80.78,80.78,28.66,0.81,70.47
77.55,77.55,31.35,1.05,70.35
75.50,75.50,31.50,1.48,70.70
74.96,74.96,35.13,0.81,68.82
79.20,79.20,33.10,0.10,68.08
78.63,78.63,34.16,0.06,69.47
78.49,78.49,39.10,0.40,69.53
81.42,81.42,45.10,1.12,68.26
84.26,84.26,53.82,1.44,68.77
83.82,83.82,55.90,2.97,68.20
82.99,82.99,53.60,4.79,68.20
79.62,79.62,49.24,3.49,70.60
79.69,79.69,45.48,0.26,69.81
79.12,79.12,43.75,0.00,74.16
83.75,83.75,49.15,0.11,70.49
83.17,83.17,46.96,0.10,71.20
82.60,82.60,43.68,0.25,71.34
81.45,81.45,51.14,0.08,71.05
80.76,80.76,61.11,0.00,71.04
79.42,79.42,71.80,0.00,69.53
76.64,76.64,77.02,0.00,68.27
71.76,71.76,77.07,0.00,68.02
75.02,75.02,75.58,0.00,68.05
76.64,76.64,74.75,0.00,68.75
76.28,76.28,72.45,-0.00,69.29
75.35,75.35,69.58,0.04,71.51
75.13,75.13,64.59,0.43,71.25
73.45,73.45,59.79,1.81,69.70
73.63,73.63,56.37,1.82,67.64
74.12,74.12,53.81,0.19,70.79
72.10,72.10,52.46,0.00,70.90
77.12,77.12,51.79,0.00,73.72
85.32,85.32,50.95,0.02,77.91
82.92,82.92,50.25,0.01,70.83
81.77,81.77,46.81,0.71,65.91
78.43,78.43,46.15,5.78,65.12
75.64,75.64,45.91,16.72,65.20
72.24,72.24,44.47,21.65,64.54
71.56,71.56,45.06,25.77,64.24
71.04,71.04,46.28,21.01,63.15
71.02,71.02,52.13,25.60,62.25
70.12,70.12,57.05,17.98,61.84
70.29,70.29,66.75,14.02,62.86
75.19,75.19,81.16,14.38,64.63
76.00,76.00,81.37,15.87,62.21
74.15,74.15,81.70,20.72,59.89
73.41,73.41,78.20,24.47,60.44
70.83,70.83,74.40,27.75,61.98
69.99,69.99,66.70,26.47,62.86
70.78,70.78,63.09,32.41,61.58
69.87,69.87,59.85,22.16,60.23
68.31,68.31,55.07,24.65,60.51
68.75,68.75,50.94,27.78,61.81
72.00,72.00,48.00,30.72,60.74
72.71,72.71,43.44,34.50,58.58
75.04,75.04,37.26,34.65,58.04
77.79,77.79,37.94,31.42,54.87
80.39,80.39,34.25,26.97,54.57
78.79,78.79,37.91,27.98,54.20
79.80,79.80,36.03,24.92,55.72
79.28,79.28,36.56,21.81,55.70
77.38,77.38,36.69,27.06,54.65
79.69,79.69,34.87,24.08,52.54
77.72,77.72,30.89,23.37,53.00
81.71,81.71,33.26,22.38,53.48
79.54,79.54,30.55,24.74,56.79
81.43,81.43,26.25,13.76,59.74
83.83,83.83,23.16,9.79,67.79
81.57,81.57,21.29,-0.00,75.22
80.66,80.66,17.09,-0.00,74.89
78.26,78.26,17.19,-0.00,73.59
79.22,79.22,15.18,-0.00,72.98
78.69,78.69,12.65,-0.00,72.55
78.20,78.20,14.51,-0.00,73.11
79.31,79.31,14.69,-0.00,73.63
75.33,75.33,9.15,-0.00,74.63
78.77,78.77,12.11,-0.00,73.50
79.23,79.23,12.62,-0.00,73.64
80.54,80.54,12.63,-0.00,74.48
80.07,80.07,11.25,-0.00,76.78
81.94,81.94,6.88,-0.00,74.92
80.94,80.94,5.83,-0.00,73.63
80.20,80.20,7.74,-0.00,74.28
78.45,78.45,7.35,-0.00,75.95
81.42,81.42,6.21,-0.00,74.73
81.19,81.19,7.96,-0.00,73.24
80.34,80.34,9.79,-0.00,74.36
78.85,78.85,13.16,-0.00,75.17
80.08,80.08,14.68,-0.00,76.96
79.31,79.31,14.03,-0.00,76.29
81.99,81.99,11.63,-0.00,74.34
80.47,80.47,9.52,-0.00,75.09
75.21,75.21,10.08,0.00,75.30
76.63,76.63,12.31,0.06,75.13
73.58,73.58,13.36,0.82,73.29
74.74,74.74,14.50,1.14,73.24
75.44,75.44,14.08,0.21,73.21
75.99,75.99,14.21,0.01,72.11
74.94,74.94,13.19,-0.00,73.60
76.40,76.40,18.99,-0.00,73.53
72.58,72.58,27.65,0.00,74.63
79.52,79.52,40.25,0.52,73.67
82.48,82.48,42.06,1.77,72.52
78.75,78.75,36.81,3.49,72.39
75.89,75.89,30.07,3.01,72.04
72.53,72.53,27.85,1.19,71.21
73.88,73.88,29.80,0.08,72.53
80.41,80.41,35.46,0.23,67.97
80.40,80.40,32.36,0.34,70.15
75.34,75.34,29.70,0.09,69.07
71.08,71.08,26.07,-0.00,69.19
73.00,73.00,29.24,-0.00,69.66
74.80,74.80,37.53,0.02,74.33
77.27,77.27,46.19,0.40,74.80
78.42,78.42,46.37,0.11,75.75
76.42,76.42,40.77,0.01,72.37
74.69,74.69,36.04,0.02,73.75
75.43,75.43,27.79,0.00,75.70
78.28,78.28,27.45,0.01,74.75
76.38,76.38,26.68,0.09,75.49
76.67,76.67,30.62,0.28,77.29
75.65,75.65,29.40,0.22,74.22
73.87,73.87,24.98,0.56,75.96
73.54,73.54,23.29,0.36,74.98
78.52,78.52,34.34,0.41,76.20
83.14,83.14,45.36,0.22,73.49
79.96,79.96,45.84,0.08,74.85
77.42,77.42,28.37,0.04,76.15
74.47,74.47,20.75,0.00,74.00
72.80,72.80,26.59,0.06,76.84
78.85,78.85,40.27,0.06,71.98
82.25,82.25,51.02,0.43,74.30
78.81,78.81,35.20,2.73,73.48
75.30,75.30,37.18,4.14,76.54
72.37,72.37,44.31,2.84,76.16
75.43,75.43,52.35,1.48,75.66
81.03,81.03,57.88,0.45,74.92
78.12,78.12,56.25,0.15,77.17
77.50,77.50,54.29,0.11,76.96
77.48,77.48,55.17,0.13,75.67
77.06,77.06,52.70,0.82,74.44
74.06,74.06,51.35,1.96,73.63
74.71,74.71,51.53,2.28,73.98
75.17,75.17,52.03,6.04,75.27
76.32,76.32,52.89,6.98,74.32
77.58,77.58,52.43,4.55,72.93
78.71,78.71,51.39,0.72,70.59
78.90,78.90,51.94,0.82,72.98
80.44,80.44,51.65,0.32,70.12
80.75,80.75,56.02,2.40,66.83
80.12,80.12,55.62,4.77,70.88
81.06,81.06,54.38,3.23,74.29
80.31,80.31,50.14,0.25,74.76
81.40,81.40,49.81,0.00,74.53
84.33,84.33,54.87,0.00,74.75
81.57,81.57,45.50,0.55,70.76
78.82,78.82,45.82,2.48,75.04
79.97,79.97,53.63,1.75,72.95
82.57,82.57,59.19,0.31,69.94
83.89,83.89,61.41,0.44,71.37
81.45,81.45,56.50,0.31,67.08
80.45,80.45,53.21,0.28,74.99
81.46,81.46,51.35,0.05,75.45
80.73,80.73,50.67,-0.00,71.45
79.98,79.98,48.13,-0.00,68.90
80.40,80.40,48.10,-0.00,67.99
76.71,76.71,44.32,0.00,72.71
79.53,79.53,39.92,0.40,74.02
78.83,78.83,38.64,1.87,69.46
78.97,78.97,38.86,2.44,68.88
78.61,78.61,39.52,3.47,70.10
78.66,78.66,37.54,1.54,72.15
77.33,77.33,29.86,0.79,72.05
80.97,80.97,22.76,0.01,71.08
81.13,81.13,10.65,0.12,70.03
80.56,80.56,8.14,1.19,69.36
81.42,81.42,6.13,2.93,70.38
80.70,80.70,12.45,2.64,74.11
80.90,80.90,14.29,0.54,74.05
83.10,83.10,22.22,1.77,75.49
81.08,81.08,33.93,0.46,73.29
80.15,80.15,42.13,0.00,72.72
81.20,81.20,43.62,0.43,73.21
82.55,82.55,29.32,0.20,71.14
82.52,82.52,25.12,0.03,70.26
83.40,83.40,26.70,0.61,71.03
83.55,83.55,26.15,0.23,68.81
79.49,79.49,23.32,-0.00,67.63
76.97,76.97,18.82,0.16,68.82
73.68,73.68,16.12,0.00,69.03
75.46,75.46,13.53,-0.00,66.87
70.73,70.73,11.80,0.01,67.07
71.48,71.48,13.43,0.03,67.25
71.05,71.05,20.90,-0.00,67.79
76.41,76.41,22.23,-0.00,70.27
77.58,77.58,20.90,-0.00,69.98
79.82,79.82,21.24,-0.00,71.60
76.58,76.58,24.72,-0.00,69.99
76.24,76.24,31.66,-0.00,74.03
76.32,76.32,40.15,-0.00,74.51
78.81,78.81,42.17,0.00,72.13
79.49,79.49,42.56,0.06,71.60
81.98,81.98,49.20,0.06,71.18
82.43,82.43,47.47,0.02,73.66
81.67,81.67,48.05,0.21,71.74
82.69,82.69,47.60,1.05,70.57
81.76,81.76,37.97,0.89,71.01
78.69,78.69,27.10,0.02,69.24
78.96,78.96,35.51,0.01,72.36
74.96,74.96,23.44,0.01,71.35
73.49,73.49,25.98,0.09,70.76
75.50,75.50,32.56,0.36,69.59
81.25,81.25,51.25,0.22,70.73
81.78,81.78,50.62,0.16,69.59
82.49,82.49,32.08,0.08,68.94
82.13,82.13,41.06,0.22,69.23
78.83,78.83,39.69,0.06,69.40
75.80,75.80,45.69,0.01,77.05
76.12,76.12,39.69,0.09,79.91
76.65,76.65,40.77,1.19,69.79
81.90,81.90,39.02,4.77,69.70
79.81,79.81,35.95,10.07,70.02
76.23,76.23,36.01,13.14,67.71
72.03,72.03,37.34,24.32,66.28
71.07,71.07,36.52,23.91,64.08
76.58,76.58,34.90,18.10,66.13
79.69,79.69,33.65,17.04,67.87
78.46,78.46,34.98,17.01,67.21
75.10,75.10,39.43,15.18,66.06
76.81,76.81,38.36,10.68,65.73
78.53,78.53,32.73,9.14,61.07
79.28,79.28,23.57,13.48,60.23
77.28,77.28,26.81,15.09,61.46
78.29,78.29,30.23,8.11,62.82
77.33,77.33,40.86,11.76,62.94
79.16,79.16,36.88,16.49,60.75
78.50,78.50,32.78,6.87,57.61
75.84,75.84,37.31,11.00,60.57
71.50,71.50,40.09,13.86,60.06
70.31,70.31,41.14,6.90,59.90
68.57,68.57,47.85,9.85,64.53
71.62,71.62,44.73,13.14,68.25
69.83,69.83,35.47,9.80,63.99
76.59,76.59,35.52,13.43,64.08
77.91,77.91,36.92,16.56,62.60
75.17,75.17,40.79,17.28,62.09
73.29,73.29,43.42,23.10,61.65
71.33,71.33,45.39,28.71,62.02
67.87,67.87,43.54,29.19,62.36
67.32,67.32,38.51,24.76,63.59
69.62,69.62,32.92,18.95,62.16
69.74,69.74,33.99,6.21,60.21
78.96,78.96,41.50,2.13,62.99
78.49,78.49,39.18,0.12,64.88
77.99,77.99,24.59,-0.00,69.72
79.03,79.03,22.77,-0.00,65.67
76.15,76.15,15.57,-0.00,67.55
72.65,72.65,31.33,-0.00,69.53
80.67,80.67,46.47,0.01,70.15
83.89,83.89,40.54,0.01,71.06
83.15,83.15,43.28,0.00,73.70
82.14,82.14,41.44,-0.00,72.75
83.19,83.19,52.94,0.00,74.62
81.99,81.99,42.79,0.01,72.69
81.50,81.50,39.52,0.00,76.18
82.59,82.59,20.73,0.00,75.77
78.32,78.32,13.98,0.00,72.50
73.96,73.96,9.70,-0.00,72.83
78.52,78.52,17.49,-0.00,72.95
77.40,77.40,24.54,-0.00,71.49
83.63,83.63,12.97,-0.00,71.87
86.21,86.21,4.16,-0.00,72.95
85.23,85.23,5.30,-0.00,74.22
83.94,83.94,12.74,-0.00,72.77
85.00,85.00,20.48,-0.00,74.81
86.87,86.87,33.32,0.09,74.60
86.32,86.32,27.05,9.21,73.90
82.40,82.40,22.53,23.97,74.33
80.49,80.49,28.37,28.76,73.90
78.93,78.93,21.89,26.69,72.78
81.14,81.14,16.74,17.93,72.38
77.51,77.51,15.00,0.84,71.85
74.05,74.05,13.23,-0.00,72.28
73.44,73.44,12.71,-0.00,71.61
76.10,76.10,7.57,-0.00,72.24
77.95,77.95,14.39,-0.00,73.08
79.35,79.35,35.03,0.00,71.71
74.09,74.09,35.18,-0.00,71.91
74.49,74.49,27.65,-0.00,72.59
79.28,79.28,10.94,-0.00,72.23
79.69,79.69,7.84,-0.00,68.97
79.34,79.34,6.00,-0.00,70.42
78.49,78.49,7.83,-0.00,68.84
76.72,76.72,7.31,-0.00,67.48
77.80,77.80,5.65,-0.00,69.37
79.85,79.85,18.63,0.12,69.16
79.01,79.01,36.71,0.33,68.89
80.79,80.79,40.93,0.45,66.70
82.11,82.11,44.83,0.10,68.64
81.87,81.87,45.05,0.01,71.09
78.74,78.74,40.11,-0.00,72.19
78.68,78.68,34.84,-0.00,71.22
74.66,74.66,20.27,-0.00,71.69
70.84,70.84,12.37,-0.00,72.75
72.57,72.57,29.37,0.05,71.32
79.92,79.92,34.08,0.68,72.74
81.23,81.23,25.63,1.38,74.40
83.55,83.55,35.69,1.08,71.74
84.17,84.17,36.02,0.90,73.68
82.52,82.52,26.90,1.04,74.37
82.80,82.80,29.45,1.33,74.51
79.12,79.12,34.46,0.60,71.20
76.32,76.32,37.62,0.18,73.27
76.40,76.40,27.40,0.10,73.95
77.81,77.81,24.92,0.30,71.99
76.57,76.57,15.46,0.28,74.55
75.72,75.72,20.10,0.21,70.84
70.18,70.18,26.21,0.69,72.53
73.16,73.16,27.76,0.97,68.80
77.56,77.56,25.85,1.00,72.28
70.15,70.15,20.66,0.82,70.45
71.03,71.03,22.20,0.31,72.70
79.62,79.62,16.75,0.09,70.64
80.29,80.29,9.33,0.02,68.83
75.54,75.54,5.51,-0.00,75.32
76.69,76.69,7.44,0.76,74.28
77.73,77.73,10.80,3.47,72.83
79.43,79.43,17.25,3.98,73.26
78.16,78.16,29.68,5.24,71.71
77.89,77.89,24.05,3.06,71.29
82.66,82.66,23.20,3.02,74.10
82.62,82.62,27.54,5.16,72.54
83.71,83.71,33.96,4.52,72.25
83.97,83.97,43.36,1.19,70.19
79.09,79.09,36.14,0.69,72.41
77.23,77.23,37.81,2.59,72.23
76.35,76.35,35.09,0.81,74.00
78.02,78.02,28.41,0.03,73.49
81.27,81.27,26.88,0.02,74.32
74.06,74.06,30.09,-0.00,73.48
71.98,71.98,25.03,-0.00,75.22
70.13,70.13,18.29,-0.00,73.75
75.85,75.85,31.96,0.00,72.97
82.91,82.91,43.85,0.05,75.07
83.19,83.19,46.60,0.09,72.61
81.66,81.66,44.58,0.12,73.01
79.24,79.24,46.33,0.03,75.80
77.71,77.71,27.34,0.10,72.42
77.45,77.45,32.12,0.26,70.93
75.47,75.47,35.57,0.07,70.18
75.54,75.54,38.32,0.88,68.35
81.45,81.45,44.20,2.43,68.94
80.17,80.17,38.49,3.11,73.68
81.42,81.42,34.85,1.45,72.71
81.61,81.61,41.13,0.91,70.44
84.43,84.43,50.50,0.34,66.44
83.91,83.91,42.53,0.62,67.52
80.62,80.62,44.55,0.15,68.83
78.44,78.44,35.57,0.01,70.69
76.02,76.02,25.72,-0.00,67.11
73.29,73.29,30.93,-0.00,69.46
70.07,70.07,31.20,-0.00,69.41
73.46,73.46,28.58,-0.00,70.21
71.80,71.80,24.70,-0.00,71.40
79.87,79.87,44.94,0.01,73.95
81.91,81.91,33.71,0.01,74.25
80.50,80.50,26.12,0.18,73.33
82.31,82.31,50.66,0.03,71.38
82.37,82.37,47.07,0.04,73.27
80.11,80.11,49.82,-0.00,69.28
78.80,78.80,38.27,-0.00,72.42
81.52,81.52,13.79,-0.00,69.18
79.78,79.78,5.36,-0.00,72.17
76.54,76.54,6.82,-0.00,68.35
74.79,74.79,9.18,-0.00,69.71
74.21,74.21,8.22,-0.00,67.51
73.58,73.58,11.05,-0.00,67.96
75.03,75.03,13.12,-0.00,69.46
76.05,76.05,16.49,-0.00,68.75
77.83,77.83,29.01,-0.00,69.99
80.65,80.65,34.21,-0.00,72.59
80.46,80.46,28.85,-0.00,71.59
78.81,78.81,34.00,-0.00,71.27
76.12,76.12,47.57,-0.00,70.09
72.74,72.74,42.04,-0.00,74.63
74.79,74.79,42.90,-0.00,73.49
75.70,75.70,45.28,-0.00,73.51
76.12,76.12,53.93,0.00,73.21
74.43,74.43,44.66,0.16,73.15
76.63,76.63,46.50,1.53,72.24
75.22,75.22,52.30,1.09,70.65
77.05,77.05,42.97,0.03,67.50
80.43,80.43,33.88,0.01,68.60
79.14,79.14,27.31,0.00,70.50
80.40,80.40,16.96,-0.00,69.33
76.95,76.95,10.67,-0.00,71.84
75.76,75.76,15.30,0.60,69.46
76.73,76.73,15.08,0.95,69.66
75.40,75.40,9.22,2.80,66.53
74.35,74.35,7.00,4.72,66.74
76.16,76.16,1.67,6.34,66.94
74.94,74.94,10.16,1.72,64.81
78.03,78.03,32.89,0.18,67.03
81.63,81.63,30.68,0.40,73.10
81.01,81.01,7.96,0.10,74.06
79.71,79.71,1.89,0.02,63.42
80.87,80.87,10.47,0.15,60.06
80.66,80.66,24.70,2.85,60.40
79.34,79.34,28.82,10.42,62.02
80.70,80.70,30.24,14.39,61.14
78.72,78.72,32.02,15.70,59.53
76.99,76.99,36.11,14.82,58.24
77.11,77.11,35.33,13.37,58.07
77.14,77.14,29.09,6.88,58.14
76.09,76.09,40.17,0.88,59.17
79.75,79.75,39.86,0.01,65.90
80.19,80.19,37.47,0.00,61.46
79.82,79.82,26.04,0.12,56.97
79.04,79.04,25.53,0.95,58.72
77.74,77.74,29.51,2.43,56.90
77.75,77.75,34.16,6.75,57.88
77.28,77.28,37.72,11.72,53.92
77.02,77.02,38.08,6.88,52.34
79.55,79.55,39.85,4.02,55.55
81.46,81.46,32.92,7.61,55.50
78.43,78.43,41.28,8.26,56.16
78.55,78.55,43.94,1.35,63.63
79.84,79.84,40.61,0.91,61.78
81.13,81.13,35.74,0.23,58.82
81.86,81.86,39.06,2.60,60.57
80.24,80.24,40.66,4.38,59.38
77.71,77.71,43.39,5.77,57.43
77.57,77.57,44.25,6.24,59.48
72.86,72.86,46.23,2.35,57.33
72.80,72.80,46.17,5.40,58.10
71.78,71.78,41.40,5.29,58.83
75.75,75.75,34.97,2.04,61.87
79.49,79.49,34.91,0.49,62.21
79.06,79.06,39.70,0.10,62.33
79.94,79.94,28.85,0.01,67.76
79.98,79.98,24.45,-0.00,69.34
78.82,78.82,18.85,-0.00,68.71
75.74,75.74,20.43,-0.00,70.45
75.68,75.68,24.21,-0.00,71.04
82.07,82.07,43.52,0.01,73.74
84.53,84.53,30.88,0.01,70.85
82.57,82.57,18.55,0.00,73.39
82.59,82.59,17.66,-0.00,71.22
81.05,81.05,28.69,-0.00,72.66
81.76,81.76,41.47,-0.00,73.61
80.60,80.60,46.72,-0.00,77.04
77.15,77.15,39.31,-0.00,73.11
75.12,75.12,44.23,-0.00,73.97
80.54,80.54,29.29,-0.00,71.65
76.09,76.09,17.86,-0.00,72.93
74.27,74.27,16.14,-0.00,72.28
68.34,68.34,13.35,-0.00,72.31
73.47,73.47,16.47,-0.00,71.43
75.61,75.61,21.47,0.05,73.47
71.40,71.40,23.65,0.59,74.88
70.92,70.92,26.26,0.28,75.91
78.46,78.46,38.69,0.04,77.20
80.84,80.84,22.89,-0.00,72.95
79.01,79.01,17.01,-0.00,73.81
75.85,75.85,10.82,-0.00,72.53
72.48,72.48,7.31,-0.00,71.94
71.87,71.87,6.75,0.20,71.47
71.19,71.19,12.02,0.72,72.43
67.05,67.05,16.53,0.37,72.27
68.44,68.44,15.82,0.41,72.88
71.96,71.96,14.91,0.20,72.55
76.75,76.75,12.95,0.79,72.31
78.05,78.05,22.80,0.29,72.22
80.08,80.08,24.45,0.05,74.94
78.72,78.72,17.09,-0.00,71.35
79.10,79.10,26.37,-0.00,70.12
79.02,79.02,28.00,-0.00,70.50
78.88,78.88,26.66,-0.00,71.29
78.18,78.18,32.24,-0.00,69.70
77.40,77.40,35.45,-0.00,67.22
77.45,77.45,34.49,-0.00,66.71
80.29,80.29,20.92,0.00,69.21
79.71,79.71,7.42,0.03,68.57
78.64,78.64,24.73,0.03,64.63
78.84,78.84,27.62,-0.00,71.39
76.19,76.19,23.83,-0.00,73.36
76.05,76.05,14.97,-0.00,70.03
76.64,76.64,8.25,-0.00,71.51
77.20,77.20,16.68,-0.00,73.43
75.87,75.87,39.75,0.00,73.27
82.07,82.07,43.36,0.01,72.75
83.52,83.52,20.41,0.02,72.16
81.79,81.79,21.03,0.09,75.56
80.91,80.91,25.05,0.26,73.35
81.60,81.60,29.47,0.13,72.89
80.40,80.40,41.87,0.03,74.40
74.61,74.61,37.64,0.00,72.86
77.53,77.53,30.32,-0.00,71.73
77.29,77.29,13.45,-0.00,73.76
74.63,74.63,3.58,-0.00,72.99
76.36,76.36,1.45,-0.00,72.95
76.93,76.93,4.33,-0.00,73.21
73.07,73.07,12.43,-0.00,71.75
68.48,68.48,14.08,0.19,73.39
67.65,67.65,14.77,0.84,70.15
69.04,69.04,17.62,1.03,75.21
75.44,75.44,27.36,0.68,70.02
79.73,79.73,23.14,0.33,75.36
81.56,81.56,9.76,0.29,72.81
78.83,78.83,1.02,0.30,73.25
79.18,79.18,5.27,0.00,73.49
83.15,83.15,9.70,-0.00,73.06
80.74,80.74,19.71,-0.00,71.13
82.81,82.81,24.23,-0.00,70.50
80.54,80.54,28.67,-0.00,73.22
80.47,80.47,30.98,-0.00,72.56
80.85,80.85,29.23,-0.00,72.86
79.27,79.27,31.47,-0.00,72.19
76.74,76.74,30.59,0.02,70.48
79.36,79.36,39.39,0.26,70.53
75.62,75.62,27.46,0.05,67.31
76.12,76.12,6.63,-0.00,68.61
78.68,78.68,1.64,-0.00,73.28
78.42,78.42,0.80,-0.00,73.74
79.23,79.23,0.87,-0.00,71.07
80.32,80.32,0.69,-0.00,73.76
79.67,79.67,0.73,-0.00,70.67
80.52,80.52,3.12,-0.00,72.53
81.68,81.68,9.20,-0.00,72.27
78.29,78.29,18.97,-0.00,71.67
72.08,72.08,33.96,-0.00,69.59
72.56,72.56,30.78,-0.00,67.06
75.47,75.47,16.46,-0.00,70.08
71.22,71.22,5.81,-0.00,78.76
66.99,66.99,9.32,-0.00,72.63
67.66,67.66,20.12,-0.00,70.95
65.52,65.52,23.64,-0.00,69.90
64.89,64.89,23.80,-0.00,72.16
65.80,65.80,23.99,-0.00,73.49
63.85,63.85,21.96,-0.00,74.11
64.50,64.50,15.01,-0.00,69.68
68.46,68.46,22.46,-0.00,67.34
75.79,75.79,36.60,-0.00,69.04
77.84,77.84,33.85,-0.00,70.38
80.40,80.40,23.02,-0.00,68.35
76.90,76.90,20.64,-0.00,69.29
78.17,78.17,17.18,-0.00,71.28
77.47,77.47,11.04,-0.00,69.45
78.05,78.05,3.11,-0.00,71.80
76.34,76.34,6.71,0.19,72.16
76.00,76.00,9.03,0.78,75.38
75.39,75.39,11.67,0.27,73.62
75.54,75.54,21.75,-0.00,72.63
74.34,74.34,29.07,0.00,71.76
74.76,74.76,37.75,0.47,71.76
72.00,72.00,32.98,0.29,70.53
73.97,73.97,22.82,0.00,70.91
74.92,74.92,19.78,0.00,67.37
73.31,73.31,18.21,0.23,68.36
73.02,73.02,22.23,5.26,66.77
70.44,70.44,23.25,7.08,65.54
70.68,70.68,20.39,5.49,65.36
71.43,71.43,21.02,0.47,67.90
68.42,68.42,30.69,-0.00,70.01
67.60,67.60,35.27,-0.00,71.75
65.66,65.66,41.03,-0.00,70.11
68.55,68.55,34.09,-0.00,72.84
66.58,66.58,21.33,-0.00,72.17
66.65,66.65,10.65,-0.00,71.51
69.51,69.51,17.41,-0.00,72.87
69.06,69.06,24.11,-0.00,74.24
71.42,71.42,29.13,-0.00,73.75
72.35,72.35,20.33,0.00,71.72
74.69,74.69,23.65,0.03,72.93
75.29,75.29,32.33,0.58,72.90
75.73,75.73,41.05,2.35,71.72
77.62,77.62,46.04,0.11,72.42
76.79,76.79,53.20,0.06,71.02
76.76,76.76,55.49,0.04,72.47
75.61,75.61,56.89,0.08,71.42
75.95,75.95,57.90,1.61,71.31
74.74,74.74,56.30,4.05,73.03
74.56,74.56,55.90,1.82,70.47
74.06,74.06,56.85,1.79,71.09
74.13,74.13,56.01,2.25,67.50
72.41,72.41,53.97,3.48,69.14
70.24,70.24,51.89,3.00,67.77
69.29,69.29,50.48,0.04,68.48
67.69,67.69,48.67,0.06,72.95
68.51,68.51,48.11,0.38,79.81
66.60,66.60,45.91,0.25,77.69
65.71,65.71,48.31,0.31,63.41
64.49,64.49,47.48,2.47,61.45
64.40,64.40,47.71,10.81,60.36
64.69,64.69,47.77,17.74,62.77
64.74,64.74,47.16,21.45,59.48
66.60,66.60,39.75,10.24,59.46
69.79,69.79,41.71,15.96,61.55
75.93,75.93,45.70,15.30,60.78
77.58,77.58,42.20,4.32,56.50
81.07,81.07,40.09,0.01,57.61
81.66,81.66,34.48,-0.00,60.81
78.54,78.54,35.12,1.46,57.49
80.93,80.93,21.31,6.99,56.67
81.71,81.71,29.95,12.10,57.37
78.53,78.53,36.49,10.38,53.18
75.41,75.41,34.92,11.93,52.34
77.11,77.11,42.74,12.33,50.78
72.01,72.01,42.21,14.72,50.04
66.33,66.33,38.68,15.89,51.62
69.29,69.29,38.24,16.77,53.37
77.61,77.61,36.08,11.67,56.90
82.46,82.46,43.16,8.63,63.61
80.91,80.91,42.72,2.23,61.76
80.11,80.11,39.73,-0.00,57.37
81.46,81.46,35.53,-0.00,58.40
80.92,80.92,33.38,-0.00,55.45
80.61,80.61,34.28,-0.00,54.98
79.08,79.08,34.40,-0.00,52.75
80.19,80.19,37.85,0.36,52.10
78.96,78.96,42.38,2.52,56.79
78.56,78.56,43.95,4.83,54.44
81.17,81.17,39.31,2.32,57.27
80.26,80.26,43.40,0.10,57.91
79.87,79.87,41.49,-0.00,65.05
79.52,79.52,35.23,0.00,74.10
78.10,78.10,30.90,-0.00,73.06
79.02,79.02,29.02,-0.00,73.41
75.04,75.04,32.35,-0.00,73.56
70.02,70.02,33.33,-0.00,72.96
64.94,64.94,34.82,-0.00,73.27
63.84,63.84,30.31,-0.00,71.58
62.96,62.96,27.41,-0.00,72.90
61.60,61.60,21.36,0.10,74.62
68.19,68.19,29.90,0.91,73.30
83.12,83.12,39.95,1.31,75.15
80.31,80.31,33.13,0.82,76.21
81.09,81.09,25.52,0.31,74.31
81.28,81.28,24.54,0.16,75.59
79.95,79.95,30.43,0.08,73.69
76.65,76.65,36.58,0.22,74.73
81.53,81.53,38.58,0.42,73.09
83.22,83.22,45.04,0.26,72.55
80.30,80.30,44.91,0.36,73.66
80.83,80.83,35.08,0.99,75.56
80.85,80.85,44.08,1.05,77.80
76.35,76.35,49.31,0.17,75.73
72.90,72.90,38.75,-0.00,75.89
67.59,67.59,21.12,0.09,74.91
71.71,71.71,20.85,1.56,74.74
81.80,81.80,17.39,3.42,73.93
80.96,80.96,17.53,2.74,74.30
81.13,81.13,16.92,0.62,74.07
82.35,82.35,18.22,-0.00,73.65
79.49,79.49,20.98,-0.00,71.70
79.31,79.31,21.63,-0.00,71.56
81.11,81.11,29.63,-0.00,73.29
79.50,79.50,38.05,-0.00,72.91
76.34,76.34,35.26,-0.00,74.69
77.17,77.17,30.76,-0.00,76.14
77.46,77.46,21.08,-0.00,72.16
78.81,78.81,14.06,-0.00,74.00
73.81,73.81,12.67,-0.00,72.13
74.03,74.03,9.48,-0.00,72.48
70.65,70.65,8.66,-0.00,69.75
69.02,69.02,11.62,-0.00,70.23
66.22,66.22,14.14,-0.00,71.31
68.57,68.57,18.69,-0.00,69.10
67.85,67.85,25.35,-0.00,69.47
69.47,69.47,29.51,-0.00,68.39
69.11,69.11,34.07,-0.00,74.43
72.28,72.28,14.15,-0.00,73.81
79.42,79.42,7.94,-0.00,71.71
78.24,78.24,4.86,-0.00,73.79
80.77,80.77,7.81,-0.00,75.45
77.52,77.52,16.46,-0.00,72.28
81.51,81.51,14.75,-0.00,72.24
83.05,83.05,15.23,-0.00,72.83
82.31,82.31,18.40,0.01,73.76
82.84,82.84,29.91,0.07,71.92
81.72,81.72,33.93,0.11,73.71
79.07,79.07,35.45,0.25,73.85
77.64,77.64,35.59,0.66,74.37
78.53,78.53,27.16,0.66,72.22
79.46,79.46,18.47,0.07,75.57
79.74,79.74,28.07,-0.00,74.22
77.08,77.08,26.27,0.24,74.88
79.66,79.66,30.10,0.88,73.23
80.94,80.94,27.51,0.12,71.46
81.34,81.34,27.35,0.04,74.05
77.15,77.15,19.37,0.08,72.91
75.25,75.25,22.20,0.47,77.29
74.80,74.80,31.49,0.11,71.61
74.60,74.60,38.59,0.17,76.98
70.70,70.70,29.60,0.44,73.15
71.01,71.01,16.59,0.73,77.42
64.55,64.55,15.47,3.64,75.93
61.47,61.47,25.76,9.29,74.13
61.90,61.90,30.41,3.25,73.85
62.44,62.44,31.19,5.87,74.02
61.52,61.52,31.29,6.47,74.29
64.61,64.61,26.11,5.12,74.40
66.19,66.19,19.02,7.89,72.92
73.33,73.33,20.24,3.24,72.41
77.21,77.21,24.60,0.59,71.21
81.94,81.94,28.69,0.23,70.22
81.95,81.95,38.16,1.69,67.22
80.84,80.84,31.81,0.83,70.56
78.86,78.86,21.38,0.88,72.78
80.08,80.08,18.33,5.02,71.79
80.06,80.06,22.99,6.42,74.75
81.44,81.44,19.66,3.49,72.71
81.64,81.64,12.99,0.59,75.35
82.49,82.49,13.25,0.02,72.65
80.49,80.49,12.72,0.00,74.54
81.63,81.63,27.28,1.09,76.14
84.53,84.53,35.72,5.91,73.17
87.90,87.90,33.22,11.27,76.51
87.04,87.04,24.89,15.32,76.20
83.07,83.07,21.30,13.02,72.72
80.21,80.21,23.35,10.89,69.08
78.54,78.54,26.99,12.56,71.43
78.64,78.64,27.03,10.19,68.93
79.35,79.35,22.47,16.21,72.06
81.31,81.31,21.57,16.19,74.28
84.46,84.46,26.58,11.30,69.65
79.14,79.14,31.65,11.00,68.41
80.12,80.12,37.12,7.69,70.84
81.23,81.23,42.81,5.49,71.84
81.78,81.78,34.42,4.99,71.43
82.38,82.38,25.11,5.06,69.27
80.52,80.52,24.58,7.98,71.51
83.48,83.48,28.40,9.43,67.64
84.29,84.29,29.55,9.14,72.45
81.27,81.27,22.37,13.23,70.32
80.63,80.63,23.58,13.65,73.96
81.18,81.18,17.05,9.54,74.64
81.54,81.54,31.22,9.09,74.09
81.25,81.25,29.50,8.61,72.56
83.11,83.11,38.95,7.55,72.63
83.91,83.91,33.48,5.22,74.60
81.17,81.17,18.97,4.71,72.41
81.25,81.25,10.90,5.00,72.53
83.95,83.95,13.72,8.95,70.72
82.39,82.39,16.74,10.10,68.66
80.85,80.85,18.12,9.55,71.43
81.00,81.00,18.97,6.04,68.46
81.50,81.50,17.99,7.74,70.30
79.56,79.56,21.41,7.94,71.72
78.53,78.53,28.24,8.66,72.61
76.72,76.72,21.48,10.30,72.63
79.01,79.01,21.63,11.11,73.92
80.63,80.63,22.55,11.48,74.76
80.61,80.61,15.65,10.72,73.65
78.23,78.23,18.63,12.95,72.69
77.02,77.02,16.16,11.60,70.79
76.16,76.16,15.37,12.27,73.44
77.24,77.24,13.39,9.93,74.53
77.40,77.40,12.89,7.61,70.73
75.90,75.90,19.50,14.27,73.27
76.08,76.08,25.48,12.67,73.56
75.82,75.82,27.11,9.64,73.36
75.77,75.77,31.82,6.44,71.97
77.84,77.84,41.64,7.14,73.44
76.89,76.89,35.05,10.40,73.15
78.52,78.52,17.01,9.07,72.24
80.24,80.24,13.23,9.86,73.46
78.68,78.68,20.01,12.28,72.71
76.45,76.45,29.85,15.26,74.30
75.11,75.11,31.65,9.78,73.92
75.84,75.84,27.05,11.03,75.52
75.33,75.33,22.92,5.76,73.06
75.56,75.56,21.06,3.51,74.00
74.51,74.51,27.25,3.31,74.34
74.41,74.41,44.16,2.48,73.97
73.28,73.28,38.51,0.54,82.32
74.38,74.38,35.49,1.20,74.77
73.06,73.06,34.72,5.57,65.57
74.53,74.53,44.97,13.42,62.39
72.91,72.91,47.76,11.66,59.62
73.49,73.49,55.26,17.95,59.12
72.66,72.66,52.73,19.57,59.54
71.82,71.82,47.18,21.44,58.99
71.13,71.13,43.85,24.37,57.16
72.46,72.46,43.29,24.54,56.66
72.09,72.09,49.77,25.80,59.66
74.11,74.11,60.81,31.18,67.99
73.66,73.66,55.21,30.92,66.34
73.04,73.04,49.86,27.37,61.15
72.00,72.00,51.41,24.75,60.59
73.43,73.43,53.06,28.40,61.48
72.18,72.18,52.98,21.31,57.60
72.53,72.53,56.11,23.18,56.57
72.09,72.09,56.27,20.81,54.35
72.08,72.08,52.03,23.41,55.41
72.15,72.15,49.32,20.93,54.21
72.38,72.38,46.81,24.44,52.96
74.13,74.13,45.18,18.94,53.95
76.64,76.64,44.89,13.47,54.06
77.65,77.65,35.66,12.75,53.32
78.63,78.63,34.93,15.44,48.76
81.04,81.04,36.12,25.26,46.75
79.32,79.32,35.55,24.79,48.34
79.71,79.71,38.18,27.47,49.71
78.58,78.58,39.74,28.85,50.65
80.39,80.39,37.88,25.84,50.38
77.65,77.65,37.83,20.16,49.90
81.76,81.76,34.42,18.99,51.71
79.89,79.89,36.51,16.17,53.54
81.58,81.58,42.35,21.47,61.17
84.32,84.32,33.38,19.05,70.96
82.85,82.85,26.47,12.00,76.25
80.87,80.87,9.43,7.70,74.61
80.08,80.08,12.02,5.09,72.33
79.52,79.52,7.74,10.55,73.05
77.91,77.91,7.05,13.98,73.32
77.22,77.22,5.71,16.95,73.83
80.49,80.49,7.05,18.15,73.55
74.87,74.87,14.17,13.34,74.65
79.15,79.15,26.21,15.66,73.44
78.29,78.29,38.56,14.39,74.30
80.79,80.79,41.88,21.01,73.61
80.07,80.07,25.76,15.39,75.73
81.94,81.94,16.00,21.26,74.85
81.67,81.67,18.73,19.12,73.56
80.69,80.69,18.28,22.35,74.43
78.76,78.76,17.02,24.63,74.59
81.12,81.12,13.17,17.53,75.10
80.92,80.92,8.34,21.86,73.85
80.39,80.39,6.89,8.97,73.81
79.10,79.10,15.31,20.20,76.64
79.66,79.66,21.48,14.08,77.00
78.30,78.30,33.28,15.17,75.29
81.26,81.26,29.95,16.76,78.37
80.69,80.69,20.02,17.76,75.63
75.49,75.49,19.49,12.71,74.59
76.94,76.94,18.85,13.33,74.11
74.83,74.83,19.71,16.24,73.46
74.25,74.25,19.03,24.98,72.49
74.99,74.99,17.96,15.60,73.42
76.37,76.37,13.95,15.45,72.26
74.29,74.29,12.45,10.88,72.81
75.83,75.83,18.40,9.91,73.44
72.98,72.98,28.24,12.44,74.29
75.48,75.48,37.11,7.78,73.95
78.21,78.21,31.43,18.84,74.56
76.82,76.82,26.65,13.51,73.39
76.05,76.05,19.12,19.38,73.47
72.60,72.60,12.06,21.45,73.37
72.89,72.89,10.28,23.20,74.04
74.11,74.11,9.54,17.84,69.70
70.15,70.15,12.16,16.44,71.37
70.16,70.16,15.85,20.89,69.96
70.17,70.17,19.45,24.55,71.37
74.12,74.12,23.62,27.97,68.95
74.34,74.34,32.92,25.35,69.77
79.05,79.05,43.31,19.59,72.94
78.30,78.30,36.49,10.55,74.52
77.57,77.57,27.87,4.11,72.83
74.69,74.69,32.09,5.77,74.61
75.10,75.10,36.25,7.06,74.15
77.72,77.72,31.63,17.92,73.04
77.26,77.26,28.12,11.06,71.83
77.19,77.19,35.27,9.06,74.65
75.28,75.28,37.70,7.11,72.56
73.82,73.82,39.16,11.94,72.97
71.86,71.86,41.35,10.03,73.62
73.71,73.71,46.65,12.52,73.84
74.96,74.96,46.11,12.78,73.75
72.56,72.56,42.09,17.21,72.81
72.50,72.50,44.66,11.73,75.87
74.73,74.73,45.31,17.42,72.23
71.84,71.84,47.75,16.73,74.01
70.11,70.11,51.24,20.10,71.87
67.83,67.83,52.68,17.15,72.46
70.88,70.88,51.25,13.10,72.26
71.25,71.25,50.76,16.29,74.82
73.83,73.83,51.66,10.16,75.73
73.95,73.95,49.16,9.38,71.68
72.50,72.50,53.24,7.64,76.41
73.18,73.18,51.20,13.70,74.64
73.72,73.72,42.09,16.45,77.93
71.71,71.71,37.59,13.86,74.18
73.12,73.12,39.32,19.48,73.85
72.51,72.51,42.84,20.08,75.36
69.74,69.74,31.64,29.81,74.38
68.79,68.79,32.02,24.88,75.25
69.87,69.87,29.69,9.66,73.70
68.76,68.76,27.69,6.06,73.06
71.52,71.52,26.27,11.82,71.04
73.94,73.94,40.42,14.34,73.44
77.62,77.62,40.67,19.22,73.11
81.09,81.09,20.71,18.96,69.02
79.50,79.50,23.52,12.26,71.22
80.22,80.22,25.01,5.08,76.71
80.79,80.79,18.84,3.46,76.66
80.42,80.42,21.47,6.90,74.08
81.45,81.45,22.55,16.10,76.66
82.02,82.02,16.49,23.31,71.63
79.96,79.96,19.12,28.12,75.00
80.26,80.26,22.22,31.69,75.29
77.87,77.87,29.31,34.72,71.30
79.24,79.24,41.97,36.80,72.80
80.26,80.26,30.80,34.40,71.01
77.57,77.57,33.45,30.10,65.90
81.64,81.64,35.70,31.22,61.38
81.86,81.86,37.44,26.71,57.48
80.34,80.34,35.15,27.64,56.92
81.56,81.56,36.34,27.05,57.41
81.41,81.41,26.96,23.46,56.21
79.48,79.48,34.20,28.52,53.95
78.51,78.51,36.46,25.71,54.35
80.83,80.83,35.87,30.13,56.89
79.61,79.61,43.64,35.98,58.16
79.72,79.72,52.64,40.88,69.32
77.85,77.85,53.22,36.88,61.74
81.13,81.13,42.80,37.87,56.66
82.20,82.20,41.29,32.59,56.79
80.12,80.12,35.86,29.61,55.29
78.32,78.32,36.35,34.90,54.88
80.14,80.14,37.49,35.79,54.67
81.68,81.68,30.63,30.93,53.69
81.97,81.97,32.67,19.75,54.09
82.89,82.89,33.75,23.51,55.17
79.96,79.96,39.47,26.90,56.44
79.60,79.60,50.26,34.45,62.43
82.15,82.15,53.29,39.23,70.23
81.37,81.37,45.11,38.66,61.31
80.17,80.17,40.34,31.41,58.70
80.45,80.45,35.00,27.49,58.51
80.16,80.16,35.53,31.84,57.75
79.56,79.56,34.98,31.50,56.86
76.68,76.68,34.23,26.04,56.24
79.94,79.94,36.22,30.89,54.92
76.69,76.69,36.33,27.97,56.65
76.23,76.23,35.80,22.33,56.68
72.75,72.75,41.16,26.57,57.46
76.07,76.07,50.36,26.64,62.09
76.88,76.88,43.18,28.79,60.59
74.45,74.45,38.67,31.62,58.51
73.05,73.05,35.51,26.49,59.62
77.03,77.03,38.45,35.46,56.25
75.89,75.89,38.64,27.57,56.65
79.34,79.34,38.60,29.23,55.51
78.54,78.54,36.38,26.02,54.72
76.77,76.77,37.01,27.62,52.96
73.35,73.35,34.44,25.61,54.20
72.86,72.86,39.89,30.89,54.53
73.28,73.28,37.48,24.14,52.18
74.35,74.35,34.46,26.14,54.86
73.39,73.39,36.13,30.06,55.00
71.57,71.57,40.54,29.59,58.40
70.60,70.60,40.30,28.89,57.35
71.15,71.15,39.04,26.03,56.40
71.87,71.87,42.42,25.88,55.08
68.34,68.34,43.57,24.34,55.78
65.59,65.59,42.44,28.60,54.61
67.91,67.91,41.07,24.99,53.65
70.46,70.46,38.97,22.34,55.32
73.74,73.74,33.51,20.64,52.66
69.06,69.06,34.23,23.98,53.76
70.21,70.21,36.22,24.29,53.34
68.92,68.92,39.47,24.07,54.52
67.70,67.70,41.77,22.49,53.89
67.89,67.89,45.57,28.71,58.42
68.91,68.91,43.55,25.51,55.15
69.58,69.58,40.59,26.97,54.43
72.49,72.49,41.27,24.17,53.92
72.58,72.58,39.03,25.04,52.25
67.48,67.48,36.04,21.98,50.57
67.64,67.64,35.53,17.40,51.42
66.44,66.44,34.10,21.64,49.17
64.49,64.49,33.96,22.98,49.00
63.96,63.96,33.41,22.97,47.85
61.60,61.60,35.37,24.66,48.16
65.09,65.09,37.19,24.15,48.16
64.93,64.93,36.72,20.79,46.79
60.21,60.21,36.71,22.45,47.74
62.82,62.82,35.60,21.99,48.03
67.05,67.05,35.50,21.63,48.31
63.64,63.64,34.64,20.43,48.50
66.51,66.51,38.06,22.00,52.87
61.82,61.82,44.45,26.01,55.33
59.57,59.57,42.11,24.90,50.77
62.03,62.03,39.60,21.41,49.83
62.62,62.62,36.89,22.16,48.14
63.11,63.11,35.91,18.84,48.74
65.99,65.99,32.82,14.29,46.38
67.58,67.58,32.29,12.17,46.59
63.97,63.97,32.58,16.43,44.06
60.93,60.93,33.38,18.73,43.06
64.74,64.74,35.17,20.74,42.81
65.68,65.68,35.23,19.74,40.10
62.95,62.95,37.14,23.49,40.84
59.76,59.76,34.41,23.86,39.70
63.10,63.10,36.03,22.83,41.78
59.60,59.60,37.46,22.27,40.76
57.78,57.78,37.69,21.12,41.44
58.36,58.36,37.87,19.61,42.08
58.65,58.65,44.10,19.26,48.60
61.47,61.47,41.77,19.40,44.35
60.67,60.67,41.11,18.71,41.34
57.31,57.31,42.72,20.93,39.91
56.40,56.40,41.12,17.37,37.85
56.78,56.78,39.70,17.93,37.83
52.16,52.16,37.97,15.71,37.42
54.30,54.30,36.43,15.46,37.76
54.87,54.87,37.23,15.97,37.28
55.10,55.10,37.06,14.42,37.11
56.67,56.67,36.37,15.55,36.24
55.79,55.79,37.31,19.41,34.87
51.53,51.53,39.12,20.77,35.31
51.47,51.47,40.01,20.12,35.90
52.05,52.05,40.88,18.51,36.26
55.26,55.26,42.04,20.64,37.08
54.84,54.84,41.89,21.09,37.38
51.28,51.28,43.67,21.71,40.36
54.07,54.07,42.71,21.88,37.77
52.22,52.22,42.63,20.04,37.23
51.69,51.69,43.67,20.70,33.58
51.20,51.20,44.74,19.38,34.30
50.33,50.33,43.33,17.25,31.90
51.25,51.25,41.24,16.33,32.16
47.52,47.52,40.45,16.45,32.56
50.39,50.39,41.89,17.27,35.87
53.12,53.12,41.98,16.47,37.91
52.37,52.37,41.33,16.38,36.10
48.59,48.59,39.47,16.53,30.34
44.77,44.77,38.32,17.50,30.25
43.71,43.71,37.13,18.39,32.08
46.44,46.44,39.84,15.87,33.69
48.17,48.17,41.22,13.49,31.80
44.19,44.19,38.95,16.57,29.06
42.39,42.39,40.47,17.88,29.02
44.85,44.85,42.47,18.02,30.93
46.06,46.06,40.56,16.07,31.53
43.47,43.47,40.79,13.70,26.41
46.75,46.75,43.38,13.38,30.02
46.96,46.96,42.72,8.85,30.18
42.88,42.88,39.93,4.09,30.52
43.22,43.22,40.14,4.68,33.56
46.91,46.91,41.74,8.86,36.07
44.26,44.26,39.01,11.51,34.20
37.80,37.80,37.02,13.66,28.98
38.46,38.46,37.35,14.12,28.49
40.37,40.37,37.20,14.75,25.95
36.94,36.94,34.99,14.72,27.26
37.34,37.34,37.92,13.59,28.75
36.07,36.07,35.83,11.78,25.03
34.44,34.44,35.53,10.55,23.52
34.70,34.70,35.68,10.37,26.70
37.40,37.40,37.06,9.47,29.72
35.33,35.33,34.02,9.27,27.52
34.73,34.73,35.22,8.89,27.13
39.15,39.15,39.06,9.62,31.52
34.97,34.97,39.08,7.30,27.32
35.52,35.52,37.53,6.09,24.67
37.98,37.98,37.52,5.65,27.12
34.42,34.42,35.75,4.38,23.71
32.54,32.54,33.42,2.66,27.64
31.13,31.13,32.71,2.63,25.95
28.91,28.91,32.85,5.75,23.25
31.06,31.06,34.12,9.58,20.13
32.69,32.69,32.77,11.22,25.12
33.47,33.47,29.65,10.25,29.34
34.83,34.83,34.52,7.58,30.11
31.32,31.32,33.89,6.69,25.15
29.34,29.34,32.63,6.33,24.04
33.64,33.64,33.49,5.74,30.04
36.57,36.57,35.20,6.32,32.96
37.06,37.06,36.39,6.23,33.07
32.36,32.36,35.22,5.47,25.76
27.84,27.84,34.70,3.75,19.19
29.89,29.89,34.15,2.71,19.76
26.90,26.90,29.66,2.72,15.96
25.08,25.08,29.01,3.62,20.02
24.73,24.73,28.85,4.19,20.58
24.19,24.19,29.47,3.39,22.97
23.97,23.97,29.37,2.27,16.13
28.96,28.96,31.20,2.69,22.28
30.30,30.30,31.39,3.46,24.69
26.88,26.88,26.52,4.03,21.34
24.75,24.75,27.64,3.74,16.63
25.05,25.05,30.15,2.45,16.81
23.80,23.80,26.88,4.02,16.53
24.26,24.26,24.29,5.74,18.76
24.25,24.25,26.43,5.23,15.78
24.77,24.77,27.33,4.45,17.16
25.99,25.99,28.02,3.39,20.87
24.09,24.09,26.23,1.82,20.99
21.98,21.98,24.44,0.51,18.59
26.07,26.07,29.34,0.69,21.43
26.76,26.76,29.50,1.05,21.21
21.11,21.11,27.30,0.63,12.49
20.44,20.44,26.94,1.08,17.18
25.70,25.70,29.70,1.80,23.90
27.16,27.16,29.76,1.76,24.01
23.67,23.67,26.40,0.54,18.62
14.61,14.61,18.33,0.03,12.66
14.21,14.21,18.77,0.10,9.64
17.47,17.47,21.45,0.18,13.04
15.53,15.53,19.25,0.10,13.80
10.27,10.27,13.45,0.29,11.89
13.91,13.91,16.32,0.74,11.65
15.55,15.55,15.81,1.17,12.20
15.67,15.67,17.36,1.14,12.78
12.43,12.43,18.96,1.08,12.00
19.48,19.48,24.71,0.68,16.75
21.05,21.05,24.68,0.28,15.21
16.20,16.20,20.10,0.05,6.38
15.93,15.93,19.86,-0.00,12.93
18.01,18.01,19.86,0.02,16.69
16.48,16.48,15.87,0.00,15.72
10.54,10.54,12.09,0.06,9.91
10.19,10.19,12.28,0.11,4.52
10.08,10.08,10.85,0.03,4.48
7.10,7.10,10.27,-0.00,5.28
8.53,8.53,9.66,-0.00,8.64
12.63,12.63,13.13,-0.00,11.33
15.19,15.19,16.51,-0.00,12.29
8.93,8.93,9.94,-0.00,5.87
6.33,6.33,7.66,-0.00,2.57
9.31,9.31,10.55,-0.00,5.91
12.21,12.21,14.73,-0.00,8.29
14.37,14.37,17.75,-0.00,9.81
11.80,11.80,15.90,-0.00,6.41
8.17,8.17,11.10,-0.00,0.27
6.36,6.36,6.18,-0.00,0.28
3.50,3.50,3.61,-0.00,0.48
3.92,3.92,5.61,-0.00,2.82
5.35,5.35,7.80,-0.00,2.74
6.77,6.77,9.19,-0.00,0.19
9.27,9.27,11.13,-0.00,2.66
10.37,10.37,10.84,-0.00,6.57
10.45,10.45,9.29,-0.00,8.18
9.85,9.85,10.92,-0.00,6.99
4.52,4.52,7.65,-0.00,0.96
4.95,4.95,6.14,-0.00,1.67
8.41,8.41,7.91,-0.00,5.61
10.38,10.38,9.70,-0.00,7.48
10.01,10.01,9.71,-0.00,7.11
5.05,5.05,4.91,-0.00,2.72
1.57,1.57,1.97,-0.00,0.02
1.63,1.63,1.52,-0.00,0.01
1.54,1.54,0.82,-0.00,0.08
2.13,2.13,2.83,-0.00,0.76
2.84,2.84,3.95,-0.00,0.68
2.45,2.45,3.67,-0.00,0.09
2.47,2.47,3.59,-0.00,-0.00
3.40,3.40,3.90,-0.00,-0.00
3.20,3.20,2.70,-0.00,0.01
1.76,1.76,0.85,-0.00,-0.00
1.54,1.54,0.72,-0.00,-0.00
1.54,1.54,0.69,-0.00,-0.00
1.54,1.54,0.69,-0.00,-0.00
1.54,1.54,0.69,-0.00,-0.00
1.54,1.54,0.69,-0.00,-0.00
1.54,1.54,0.69,-0.00,-0.00
1.54,1.54,0.69,-0.00,-0.00
1.54,1.54,0.69,-0.00,-0.00
1.54,1.54,0.69,-0.00,-0.00
1.54,1.54,0.69,-0.00,-0.00
1.54,1.54,0.69,-0.00,-0.00
1.54,1.54,0.69,-0.00,-0.00
1.54,1.54,0.69,-0.00,-0.00
1.54,1.54,0.69,-0.00,-0.00
1.54,1.54,0.69,-0.00,-0.00
1.54,1.54,0.69,-0.00,-0.00
1.54,1.54,0.69,-0.00,-0.00
1.54,1.54,0.69,-0.00,-0.00
1.54,1.54,0.69,-0.00,-0.00
1.54,1.54,0.69,-0.00,-0.00
1.54,1.54,0.69,-0.00,-0.00
1.54,1.54,0.69,-0.00,-0.00
1.54,1.54,0.69,-0.00,-0.00
1.54,1.54,0.69,-0.00,-0.00
1.54,1.54,0.71,-0.00,-0.00
1.54,1.54,0.87,-0.00,-0.00
1.54,1.54,0.72,-0.00,-0.00
1.54,1.54,0.69,-0.00,-0.00
1.54,1.54,0.69,-0.00,-0.00
1.54,1.54,0.69,-0.00,-0.00
1.54,1.54,0.69,-0.00,-0.00
1.54,1.54,0.69,-0.00,-0.00
1.54,1.54,0.69,-0.00,-0.00
1.54,1.54,0.69,-0.00,-0.00
1.54,1.54,0.69,-0.00,-0.00
1.54,1.54,0.69,-0.00,-0.00
1.54,1.54,0.69,-0.00,-0.00
1.54,1.54,0.69,-0.00,-0.00
1.54,1.54,0.69,-0.00,-0.00
1.54,1.54,0.69,-0.00,-0.00
1.54,1.54,0.69,-0.00,-0.00
1.54,1.54,0.69,-0.00,-0.00
1.54,1.54,0.69,-0.00,-0.00
1.54,1.54,0.69,-0.00,-0.00
1.54,1.54,0.69,-0.00,-0.00
1.54,1.54,0.69,-0.00,-0.00
1.54,1.54,0.70,-0.00,-0.00
1.57,1.57,1.39,-0.00,-0.00
1.61,1.61,1.70,-0.00,-0.00
1.73,1.73,2.13,-0.00,-0.00
1.60,1.60,1.78,-0.00,-0.00
1.54,1.54,0.80,-0.00,-0.00
1.54,1.54,0.69,-0.00,-0.00
1.54,1.54,0.69,-0.00,-0.00
1.54,1.54,0.69,-0.00,-0.00
1.54,1.54,0.69,-0.00,-0.00
1.54,1.54,0.69,-0.00,-0.00
1.54,1.54,0.69,-0.00,-0.00
1.54,1.54,0.69,-0.00,-0.00
